0.4,-5.33255e-07,-1.8,-7.28682e-17,-1.8,-0.4
0.4,-5.33255e-07,-1.8,-7.28682e-17,-1.8,-0.4
0.4,-5.33255e-07,-1.8,-7.28682e-17,-1.8,-0.4
0.4,-5.33255e-07,-1.8,-7.28682e-17,-1.8,-0.4
0.4,-5.33255e-07,-1.8,-7.28682e-17,-1.8,-0.4
0.4,-5.33255e-07,-1.8,-7.28682e-17,-1.8,-0.4
0.4,-5.33255e-07,-1.8,-7.28682e-17,-1.8,-0.4
0.4,-5.33255e-07,-1.8,-7.28682e-17,-1.8,-0.4
0.4,-5.33255e-07,-1.8,-7.28682e-17,-1.8,-0.4
0.4,-5.33255e-07,-1.8,-7.28682e-17,-1.8,-0.4
0.4,-5.33255e-07,-1.8,-7.28682e-17,-1.8,-0.4
0.4,-5.33255e-07,-1.8,-7.28682e-17,-1.8,-0.4
0.4,-5.33255e-07,-1.8,-7.28682e-17,-1.8,-0.4
0.4,-5.33255e-07,-1.8,-7.28682e-17,-1.8,-0.4
0.4,-5.33255e-07,-1.8,-7.28682e-17,-1.8,-0.4
0.4,-5.33255e-07,-1.8,-7.28682e-17,-1.8,-0.4
0.4,-5.33255e-07,-1.8,-7.28682e-17,-1.8,-0.4
0.4,-5.33255e-07,-1.8,-7.28682e-17,-1.8,-0.4
0.4,-5.33255e-07,-1.8,-7.28682e-17,-1.8,-0.4
0.4,-5.33255e-07,-1.8,-7.28682e-17,-1.8,-0.4
0.4,-5.33255e-07,-1.8,-7.28682e-17,-1.8,-0.4
0.4,-5.33255e-07,-1.8,-7.28682e-17,-1.8,-0.4
0.4,-5.33255e-07,-1.8,-7.28682e-17,-1.8,-0.4
0.4,-5.33255e-07,-1.8,-7.28682e-17,-1.8,-0.4
0.4,-5.33255e-07,-1.8,-7.28682e-17,-1.8,-0.4
0.4,-5.33255e-07,-1.8,-7.28682e-17,-1.8,-0.4
0.4,-5.33255e-07,-1.8,-7.28682e-17,-1.8,-0.4
0.4,-5.33255e-07,-1.8,-7.28682e-17,-1.8,-0.4
0.4,-5.33255e-07,-1.8,-7.28682e-17,-1.8,-0.4
0.4,-5.33255e-07,-1.8,-7.28682e-17,-1.8,-0.4
0.4,-5.33255e-07,-1.8,-7.28682e-17,-1.8,-0.4
0.4,-5.33255e-07,-1.8,-7.28682e-17,-1.8,-0.4
0.4,-5.33255e-07,-1.8,-7.28682e-17,-1.8,-0.4
0.4,-5.33255e-07,-1.8,-7.28682e-17,-1.8,-0.4
0.4,-5.33255e-07,-1.8,-7.28682e-17,-1.8,-0.4
0.4,-5.33255e-07,-1.8,-7.28682e-17,-1.8,-0.4
0.4,-5.33255e-07,-1.8,-7.28682e-17,-1.8,-0.4
0.4,-5.33255e-07,-1.8,-7.28682e-17,-1.8,-0.4
0.4,-5.33255e-07,-1.8,-7.28682e-17,-1.8,-0.4
0.4,-5.33255e-07,-1.8,-7.28682e-17,-1.8,-0.4
0.4,-5.33255e-07,-1.8,-7.28682e-17,-1.8,-0.4
0.4,-5.33255e-07,-1.8,-7.28682e-17,-1.8,-0.4
0.4,-5.33255e-07,-1.8,-7.28682e-17,-1.8,-0.4
0.4,-5.33255e-07,-1.8,-7.28682e-17,-1.8,-0.4
0.4,-5.33255e-07,-1.8,-7.28682e-17,-1.8,-0.4
0.4,-5.33255e-07,-1.8,-7.28682e-17,-1.8,-0.4
0.4,-5.33255e-07,-1.8,-7.28682e-17,-1.8,-0.4
0.4,-5.33255e-07,-1.8,-7.28682e-17,-1.8,-0.4
0.4,-5.33255e-07,-1.8,-7.28682e-17,-1.8,-0.4
0.4,-5.33255e-07,-1.8,-7.28682e-17,-1.8,-0.4
0.4,-5.33255e-07,-1.8,-7.28682e-17,-1.8,-0.4
0.4,-5.33255e-07,-1.8,-7.28682e-17,-1.8,-0.4
0.4,-5.33255e-07,-1.8,-7.28682e-17,-1.8,-0.4
0.4,-5.33255e-07,-1.8,-7.28682e-17,-1.8,-0.4
0.4,-5.33255e-07,-1.8,-7.28682e-17,-1.8,-0.4
0.4,-5.33255e-07,-1.8,-7.28682e-17,-1.8,-0.4
0.4,-5.33255e-07,-1.8,-7.28682e-17,-1.8,-0.4
0.4,-5.33255e-07,-1.8,-7.28682e-17,-1.8,-0.4
0.4,-5.33255e-07,-1.8,-7.28682e-17,-1.8,-0.4
0.4,-5.33255e-07,-1.8,-7.28682e-17,-1.8,-0.4
0.4,-5.33255e-07,-1.8,-7.28682e-17,-1.8,-0.4
0.4,-5.33255e-07,-1.8,-7.28682e-17,-1.8,-0.4
0.4,-5.33255e-07,-1.8,-7.28682e-17,-1.8,-0.4
0.4,-5.33255e-07,-1.8,-7.28682e-17,-1.8,-0.4
0.4,-5.33255e-07,-1.8,-7.28682e-17,-1.8,-0.4
0.4,-5.33255e-07,-1.8,-7.28682e-17,-1.8,-0.4
0.4,-5.33255e-07,-1.8,-7.28682e-17,-1.8,-0.4
0.4,-5.33255e-07,-1.8,-7.28682e-17,-1.8,-0.4
0.4,-5.33255e-07,-1.8,-7.28682e-17,-1.8,-0.4
0.4,-5.33255e-07,-1.8,-7.28682e-17,-1.8,-0.4
0.4,-5.33255e-07,-1.8,-7.28682e-17,-1.8,-0.4
0.4,-5.33255e-07,-1.8,-7.28682e-17,-1.8,-0.4
0.4,-5.33255e-07,-1.8,-7.28682e-17,-1.8,-0.4
0.4,-5.33255e-07,-1.8,-7.28682e-17,-1.8,-0.4
0.4,-5.33255e-07,-1.8,-7.28682e-17,-1.8,-0.4
0.4,-5.33255e-07,-1.8,-7.28682e-17,-1.8,-0.4
0.4,-5.33255e-07,-1.8,-7.28682e-17,-1.8,-0.4
0.4,-5.33255e-07,-1.8,-7.28682e-17,-1.8,-0.4
0.4,-5.33255e-07,-1.8,-7.28682e-17,-1.8,-0.4
0.4,-5.33255e-07,-1.8,-7.28682e-17,-1.8,-0.4
0.4,-5.33255e-07,-1.8,-7.28682e-17,-1.8,-0.4
0.4,-5.33255e-07,-1.8,-7.28682e-17,-1.8,-0.4
0.4,-5.33255e-07,-1.8,-7.28682e-17,-1.8,-0.4
0.4,-5.33255e-07,-1.8,-7.28682e-17,-1.8,-0.4
0.4,-5.33255e-07,-1.8,-7.28682e-17,-1.8,-0.4
0.4,-5.33255e-07,-1.8,-7.28682e-17,-1.8,-0.4
0.4,-5.33255e-07,-1.8,-7.28682e-17,-1.8,-0.4
0.4,-5.33255e-07,-1.8,-7.28682e-17,-1.8,-0.4
0.4,-5.33255e-07,-1.8,-7.28682e-17,-1.8,-0.4
0.4,-5.33255e-07,-1.8,-7.28682e-17,-1.8,-0.4
0.4,-5.33255e-07,-1.8,-7.28682e-17,-1.8,-0.4
0.4,-5.33255e-07,-1.8,-7.28682e-17,-1.8,-0.4
0.4,-5.33255e-07,-1.8,-7.28682e-17,-1.8,-0.4
0.4,-5.33255e-07,-1.8,-7.28682e-17,-1.8,-0.4
0.4,-5.33255e-07,-1.8,-7.28682e-17,-1.8,-0.4
0.4,-5.33255e-07,-1.8,-7.28682e-17,-1.8,-0.4
0.4,-5.33255e-07,-1.8,-7.28682e-17,-1.8,-0.4
0.4,-5.33255e-07,-1.8,-7.28682e-17,-1.8,-0.4
0.4,-5.33255e-07,-1.8,-7.28682e-17,-1.8,-0.4
0.4,-5.33255e-07,-1.8,-7.28682e-17,-1.8,-0.4
0.4,-5.33255e-07,-1.8,-7.28682e-17,-1.8,-0.4
0.4,-5.33255e-07,-1.8,-7.28682e-17,-1.8,-0.4
0.4,-5.33255e-07,-1.8,-7.28682e-17,-1.8,-0.4
0.4,-5.33255e-07,-1.8,-7.28682e-17,-1.8,-0.4
0.4,-5.33255e-07,-1.8,-7.28682e-17,-1.8,-0.4
0.4,-5.33255e-07,-1.8,-7.28682e-17,-1.8,-0.4
0.4,-5.33255e-07,-1.8,-7.28682e-17,-1.8,-0.4
0.4,-5.33255e-07,-1.8,-7.28682e-17,-1.8,-0.4
0.4,-5.33255e-07,-1.8,-7.28682e-17,-1.8,-0.4
0.4,-5.33255e-07,-1.8,-7.28682e-17,-1.8,-0.4
0.4,-5.33255e-07,-1.8,-7.28682e-17,-1.8,-0.4
0.4,-5.33255e-07,-1.8,-7.28682e-17,-1.8,-0.4
0.4,-5.33255e-07,-1.8,-7.28682e-17,-1.8,-0.4
0.4,-5.33255e-07,-1.8,-7.28682e-17,-1.8,-0.4
0.4,-5.33255e-07,-1.8,-7.28682e-17,-1.8,-0.4
0.4,-5.33255e-07,-1.8,-7.28682e-17,-1.8,-0.4
0.4,-5.33255e-07,-1.8,-7.28682e-17,-1.8,-0.4
0.4,-5.33255e-07,-1.8,-7.28682e-17,-1.8,-0.4
0.4,-5.33255e-07,-1.8,-7.28682e-17,-1.8,-0.4
0.4,-5.33255e-07,-1.8,-7.28682e-17,-1.8,-0.4
0.4,-5.33255e-07,-1.8,-7.28682e-17,-1.8,-0.4
0.4,-5.33255e-07,-1.8,-7.28682e-17,-1.8,-0.4
0.4,-5.33255e-07,-1.8,-7.28682e-17,-1.8,-0.4
0.4,-5.33255e-07,-1.8,-7.28682e-17,-1.8,-0.4
0.4,-5.33255e-07,-1.8,-7.28682e-17,-1.8,-0.4
0.4,-5.33255e-07,-1.8,-7.28682e-17,-1.8,-0.4
0.4,-5.33255e-07,-1.8,-7.28682e-17,-1.8,-0.4
0.4,-5.33255e-07,-1.8,-7.28682e-17,-1.8,-0.4
0.4,-5.33255e-07,-1.8,-7.28682e-17,-1.8,-0.4
0.4,-5.33255e-07,-1.8,-7.28682e-17,-1.8,-0.4
0.4,-5.33255e-07,-1.8,-7.28682e-17,-1.8,-0.4
0.4,-5.33255e-07,-1.8,-7.28682e-17,-1.8,-0.4
0.4,-5.33255e-07,-1.8,-7.28682e-17,-1.8,-0.4
0.4,-5.33255e-07,-1.8,-7.28682e-17,-1.8,-0.4
0.4,-5.33255e-07,-1.8,-7.28682e-17,-1.8,-0.4
0.4,-5.33255e-07,-1.8,-7.28682e-17,-1.8,-0.4
0.4,-5.33255e-07,-1.8,-7.28682e-17,-1.8,-0.4
0.4,-5.33255e-07,-1.8,-7.28682e-17,-1.8,-0.4
0.4,-5.33255e-07,-1.8,-7.28682e-17,-1.8,-0.4
0.4,-5.33255e-07,-1.8,-7.28682e-17,-1.8,-0.4
0.4,-5.33255e-07,-1.8,-7.28682e-17,-1.8,-0.4
0.4,-5.33255e-07,-1.8,-7.28682e-17,-1.8,-0.4
0.4,-5.33255e-07,-1.8,-7.28682e-17,-1.8,-0.4
0.4,-5.33255e-07,-1.8,-7.28682e-17,-1.8,-0.4
0.4,-5.33255e-07,-1.8,-7.28682e-17,-1.8,-0.4
0.4,-5.33255e-07,-1.8,-7.28682e-17,-1.8,-0.4
0.4,-5.33255e-07,-1.8,-7.28682e-17,-1.8,-0.4
0.4,-5.33255e-07,-1.8,-7.28682e-17,-1.8,-0.4
0.4,-5.33255e-07,-1.8,-7.28682e-17,-1.8,-0.4
0.4,-5.33255e-07,-1.8,-7.28682e-17,-1.8,-0.4
0.4,-5.33255e-07,-1.8,-7.28682e-17,-1.8,-0.4
0.4,-5.33255e-07,-1.8,-7.28682e-17,-1.8,-0.4
0.4,-5.33255e-07,-1.8,-7.28682e-17,-1.8,-0.4
0.4,-5.33255e-07,-1.8,-7.28682e-17,-1.8,-0.4
0.4,-5.33255e-07,-1.8,-7.28682e-17,-1.8,-0.4
0.4,-5.33255e-07,-1.8,-7.28682e-17,-1.8,-0.4
0.4,-5.33255e-07,-1.8,-7.28682e-17,-1.8,-0.4
0.4,-5.33255e-07,-1.8,-7.28682e-17,-1.8,-0.4
0.4,-5.33255e-07,-1.8,-7.28682e-17,-1.8,-0.4
0.4,-5.33255e-07,-1.8,-7.28682e-17,-1.8,-0.4
0.4,-5.33255e-07,-1.8,-7.28682e-17,-1.8,-0.4
0.4,-5.33255e-07,-1.8,-7.28682e-17,-1.8,-0.4
0.4,-5.33255e-07,-1.8,-7.28682e-17,-1.8,-0.4
0.4,-5.33255e-07,-1.8,-7.28682e-17,-1.8,-0.4
0.4,-5.33255e-07,-1.8,-7.28682e-17,-1.8,-0.4
0.4,-5.33255e-07,-1.8,-7.28682e-17,-1.8,-0.4
0.4,-5.33255e-07,-1.8,-7.28682e-17,-1.8,-0.4
0.4,-5.33255e-07,-1.8,-7.28682e-17,-1.8,-0.4
0.4,-5.33255e-07,-1.8,-7.28682e-17,-1.8,-0.4
0.4,-5.33255e-07,-1.8,-7.28682e-17,-1.8,-0.4
0.4,-5.33255e-07,-1.8,-7.28682e-17,-1.8,-0.4
0.4,-5.33255e-07,-1.8,-7.28682e-17,-1.8,-0.4
0.4,-5.33255e-07,-1.8,-7.28682e-17,-1.8,-0.4
0.4,-5.33255e-07,-1.8,-7.28682e-17,-1.8,-0.4
0.4,-5.33255e-07,-1.8,-7.28682e-17,-1.8,-0.4
0.4,-5.33255e-07,-1.8,-7.28682e-17,-1.8,-0.4
0.4,-5.33255e-07,-1.8,-7.28682e-17,-1.8,-0.4
0.4,-5.33255e-07,-1.8,-7.28682e-17,-1.8,-0.4
0.4,-5.33255e-07,-1.8,-7.28682e-17,-1.8,-0.4
0.4,-5.33255e-07,-1.8,-7.28682e-17,-1.8,-0.4
0.4,-5.33255e-07,-1.8,-7.28682e-17,-1.8,-0.4
0.4,-5.33255e-07,-1.8,-7.28682e-17,-1.8,-0.4
0.4,-5.33255e-07,-1.8,-7.28682e-17,-1.8,-0.4
0.4,-5.33255e-07,-1.8,-7.28682e-17,-1.8,-0.4
0.4,-5.33255e-07,-1.8,-7.28682e-17,-1.8,-0.4
0.4,-5.33255e-07,-1.8,-7.28682e-17,-1.8,-0.4
0.4,-5.33255e-07,-1.8,-7.28682e-17,-1.8,-0.4
0.4,-5.33255e-07,-1.8,-7.28682e-17,-1.8,-0.4
0.4,-5.33255e-07,-1.8,-7.28682e-17,-1.8,-0.4
0.4,-5.33255e-07,-1.8,-7.28682e-17,-1.8,-0.4
0.4,-5.33255e-07,-1.8,-7.28682e-17,-1.8,-0.4
0.4,-5.33255e-07,-1.8,-7.28682e-17,-1.8,-0.4
0.4,-5.33255e-07,-1.8,-7.28682e-17,-1.8,-0.4
0.4,-5.33255e-07,-1.8,-7.28682e-17,-1.8,-0.4
0.4,-5.33255e-07,-1.8,-7.28682e-17,-1.8,-0.4
0.4,-5.33255e-07,-1.8,-7.28682e-17,-1.8,-0.4
0.4,-5.33255e-07,-1.8,-7.28682e-17,-1.8,-0.4
0.4,-5.33255e-07,-1.8,-7.28682e-17,-1.8,-0.4
0.4,-5.33255e-07,-1.8,-7.28682e-17,-1.8,-0.4
0.4,-5.33255e-07,-1.8,-7.28682e-17,-1.8,-0.4
0.4,-5.33255e-07,-1.8,-7.28682e-17,-1.8,-0.4
0.4,-5.33255e-07,-1.8,-7.28682e-17,-1.8,-0.4
0.4,-5.33255e-07,-1.8,-7.28682e-17,-1.8,-0.4
0.4,-5.33255e-07,-1.8,-7.28682e-17,-1.8,-0.4
0.4,-5.33255e-07,-1.8,-7.28682e-17,-1.8,-0.4
0.4,-5.33255e-07,-1.8,-7.28682e-17,-1.8,-0.4
0.4,-5.33255e-07,-1.8,-7.28682e-17,-1.8,-0.4
0.4,-5.33255e-07,-1.8,-7.28682e-17,-1.8,-0.4
0.4,-5.33255e-07,-1.8,-7.28682e-17,-1.8,-0.4
0.4,-5.33255e-07,-1.8,-7.28682e-17,-1.8,-0.4
0.4,-5.33255e-07,-1.8,-7.28682e-17,-1.8,-0.4
0.4,-5.33255e-07,-1.8,-7.28682e-17,-1.8,-0.4
0.4,-5.33255e-07,-1.8,-7.28682e-17,-1.8,-0.4
0.4,-5.33255e-07,-1.8,-7.28682e-17,-1.8,-0.4
0.4,-5.33255e-07,-1.8,-7.28682e-17,-1.8,-0.4
0.4,-5.33255e-07,-1.8,-7.28682e-17,-1.8,-0.4
0.4,-5.33255e-07,-1.8,-7.28682e-17,-1.8,-0.4
0.4,-5.33255e-07,-1.8,-7.28682e-17,-1.8,-0.4
0.4,-5.33255e-07,-1.8,-7.28682e-17,-1.8,-0.4
0.4,-5.33255e-07,-1.8,-7.28682e-17,-1.8,-0.4
0.4,-5.33255e-07,-1.8,-7.28682e-17,-1.8,-0.4
0.4,-5.33255e-07,-1.8,-7.28682e-17,-1.8,-0.4
0.4,-5.33255e-07,-1.8,-7.28682e-17,-1.8,-0.4
0.4,-5.33255e-07,-1.8,-7.28682e-17,-1.8,-0.4
0.4,-5.33255e-07,-1.8,-7.28682e-17,-1.8,-0.4
0.4,-5.33255e-07,-1.8,-7.28682e-17,-1.8,-0.4
0.4,-5.33255e-07,-1.8,-7.28682e-17,-1.8,-0.4
0.4,-5.33255e-07,-1.8,-7.28682e-17,-1.8,-0.4
0.4,-5.33255e-07,-1.8,-7.28682e-17,-1.8,-0.4
0.4,-5.33255e-07,-1.8,-7.28682e-17,-1.8,-0.4
0.4,-5.33255e-07,-1.8,-7.28682e-17,-1.8,-0.4
0.4,-5.33255e-07,-1.8,-7.28682e-17,-1.8,-0.4
0.4,-5.33255e-07,-1.8,-7.28682e-17,-1.8,-0.4
0.4,-5.33255e-07,-1.8,-7.28682e-17,-1.8,-0.4
0.4,-5.33255e-07,-1.8,-7.28682e-17,-1.8,-0.4
0.4,-5.33255e-07,-1.8,-7.28682e-17,-1.8,-0.4
0.4,-5.33255e-07,-1.8,-7.28682e-17,-1.8,-0.4
0.4,-5.33255e-07,-1.8,-7.28682e-17,-1.8,-0.4
0.4,-5.33255e-07,-1.8,-7.28682e-17,-1.8,-0.4
0.4,-5.33255e-07,-1.8,-7.28682e-17,-1.8,-0.4
0.4,-5.33255e-07,-1.8,-7.28682e-17,-1.8,-0.4
0.4,-5.33255e-07,-1.8,-7.28682e-17,-1.8,-0.4
0.4,-5.33255e-07,-1.8,-7.28682e-17,-1.8,-0.4
0.4,-5.33255e-07,-1.8,-7.28682e-17,-1.8,-0.4
0.4,-5.33255e-07,-1.8,-7.28682e-17,-1.8,-0.4
0.4,-5.33255e-07,-1.8,-7.28682e-17,-1.8,-0.4
0.4,-5.33255e-07,-1.8,-7.28682e-17,-1.8,-0.4
0.4,-5.33255e-07,-1.8,-7.28682e-17,-1.8,-0.4
0.4,-5.33255e-07,-1.8,-7.28682e-17,-1.8,-0.4
0.4,-5.33255e-07,-1.8,-7.28682e-17,-1.8,-0.4
0.4,-5.33255e-07,-1.8,-7.28682e-17,-1.8,-0.4
0.4,-5.33255e-07,-1.8,-7.28682e-17,-1.8,-0.4
0.4,-5.33255e-07,-1.8,-7.28682e-17,-1.8,-0.4
0.4,-5.33255e-07,-1.8,-7.28682e-17,-1.8,-0.4
0.4,-5.33255e-07,-1.8,-7.28682e-17,-1.8,-0.4
0.4,-5.33255e-07,-1.8,-7.28682e-17,-1.8,-0.4
0.4,-5.33255e-07,-1.8,-7.28682e-17,-1.8,-0.4
0.4,-5.33255e-07,-1.8,-7.28682e-17,-1.8,-0.4
0.4,-5.33255e-07,-1.8,-7.28682e-17,-1.8,-0.4
0.4,-5.33255e-07,-1.8,-7.28682e-17,-1.8,-0.4
0.4,-5.33255e-07,-1.8,-7.28682e-17,-1.8,-0.4
0.4,-5.33255e-07,-1.8,-7.28682e-17,-1.8,-0.4
0.4,-5.33255e-07,-1.8,-7.28682e-17,-1.8,-0.4
0.4,-5.33255e-07,-1.8,-7.28682e-17,-1.8,-0.4
0.4,-5.33255e-07,-1.8,-7.28682e-17,-1.8,-0.4
0.4,-5.33255e-07,-1.8,-7.28682e-17,-1.8,-0.4
0.4,-5.33255e-07,-1.8,-7.28682e-17,-1.8,-0.4
0.4,-5.33255e-07,-1.8,-7.28682e-17,-1.8,-0.4
0.4,-5.33255e-07,-1.8,-7.28682e-17,-1.8,-0.4
0.4,-5.33255e-07,-1.8,-7.28682e-17,-1.8,-0.4
0.4,-5.33255e-07,-1.8,-7.28682e-17,-1.8,-0.4
0.4,-5.33255e-07,-1.8,-7.28682e-17,-1.8,-0.4
0.4,-5.33255e-07,-1.8,-7.28682e-17,-1.8,-0.4
0.4,-5.33255e-07,-1.8,-7.28682e-17,-1.8,-0.4
0.4,-5.33255e-07,-1.8,-7.28682e-17,-1.8,-0.4
0.4,-5.33255e-07,-1.8,-7.28682e-17,-1.8,-0.4
0.4,-5.33255e-07,-1.8,-7.28682e-17,-1.8,-0.4
0.4,-5.33255e-07,-1.8,-7.28682e-17,-1.8,-0.4
0.4,-5.33255e-07,-1.8,-7.28682e-17,-1.8,-0.4
0.4,-5.33255e-07,-1.8,-7.28682e-17,-1.8,-0.4
0.4,-5.33255e-07,-1.8,-7.28682e-17,-1.8,-0.4
0.4,-5.33255e-07,-1.8,-7.28682e-17,-1.8,-0.4
0.4,-5.33255e-07,-1.8,-7.28682e-17,-1.8,-0.4
0.4,-5.33255e-07,-1.8,-7.28682e-17,-1.8,-0.4
0.4,-5.33255e-07,-1.8,-7.28682e-17,-1.8,-0.4
0.4,-5.33255e-07,-1.8,-7.28682e-17,-1.8,-0.4
0.4,-5.33255e-07,-1.8,-7.28682e-17,-1.8,-0.4
0.4,-5.33255e-07,-1.8,-7.28682e-17,-1.8,-0.4
0.4,-5.33255e-07,-1.8,-7.28682e-17,-1.8,-0.4
0.4,-5.33255e-07,-1.8,-7.28682e-17,-1.8,-0.4
0.4,-5.33255e-07,-1.8,-7.28682e-17,-1.8,-0.4
0.4,-5.33255e-07,-1.8,-7.28682e-17,-1.8,-0.4
0.4,-5.33255e-07,-1.8,-7.28682e-17,-1.8,-0.4
0.4,-5.33255e-07,-1.8,-7.28682e-17,-1.8,-0.4
0.4,-5.33255e-07,-1.8,-7.28682e-17,-1.8,-0.4
0.4,-5.33255e-07,-1.8,-7.28682e-17,-1.8,-0.4
0.4,-5.33255e-07,-1.8,-7.28682e-17,-1.8,-0.4
0.4,-5.33255e-07,-1.8,-7.28682e-17,-1.8,-0.4
0.4,-5.33255e-07,-1.8,-7.28682e-17,-1.8,-0.4
0.4,-5.33255e-07,-1.8,-7.28682e-17,-1.8,-0.4
0.4,-5.33255e-07,-1.8,-7.28682e-17,-1.8,-0.4
0.4,-5.33255e-07,-1.8,-7.28682e-17,-1.8,-0.4
0.4,-5.33255e-07,-1.8,-7.28682e-17,-1.8,-0.4
0.4,-5.33255e-07,-1.8,-7.28682e-17,-1.8,-0.4
0.4,-5.33255e-07,-1.8,-7.28682e-17,-1.8,-0.4
0.4,-5.33255e-07,-1.8,-7.28682e-17,-1.8,-0.4
0.4,-5.33255e-07,-1.8,-7.28682e-17,-1.8,-0.4
0.4,-5.33255e-07,-1.8,-7.28682e-17,-1.8,-0.4
0.4,-5.33255e-07,-1.8,-7.28682e-17,-1.8,-0.4
0.4,-5.33255e-07,-1.8,-7.28682e-17,-1.8,-0.4
0.4,-5.33255e-07,-1.8,-7.28682e-17,-1.8,-0.4
0.4,-5.33255e-07,-1.8,-7.28682e-17,-1.8,-0.4
0.4,-5.33255e-07,-1.8,-7.28682e-17,-1.8,-0.4
0.4,-5.33255e-07,-1.8,-7.28682e-17,-1.8,-0.4
0.4,-5.33255e-07,-1.8,-7.28682e-17,-1.8,-0.4
0.4,-5.33255e-07,-1.8,-7.28682e-17,-1.8,-0.4
0.4,-5.33255e-07,-1.8,-7.28682e-17,-1.8,-0.4
0.4,-5.33255e-07,-1.8,-7.28682e-17,-1.8,-0.4
0.4,-5.33255e-07,-1.8,-7.28682e-17,-1.8,-0.4
0.4,-5.33255e-07,-1.8,-7.28682e-17,-1.8,-0.4
0.4,-5.33255e-07,-1.8,-7.28682e-17,-1.8,-0.4
0.4,-5.33255e-07,-1.8,-7.28682e-17,-1.8,-0.4
0.4,-5.33255e-07,-1.8,-7.28682e-17,-1.8,-0.4
0.4,-5.33255e-07,-1.8,-7.28682e-17,-1.8,-0.4
0.4,-5.33255e-07,-1.8,-7.28682e-17,-1.8,-0.4
0.4,-5.33255e-07,-1.8,-7.28682e-17,-1.8,-0.4
0.4,-5.33255e-07,-1.8,-7.28682e-17,-1.8,-0.4
0.4,-5.33255e-07,-1.8,-7.28682e-17,-1.8,-0.4
0.4,-5.33255e-07,-1.8,-7.28682e-17,-1.8,-0.4
0.4,-5.33255e-07,-1.8,-7.28682e-17,-1.8,-0.4
0.4,-5.33255e-07,-1.8,-7.28682e-17,-1.8,-0.4
0.4,-5.33255e-07,-1.8,-7.28682e-17,-1.8,-0.4
0.4,-5.33255e-07,-1.8,-7.28682e-17,-1.8,-0.4
0.4,-5.33255e-07,-1.8,-7.28682e-17,-1.8,-0.4
0.4,-5.33255e-07,-1.8,-7.28682e-17,-1.8,-0.4
0.4,-5.33255e-07,-1.8,-7.28682e-17,-1.8,-0.4
0.4,-5.33255e-07,-1.8,-7.28682e-17,-1.8,-0.4
0.4,-5.33255e-07,-1.8,-7.28682e-17,-1.8,-0.4
0.4,-5.33255e-07,-1.8,-7.28682e-17,-1.8,-0.4
0.4,-5.33255e-07,-1.8,-7.28682e-17,-1.8,-0.4
0.4,-5.33255e-07,-1.8,-7.28682e-17,-1.8,-0.4
0.4,-5.33255e-07,-1.8,-7.28682e-17,-1.8,-0.4
0.4,-5.33255e-07,-1.8,-7.28682e-17,-1.8,-0.4
0.4,-5.33255e-07,-1.8,-7.28682e-17,-1.8,-0.4
0.4,-5.33255e-07,-1.8,-7.28682e-17,-1.8,-0.4
0.4,-5.33255e-07,-1.8,-7.28682e-17,-1.8,-0.4
0.4,-5.33255e-07,-1.8,-7.28682e-17,-1.8,-0.4
0.4,-5.33255e-07,-1.8,-7.28682e-17,-1.8,-0.4
0.4,-5.33255e-07,-1.8,-7.28682e-17,-1.8,-0.4
0.4,-5.33255e-07,-1.8,-7.28682e-17,-1.8,-0.4
0.4,-5.33255e-07,-1.8,-7.28682e-17,-1.8,-0.4
0.4,-5.33255e-07,-1.8,-7.28682e-17,-1.8,-0.4
0.4,-5.33255e-07,-1.8,-7.28682e-17,-1.8,-0.4
0.4,-5.33255e-07,-1.8,-7.28682e-17,-1.8,-0.4
0.4,-5.33255e-07,-1.8,-7.28682e-17,-1.8,-0.4
0.4,-5.33255e-07,-1.8,-7.28682e-17,-1.8,-0.4
0.4,-5.33255e-07,-1.8,-7.28682e-17,-1.8,-0.4
0.4,-5.33255e-07,-1.8,-7.28682e-17,-1.8,-0.4
0.4,-5.33255e-07,-1.8,-7.28682e-17,-1.8,-0.4
0.4,-5.33255e-07,-1.8,-7.28682e-17,-1.8,-0.4
0.4,-5.33255e-07,-1.8,-7.28682e-17,-1.8,-0.4
0.4,-5.33255e-07,-1.8,-7.28682e-17,-1.8,-0.4
0.4,-5.33255e-07,-1.8,-7.28682e-17,-1.8,-0.4
0.4,-5.33255e-07,-1.8,-7.28682e-17,-1.8,-0.4
0.4,-5.33255e-07,-1.8,-7.28682e-17,-1.8,-0.4
0.4,-5.33255e-07,-1.8,-7.28682e-17,-1.8,-0.4
0.4,-5.33255e-07,-1.8,-7.28682e-17,-1.8,-0.4
0.4,-5.33255e-07,-1.8,-7.28682e-17,-1.8,-0.4
0.4,-5.33255e-07,-1.8,-7.28682e-17,-1.8,-0.4
0.4,-5.33255e-07,-1.8,-7.28682e-17,-1.8,-0.4
0.4,-5.33255e-07,-1.8,-7.28682e-17,-1.8,-0.4
0.4,-5.33255e-07,-1.8,-7.28682e-17,-1.8,-0.4
0.4,-5.33255e-07,-1.8,-7.28682e-17,-1.8,-0.4
0.4,-5.33255e-07,-1.8,-7.28682e-17,-1.8,-0.4
0.4,-5.33255e-07,-1.8,-7.28682e-17,-1.8,-0.4
0.4,-5.33255e-07,-1.8,-7.28682e-17,-1.8,-0.4
0.4,-5.33255e-07,-1.8,-7.28682e-17,-1.8,-0.4
0.4,-5.33255e-07,-1.8,-7.28682e-17,-1.8,-0.4
0.4,-5.33255e-07,-1.8,-7.28682e-17,-1.8,-0.4
0.4,-5.33255e-07,-1.8,-7.28682e-17,-1.8,-0.4
0.4,-5.33255e-07,-1.8,-7.28682e-17,-1.8,-0.4
0.4,-5.33255e-07,-1.8,-7.28682e-17,-1.8,-0.4
0.4,-5.33255e-07,-1.8,-7.28682e-17,-1.8,-0.4
0.4,-5.33255e-07,-1.8,-7.28682e-17,-1.8,-0.4
0.4,-5.33255e-07,-1.8,-7.28682e-17,-1.8,-0.4
0.4,-5.33255e-07,-1.8,-7.28682e-17,-1.8,-0.4
0.4,-5.33255e-07,-1.8,-7.28682e-17,-1.8,-0.4
0.4,-5.33255e-07,-1.8,-7.28682e-17,-1.8,-0.4
0.4,-5.33255e-07,-1.8,-7.28682e-17,-1.8,-0.4
0.4,-5.33255e-07,-1.8,-7.28682e-17,-1.8,-0.4
0.4,-5.33255e-07,-1.8,-7.28682e-17,-1.8,-0.4
0.4,-5.33255e-07,-1.8,-7.28682e-17,-1.8,-0.4
0.4,-5.33255e-07,-1.8,-7.28682e-17,-1.8,-0.4
0.4,-5.33255e-07,-1.8,-7.28682e-17,-1.8,-0.4
0.4,-5.33255e-07,-1.8,-7.28682e-17,-1.8,-0.4
0.4,-5.33255e-07,-1.8,-7.28682e-17,-1.8,-0.4
0.4,-5.33255e-07,-1.8,-7.28682e-17,-1.8,-0.4
0.4,-5.33255e-07,-1.8,-7.28682e-17,-1.8,-0.4
0.4,-5.33255e-07,-1.8,-7.28682e-17,-1.8,-0.4
0.4,-5.33255e-07,-1.8,-7.28682e-17,-1.8,-0.4
0.4,-5.33255e-07,-1.8,-7.28682e-17,-1.8,-0.4
0.4,-5.33255e-07,-1.8,-7.28682e-17,-1.8,-0.4
0.4,-5.33255e-07,-1.8,-7.28682e-17,-1.8,-0.4
0.4,-5.33255e-07,-1.8,-7.28682e-17,-1.8,-0.4
0.4,-5.33255e-07,-1.8,-7.28682e-17,-1.8,-0.4
0.4,-5.33255e-07,-1.8,-7.28682e-17,-1.8,-0.4
0.4,-5.33255e-07,-1.8,-7.28682e-17,-1.8,-0.4
0.4,-5.33255e-07,-1.8,-7.28682e-17,-1.8,-0.4
0.4,-5.33255e-07,-1.8,-7.28682e-17,-1.8,-0.4
0.4,-5.33255e-07,-1.8,-7.28682e-17,-1.8,-0.4
0.4,-5.33255e-07,-1.8,-7.28682e-17,-1.8,-0.4
0.4,-5.33255e-07,-1.8,-7.28682e-17,-1.8,-0.4
0.4,-5.33255e-07,-1.8,-7.28682e-17,-1.8,-0.4
0.4,-5.33255e-07,-1.8,-7.28682e-17,-1.8,-0.4
0.4,-5.33255e-07,-1.8,-7.28682e-17,-1.8,-0.4
0.4,-5.33255e-07,-1.8,-7.28682e-17,-1.8,-0.4
0.4,-5.33255e-07,-1.8,-7.28682e-17,-1.8,-0.4
0.4,-5.33255e-07,-1.8,-7.28682e-17,-1.8,-0.4
0.4,-5.33255e-07,-1.8,-7.28682e-17,-1.8,-0.4
0.4,-5.33255e-07,-1.8,-7.28682e-17,-1.8,-0.4
0.4,-5.33255e-07,-1.8,-7.28682e-17,-1.8,-0.4
0.4,-5.33255e-07,-1.8,-7.28682e-17,-1.8,-0.4
0.4,-5.33255e-07,-1.8,-7.28682e-17,-1.8,-0.4
0.4,-5.33255e-07,-1.8,-7.28682e-17,-1.8,-0.4
0.4,-5.33255e-07,-1.8,-7.28682e-17,-1.8,-0.4
0.4,-5.33255e-07,-1.8,-7.28682e-17,-1.8,-0.4
0.4,-5.33255e-07,-1.8,-7.28682e-17,-1.8,-0.4
0.4,-5.33255e-07,-1.8,-7.28682e-17,-1.8,-0.4
0.4,-5.33255e-07,-1.8,-7.28682e-17,-1.8,-0.4
0.4,-5.33255e-07,-1.8,-7.28682e-17,-1.8,-0.4
0.4,-5.33255e-07,-1.8,-7.28682e-17,-1.8,-0.4
0.4,-5.33255e-07,-1.8,-7.28682e-17,-1.8,-0.4
0.4,-5.33255e-07,-1.8,-7.28682e-17,-1.8,-0.4
0.4,-5.33255e-07,-1.8,-7.28682e-17,-1.8,-0.4
0.4,-5.33255e-07,-1.8,-7.28682e-17,-1.8,-0.4
0.4,-5.33255e-07,-1.8,-7.28682e-17,-1.8,-0.4
0.4,-5.33255e-07,-1.8,-7.28682e-17,-1.8,-0.4
0.4,-5.33255e-07,-1.8,-7.28682e-17,-1.8,-0.4
0.4,-5.33255e-07,-1.8,-7.28682e-17,-1.8,-0.4
0.4,-5.33255e-07,-1.8,-7.28682e-17,-1.8,-0.4
0.4,-5.33255e-07,-1.8,-7.28682e-17,-1.8,-0.4
0.4,-5.33255e-07,-1.8,-7.28682e-17,-1.8,-0.4
0.4,-5.33255e-07,-1.8,-7.28682e-17,-1.8,-0.4
0.4,-5.33255e-07,-1.8,-7.28682e-17,-1.8,-0.4
0.4,-5.33255e-07,-1.8,-7.28682e-17,-1.8,-0.4
0.4,-5.33255e-07,-1.8,-7.28682e-17,-1.8,-0.4
0.4,-5.33255e-07,-1.8,-7.28682e-17,-1.8,-0.4
0.4,-5.33255e-07,-1.8,-7.28682e-17,-1.8,-0.4
0.4,-5.33255e-07,-1.8,-7.28682e-17,-1.8,-0.4
0.4,-5.33255e-07,-1.8,-7.28682e-17,-1.8,-0.4
0.4,-5.33255e-07,-1.8,-7.28682e-17,-1.8,-0.4
0.4,-5.33255e-07,-1.8,-7.28682e-17,-1.8,-0.4
0.4,-5.33255e-07,-1.8,-7.28682e-17,-1.8,-0.4
0.4,-5.33255e-07,-1.8,-7.28682e-17,-1.8,-0.4
0.4,-5.33255e-07,-1.8,-7.28682e-17,-1.8,-0.4
0.4,-5.33255e-07,-1.8,-7.28682e-17,-1.8,-0.4
0.4,-5.33255e-07,-1.8,-7.28682e-17,-1.8,-0.4
0.4,-5.33255e-07,-1.8,-7.28682e-17,-1.8,-0.4
0.4,-5.33255e-07,-1.8,-7.28682e-17,-1.8,-0.4
0.4,-5.33255e-07,-1.8,-7.28682e-17,-1.8,-0.4
0.4,-5.33255e-07,-1.8,-7.28682e-17,-1.8,-0.4
0.4,-5.33255e-07,-1.8,-7.28682e-17,-1.8,-0.4
0.4,-5.33255e-07,-1.8,-7.28682e-17,-1.8,-0.4
0.4,-5.33255e-07,-1.8,-7.28682e-17,-1.8,-0.4
0.4,-5.33255e-07,-1.8,-7.28682e-17,-1.8,-0.4
0.4,-5.33255e-07,-1.8,-7.28682e-17,-1.8,-0.4
0.4,-5.33255e-07,-1.8,-7.28682e-17,-1.8,-0.4
0.4,-5.33255e-07,-1.8,-7.28682e-17,-1.8,-0.4
0.4,-5.33255e-07,-1.8,-7.28682e-17,-1.8,-0.4
0.4,-5.33255e-07,-1.8,-7.28682e-17,-1.8,-0.4
0.4,-5.33255e-07,-1.8,-7.28682e-17,-1.8,-0.4
0.4,-5.33255e-07,-1.8,-7.28682e-17,-1.8,-0.4
0.4,-5.33255e-07,-1.8,-7.28682e-17,-1.8,-0.4
0.4,-5.33255e-07,-1.8,-7.28682e-17,-1.8,-0.4
0.4,-5.33255e-07,-1.8,-7.28682e-17,-1.8,-0.4
0.4,-5.33255e-07,-1.8,-7.28682e-17,-1.8,-0.4
0.4,-5.33255e-07,-1.8,-7.28682e-17,-1.8,-0.4
0.4,-5.33255e-07,-1.8,-7.28682e-17,-1.8,-0.4
0.4,-5.33255e-07,-1.8,-7.28682e-17,-1.8,-0.4
0.4,-5.33255e-07,-1.8,-7.28682e-17,-1.8,-0.4
0.4,-5.33255e-07,-1.8,-7.28682e-17,-1.8,-0.4
0.4,-5.33255e-07,-1.8,-7.28682e-17,-1.8,-0.4
0.4,-5.33255e-07,-1.8,-7.28682e-17,-1.8,-0.4
0.4,-5.33255e-07,-1.8,-7.28682e-17,-1.8,-0.4
0.4,-5.33255e-07,-1.8,-7.28682e-17,-1.8,-0.4
0.4,-5.33255e-07,-1.8,-7.28682e-17,-1.8,-0.4
0.4,-5.33255e-07,-1.8,-7.28682e-17,-1.8,-0.4
0.4,-5.33255e-07,-1.8,-7.28682e-17,-1.8,-0.4
0.4,-5.33255e-07,-1.8,-7.28682e-17,-1.8,-0.4
0.4,-5.33255e-07,-1.8,-7.28682e-17,-1.8,-0.4
0.4,-5.33255e-07,-1.8,-7.28682e-17,-1.8,-0.4
0.4,-5.33255e-07,-1.8,-7.28682e-17,-1.8,-0.4
0.4,-5.33255e-07,-1.8,-7.28682e-17,-1.8,-0.4
0.4,-5.33255e-07,-1.8,-7.28682e-17,-1.8,-0.4
0.4,-5.33255e-07,-1.8,-7.28682e-17,-1.8,-0.4
0.4,-5.33255e-07,-1.8,-7.28682e-17,-1.8,-0.4
0.4,-5.33255e-07,-1.8,-7.28682e-17,-1.8,-0.4
0.4,-5.33255e-07,-1.8,-7.28682e-17,-1.8,-0.4
0.4,-5.33255e-07,-1.8,-7.28682e-17,-1.8,-0.4
0.4,-5.33255e-07,-1.8,-7.28682e-17,-1.8,-0.4
0.4,-5.33255e-07,-1.8,-7.28682e-17,-1.8,-0.4
0.4,-5.33255e-07,-1.8,-7.28682e-17,-1.8,-0.4
0.4,-5.36574e-07,-1.8,-7.28682e-17,-1.8,-0.4
0.4,-5.59323e-07,-1.8,-7.28682e-17,-1.8,-0.4
0.4,-6.19602e-07,-1.8,-7.28682e-17,-1.8,-0.4
0.4,-7.34063e-07,-1.8,-7.28682e-17,-1.8,-0.4
0.399999,-9.17909e-07,-1.8,-7.28682e-17,-1.8,-0.399999
0.399999,-1.1849e-06,-1.8,-7.28682e-17,-1.8,-0.399999
0.399998,-1.54734e-06,-1.8,-7.28683e-17,-1.8,-0.399998
0.399997,-2.01612e-06,-1.8,-7.28683e-17,-1.8,-0.399998
0.399996,-2.60066e-06,-1.8,-7.28684e-17,-1.8,-0.399997
0.399994,-3.30897e-06,-1.8,-7.28685e-17,-1.8,-0.399996
0.399992,-4.14764e-06,-1.8,-7.28686e-17,-1.8,-0.399995
0.39999,-5.1218e-06,-1.80001,-7.28688e-17,-1.8,-0.399993
0.399987,-6.2352e-06,-1.80001,-7.2869e-17,-1.8,-0.399992
0.399984,-7.49017e-06,-1.80001,-7.28692e-17,-1.8,-0.399991
0.39998,-8.88762e-06,-1.80001,-7.28695e-17,-1.8,-0.399989
0.399975,-1.04271e-05,-1.80001,-7.28698e-17,-1.8,-0.399987
0.399971,-1.21067e-05,-1.80001,-7.28702e-17,-1.8,-0.399986
0.399965,-1.39232e-05,-1.80001,-7.28706e-17,-1.8,-0.399984
0.399959,-1.5872e-05,-1.80002,-7.28711e-17,-1.8,-0.399982
0.399952,-1.7947e-05,-1.80002,-7.28716e-17,-1.8,-0.39998
0.399944,-2.01411e-05,-1.80002,-7.28723e-17,-1.8,-0.399979
0.399936,-2.24453e-05,-1.80002,-7.2873e-17,-1.8,-0.399978
0.399926,-2.48499e-05,-1.80002,-7.28738e-17,-1.8,-0.399976
0.399916,-2.73434e-05,-1.80003,-7.28747e-17,-1.8,-0.399976
0.399905,-2.99131e-05,-1.80003,-7.28756e-17,-1.8,-0.399975
0.399893,-3.25451e-05,-1.80003,-7.28767e-17,-1.8,-0.399975
0.39988,-3.52243e-05,-1.80004,-7.28779e-17,-1.8,-0.399975
0.399866,-3.7934e-05,-1.80004,-7.28792e-17,-1.8,-0.399976
0.399851,-4.06565e-05,-1.80004,-7.28807e-17,-1.8,-0.399977
0.399834,-4.33728e-05,-1.80004,-7.28822e-17,-1.8,-0.399979
0.399817,-4.60626e-05,-1.80005,-7.28839e-17,-1.8,-0.399982
0.399798,-4.87044e-05,-1.80005,-7.28858e-17,-1.8,-0.399985
0.399779,-5.12757e-05,-1.80005,-7.28878e-17,-1.8,-0.39999
0.399757,-5.37524e-05,-1.80005,-7.289e-17,-1.8,-0.399995
0.399735,-5.61096e-05,-1.80006,-7.28923e-17,-1.8,-0.400002
0.399711,-5.83211e-05,-1.80006,-7.28948e-17,-1.8,-0.400009
0.399686,-6.03595e-05,-1.80006,-7.28976e-17,-1.8,-0.400018
0.399659,-6.21964e-05,-1.80006,-7.29005e-17,-1.8,-0.400029
0.399631,-6.38022e-05,-1.80006,-7.29036e-17,-1.8,-0.40004
0.399601,-6.51462e-05,-1.80007,-7.29069e-17,-1.8,-0.400054
0.39957,-6.61966e-05,-1.80007,-7.29104e-17,-1.8,-0.400069
0.399537,-6.69208e-05,-1.80007,-7.29142e-17,-1.8,-0.400086
0.399503,-6.72848e-05,-1.80007,-7.29182e-17,-1.8,-0.400105
0.399466,-6.72539e-05,-1.80007,-7.29225e-17,-1.8,-0.400126
0.399428,-6.67921e-05,-1.80007,-7.2927e-17,-1.8,-0.400149
0.399388,-6.58626e-05,-1.80007,-7.29318e-17,-1.8,-0.400174
0.399347,-6.44276e-05,-1.80006,-7.29369e-17,-1.8,-0.400202
0.399303,-6.24485e-05,-1.80006,-7.29423e-17,-1.8,-0.400233
0.399258,-5.98854e-05,-1.80006,-7.2948e-17,-1.8,-0.400266
0.39921,-5.6698e-05,-1.80006,-7.2954e-17,-1.8,-0.400302
0.399161,-5.28447e-05,-1.80005,-7.29603e-17,-1.8,-0.40034
0.399109,-4.82832e-05,-1.80005,-7.29669e-17,-1.8,-0.400382
0.399055,-4.29704e-05,-1.80004,-7.29739e-17,-1.8,-0.400428
0.398999,-3.68623e-05,-1.80004,-7.29812e-17,-1.8,-0.400476
0.398941,-2.99142e-05,-1.80003,-7.29889e-17,-1.8,-0.400528
0.398881,-2.20805e-05,-1.80002,-7.29969e-17,-1.8,-0.400584
0.398819,-1.33149e-05,-1.80001,-7.30054e-17,-1.8,-0.400644
0.398754,-3.57042e-06,-1.8,-7.30142e-17,-1.8,-0.400707
0.398687,7.20073e-06,-1.79999,-7.30235e-17,-1.8,-0.400775
0.398617,1.9047e-05,-1.79998,-7.30332e-17,-1.8,-0.400847
0.398545,3.20174e-05,-1.79997,-7.30433e-17,-1.8,-0.400924
0.39847,4.61618e-05,-1.79995,-7.30538e-17,-1.8,-0.401005
0.398393,6.15305e-05,-1.79994,-7.30648e-17,-1.8,-0.40109
0.398313,7.81745e-05,-1.79992,-7.30762e-17,-1.8,-0.401181
0.398231,9.61453e-05,-1.7999,-7.30882e-17,-1.8,-0.401277
0.398146,0.000115495,-1.79988,-7.31006e-17,-1.8,-0.401378
0.398058,0.000136276,-1.79986,-7.31135e-17,-1.8,-0.401485
0.397967,0.000158543,-1.79984,-7.31269e-17,-1.8,-0.401597
0.397874,0.000182347,-1.79982,-7.31409e-17,-1.8,-0.401715
0.397778,0.000207744,-1.79979,-7.31554e-17,-1.8,-0.401838
0.397679,0.000234788,-1.79977,-7.31704e-17,-1.8,-0.401968
0.397577,0.000263534,-1.79974,-7.3186e-17,-1.8,-0.402104
0.397472,0.000294038,-1.79971,-7.32021e-17,-1.8,-0.402247
0.397364,0.000326354,-1.79967,-7.32188e-17,-1.8,-0.402396
0.397253,0.00036054,-1.79964,-7.32362e-17,-1.8,-0.402552
0.397139,0.000396651,-1.7996,-7.32541e-17,-1.8,-0.402715
0.397022,0.000434745,-1.79957,-7.32726e-17,-1.8,-0.402885
0.396901,0.000474878,-1.79953,-7.32918e-17,-1.8,-0.403062
0.396777,0.000517107,-1.79948,-7.33116e-17,-1.8,-0.403247
0.39665,0.000561491,-1.79944,-7.3332e-17,-1.8,-0.403439
0.39652,0.000608086,-1.79939,-7.33532e-17,-1.8,-0.40364
0.396387,0.000656951,-1.79934,-7.33749e-17,-1.8,-0.403848
0.39625,0.000708144,-1.79929,-7.33974e-17,-1.8,-0.404065
0.396109,0.000761722,-1.79924,-7.34206e-17,-1.8,-0.404289
0.395966,0.000817745,-1.79918,-7.34445e-17,-1.8,-0.404523
0.395818,0.00087627,-1.79912,-7.34691e-17,-1.8,-0.404765
0.395668,0.000937356,-1.79906,-7.34944e-17,-1.8,-0.405016
0.395513,0.00100106,-1.799,-7.35205e-17,-1.8,-0.405276
0.395355,0.00106745,-1.79893,-7.35473e-17,-1.8,-0.405545
0.395194,0.00113657,-1.79886,-7.35749e-17,-1.8,-0.405824
0.395029,0.00120848,-1.79879,-7.36033e-17,-1.8,-0.406112
0.39486,0.00128325,-1.79872,-7.36324e-17,-1.8,-0.40641
0.394687,0.00136093,-1.79864,-7.36624e-17,-1.8,-0.406718
0.39451,0.00144158,-1.79856,-7.36932e-17,-1.8,-0.407037
0.39433,0.00152526,-1.79847,-7.37248e-17,-1.8,-0.407365
0.394146,0.00161203,-1.79839,-7.37572e-17,-1.8,-0.407704
0.393958,0.00170194,-1.7983,-7.37904e-17,-1.8,-0.408053
0.393766,0.00179505,-1.7982,-7.38246e-17,-1.8,-0.408414
0.393571,0.00189143,-1.79811,-7.38595e-17,-1.8,-0.408785
0.393371,0.00199112,-1.79801,-7.38954e-17,-1.8,-0.409167
0.393167,0.00209418,-1.7979,-7.39321e-17,-1.8,-0.409561
0.392959,0.00220068,-1.7978,-7.39698e-17,-1.8,-0.409966
0.392748,0.00231066,-1.79769,-7.40083e-17,-1.8,-0.410383
0.392532,0.00242419,-1.79757,-7.40477e-17,-1.8,-0.410812
0.392312,0.00254131,-1.79746,-7.40881e-17,-1.8,-0.411252
0.392088,0.0026621,-1.79733,-7.41294e-17,-1.8,-0.411705
0.39186,0.00278659,-1.79721,-7.41716e-17,-1.8,-0.41217
0.391627,0.00291484,-1.79708,-7.42148e-17,-1.8,-0.412647
0.391391,0.00304692,-1.79695,-7.4259e-17,-1.8,-0.413137
0.39115,0.00318287,-1.79681,-7.43041e-17,-1.8,-0.41364
0.390905,0.00332274,-1.79667,-7.43502e-17,-1.8,-0.414156
0.390656,0.0034666,-1.79653,-7.43973e-17,-1.79999,-0.414685
0.390402,0.00361449,-1.79638,-7.44454e-17,-1.79999,-0.415226
0.390144,0.00376646,-1.79623,-7.44945e-17,-1.79999,-0.415782
0.389882,0.00392256,-1.79607,-7.45446e-17,-1.79999,-0.41635
0.389616,0.00408285,-1.79591,-7.45957e-17,-1.79999,-0.416933
0.389345,0.00424738,-1.79574,-7.46478e-17,-1.79999,-0.417529
0.38907,0.00441619,-1.79558,-7.4701e-17,-1.79999,-0.418139
0.38879,0.00458934,-1.7954,-7.47552e-17,-1.79999,-0.418763
0.388506,0.00476687,-1.79522,-7.48105e-17,-1.79999,-0.419401
0.388218,0.00494883,-1.79504,-7.48668e-17,-1.79999,-0.420054
0.387925,0.00513527,-1.79485,-7.49242e-17,-1.79999,-0.420721
0.387628,0.00532623,-1.79466,-7.49826e-17,-1.79999,-0.421403
0.387326,0.00552176,-1.79446,-7.50422e-17,-1.79999,-0.422099
0.38702,0.00572191,-1.79426,-7.51028e-17,-1.79999,-0.42281
0.386709,0.00592671,-1.79406,-7.51645e-17,-1.79998,-0.423536
0.386394,0.00613621,-1.79385,-7.52272e-17,-1.79998,-0.424277
0.386075,0.00635046,-1.79363,-7.52911e-17,-1.79998,-0.425034
0.385751,0.00656949,-1.79341,-7.53561e-17,-1.79998,-0.425805
0.385423,0.00679335,-1.79319,-7.54222e-17,-1.79998,-0.426592
0.38509,0.00702207,-1.79296,-7.54894e-17,-1.79998,-0.427395
0.384752,0.0072557,-1.79272,-7.55577e-17,-1.79998,-0.428213
0.38441,0.00749427,-1.79248,-7.56272e-17,-1.79997,-0.429047
0.384064,0.00773782,-1.79224,-7.56977e-17,-1.79997,-0.429897
0.383713,0.00798638,-1.79199,-7.57694e-17,-1.79997,-0.430762
0.383358,0.00824,-1.79173,-7.58422e-17,-1.79997,-0.431644
0.382998,0.0084987,-1.79147,-7.59162e-17,-1.79997,-0.432541
0.382634,0.00876252,-1.7912,-7.59913e-17,-1.79997,-0.433455
0.382265,0.0090315,-1.79093,-7.60675e-17,-1.79996,-0.434385
0.381891,0.00930565,-1.79066,-7.61449e-17,-1.79996,-0.435331
0.381514,0.00958502,-1.79037,-7.62234e-17,-1.79996,-0.436294
0.381132,0.00986963,-1.79009,-7.63031e-17,-1.79996,-0.437274
0.380745,0.0101595,-1.78979,-7.63839e-17,-1.79995,-0.438269
0.380354,0.0104547,-1.7895,-7.64658e-17,-1.79995,-0.439282
0.379958,0.0107552,-1.78919,-7.65489e-17,-1.79995,-0.440311
0.379558,0.011061,-1.78888,-7.66332e-17,-1.79995,-0.441357
0.379154,0.0113722,-1.78857,-7.67186e-17,-1.79994,-0.44242
0.378745,0.0116889,-1.78825,-7.68052e-17,-1.79994,-0.443499
0.378332,0.0120109,-1.78792,-7.68929e-17,-1.79994,-0.444596
0.377915,0.0123384,-1.78759,-7.69818e-17,-1.79993,-0.445709
0.377493,0.0126713,-1.78726,-7.70718e-17,-1.79993,-0.44684
0.377067,0.0130097,-1.78691,-7.7163e-17,-1.79992,-0.447987
0.376636,0.0133535,-1.78657,-7.72553e-17,-1.79992,-0.449152
0.376201,0.0137029,-1.78621,-7.73487e-17,-1.79992,-0.450334
0.375762,0.0140578,-1.78585,-7.74433e-17,-1.79991,-0.451533
0.375319,0.0144183,-1.78549,-7.75391e-17,-1.79991,-0.452749
0.374872,0.0147842,-1.78512,-7.7636e-17,-1.7999,-0.453982
0.37442,0.0151558,-1.78474,-7.7734e-17,-1.7999,-0.455233
0.373964,0.0155329,-1.78436,-7.78332e-17,-1.79989,-0.456501
0.373504,0.0159155,-1.78397,-7.79335e-17,-1.79989,-0.457786
0.37304,0.0163038,-1.78358,-7.80349e-17,-1.79988,-0.459088
0.372571,0.0166976,-1.78318,-7.81375e-17,-1.79988,-0.460408
0.372099,0.0170971,-1.78277,-7.82412e-17,-1.79987,-0.461745
0.371622,0.0175022,-1.78236,-7.8346e-17,-1.79986,-0.4631
0.371142,0.0179129,-1.78194,-7.84519e-17,-1.79986,-0.464472
0.370657,0.0183292,-1.78152,-7.8559e-17,-1.79985,-0.465861
0.370169,0.0187513,-1.78109,-7.86672e-17,-1.79984,-0.467268
0.369676,0.0191789,-1.78066,-7.87765e-17,-1.79984,-0.468692
0.36918,0.0196123,-1.78022,-7.88868e-17,-1.79983,-0.470134
0.36868,0.0200513,-1.77977,-7.89983e-17,-1.79982,-0.471593
0.368175,0.0204961,-1.77932,-7.91109e-17,-1.79981,-0.47307
0.367667,0.0209465,-1.77886,-7.92246e-17,-1.7998,-0.474565
0.367156,0.0214027,-1.77839,-7.93394e-17,-1.7998,-0.476077
0.36664,0.0218646,-1.77792,-7.94553e-17,-1.79979,-0.477607
0.366121,0.0223323,-1.77744,-7.95723e-17,-1.79978,-0.479154
0.365597,0.0228057,-1.77696,-7.96903e-17,-1.79977,-0.48072
0.365071,0.0232849,-1.77647,-7.98095e-17,-1.79976,-0.482303
0.36454,0.0237699,-1.77598,-7.99297e-17,-1.79975,-0.483904
0.364006,0.0242607,-1.77548,-8.0051e-17,-1.79974,-0.485522
0.363469,0.0247572,-1.77497,-8.01734e-17,-1.79973,-0.487159
0.362928,0.0252596,-1.77446,-8.02968e-17,-1.79971,-0.488813
0.362383,0.0257679,-1.77394,-8.04213e-17,-1.7997,-0.490486
0.361835,0.0262819,-1.77341,-8.05468e-17,-1.79969,-0.492176
0.361283,0.0268019,-1.77288,-8.06734e-17,-1.79968,-0.493884
0.360728,0.0273277,-1.77234,-8.08011e-17,-1.79967,-0.495611
0.36017,0.0278593,-1.77179,-8.09298e-17,-1.79965,-0.497355
0.359608,0.0283969,-1.77124,-8.10595e-17,-1.79964,-0.499118
0.359043,0.0289403,-1.77069,-8.11903e-17,-1.79963,-0.500899
0.358475,0.0294897,-1.77012,-8.13221e-17,-1.79961,-0.502698
0.357904,0.0300449,-1.76955,-8.1455e-17,-1.7996,-0.504515
0.357329,0.0306061,-1.76897,-8.15888e-17,-1.79958,-0.50635
0.356751,0.0311733,-1.76839,-8.17237e-17,-1.79957,-0.508204
0.356171,0.0317464,-1.7678,-8.18596e-17,-1.79955,-0.510076
0.355587,0.0323254,-1.76721,-8.19965e-17,-1.79953,-0.511967
0.355,0.0329105,-1.76661,-8.21344e-17,-1.79952,-0.513876
0.35441,0.0335015,-1.766,-8.22733e-17,-1.7995,-0.515803
0.353817,0.0340985,-1.76538,-8.24132e-17,-1.79948,-0.517749
0.353222,0.0347015,-1.76476,-8.25541e-17,-1.79946,-0.519714
0.352623,0.0353105,-1.76413,-8.26959e-17,-1.79944,-0.521697
0.352022,0.0359255,-1.7635,-8.28388e-17,-1.79942,-0.523699
0.351418,0.0365465,-1.76286,-8.29826e-17,-1.7994,-0.52572
0.350811,0.0371736,-1.76221,-8.31274e-17,-1.79938,-0.527759
0.350202,0.0378068,-1.76155,-8.32731e-17,-1.79936,-0.529817
0.34959,0.038446,-1.76089,-8.34198e-17,-1.79934,-0.531894
0.348976,0.0390912,-1.76023,-8.35674e-17,-1.79932,-0.53399
0.348359,0.0397425,-1.75955,-8.3716e-17,-1.79929,-0.536104
0.347739,0.0403999,-1.75887,-8.38655e-17,-1.79927,-0.538238
0.347117,0.0410634,-1.75818,-8.4016e-17,-1.79925,-0.540391
0.346493,0.041733,-1.75749,-8.41674e-17,-1.79922,-0.542563
0.345866,0.0424087,-1.75679,-8.43197e-17,-1.7992,-0.544754
0.345238,0.0430904,-1.75608,-8.44729e-17,-1.79917,-0.546964
0.344606,0.0437783,-1.75536,-8.4627e-17,-1.79914,-0.549193
0.343973,0.0444723,-1.75464,-8.4782e-17,-1.79912,-0.551442
0.343338,0.0451724,-1.75392,-8.49379e-17,-1.79909,-0.55371
0.3427,0.0458786,-1.75318,-8.50947e-17,-1.79906,-0.555997
0.342061,0.046591,-1.75244,-8.52523e-17,-1.79903,-0.558304
0.34142,0.0473095,-1.75169,-8.54109e-17,-1.799,-0.56063
0.340776,0.0480341,-1.75093,-8.55703e-17,-1.79897,-0.562976
0.340131,0.0487649,-1.75017,-8.57305e-17,-1.79894,-0.565341
0.339484,0.0495018,-1.7494,-8.58917e-17,-1.7989,-0.567726
0.338835,0.0502448,-1.74863,-8.60536e-17,-1.79887,-0.570131
0.338185,0.050994,-1.74784,-8.62164e-17,-1.79884,-0.572556
0.337533,0.0517494,-1.74705,-8.638e-17,-1.7988,-0.575
0.336879,0.0525109,-1.74626,-8.65445e-17,-1.79877,-0.577464
0.336224,0.0532785,-1.74545,-8.67097e-17,-1.79873,-0.579948
0.335567,0.0540523,-1.74464,-8.68758e-17,-1.79869,-0.582452
0.334909,0.0548323,-1.74382,-8.70426e-17,-1.79866,-0.584976
0.334249,0.0556183,-1.743,-8.72103e-17,-1.79862,-0.58752
0.333589,0.0564106,-1.74217,-8.73787e-17,-1.79858,-0.590084
0.332926,0.057209,-1.74133,-8.75479e-17,-1.79854,-0.592669
0.332263,0.0580135,-1.74048,-8.77179e-17,-1.7985,-0.595273
0.331599,0.0588241,-1.73963,-8.78886e-17,-1.79845,-0.597898
0.330933,0.0596409,-1.73877,-8.80601e-17,-1.79841,-0.600543
0.330267,0.0604639,-1.7379,-8.82323e-17,-1.79837,-0.603209
0.329599,0.0612929,-1.73703,-8.84052e-17,-1.79832,-0.605895
0.328931,0.0621281,-1.73615,-8.85789e-17,-1.79827,-0.608602
0.328261,0.0629694,-1.73526,-8.87533e-17,-1.79823,-0.611329
0.327591,0.0638168,-1.73436,-8.89283e-17,-1.79818,-0.614077
0.32692,0.0646703,-1.73346,-8.91041e-17,-1.79813,-0.616846
0.326249,0.0655299,-1.73255,-8.92806e-17,-1.79808,-0.619635
0.325577,0.0663956,-1.73163,-8.94577e-17,-1.79803,-0.622446
0.324904,0.0672674,-1.73071,-8.96356e-17,-1.79798,-0.625277
0.324231,0.0681452,-1.72978,-8.9814e-17,-1.79792,-0.628129
0.323557,0.0690291,-1.72884,-8.99932e-17,-1.79787,-0.631002
0.322883,0.0699191,-1.7279,-9.01729e-17,-1.79781,-0.633896
0.322209,0.0708151,-1.72694,-9.03533e-17,-1.79776,-0.636811
0.321534,0.0717171,-1.72598,-9.05344e-17,-1.7977,-0.639748
0.32086,0.0726251,-1.72502,-9.0716e-17,-1.79764,-0.642706
0.320185,0.0735391,-1.72404,-9.08982e-17,-1.79758,-0.645685
0.31951,0.0744591,-1.72306,-9.1081e-17,-1.79752,-0.648685
0.318835,0.0753851,-1.72207,-9.12645e-17,-1.79746,-0.651707
0.31816,0.076317,-1.72108,-9.14484e-17,-1.7974,-0.65475
0.317485,0.0772549,-1.72008,-9.1633e-17,-1.79733,-0.657815
0.31681,0.0781987,-1.71907,-9.18181e-17,-1.79727,-0.660902
0.316136,0.0791484,-1.71805,-9.20037e-17,-1.7972,-0.66401
0.315462,0.0801039,-1.71703,-9.21898e-17,-1.79713,-0.66714
0.314788,0.0810653,-1.716,-9.23765e-17,-1.79706,-0.670292
0.314115,0.0820326,-1.71496,-9.25637e-17,-1.79699,-0.673466
0.313442,0.0830057,-1.71392,-9.27514e-17,-1.79692,-0.676661
0.31277,0.0839846,-1.71286,-9.29396e-17,-1.79685,-0.679879
0.312098,0.0849693,-1.7118,-9.31282e-17,-1.79677,-0.683119
0.311427,0.0859597,-1.71074,-9.33173e-17,-1.7967,-0.686381
0.310757,0.0869559,-1.70967,-9.35069e-17,-1.79662,-0.689665
0.310088,0.0879577,-1.70859,-9.36969e-17,-1.79654,-0.692971
0.309419,0.0889653,-1.7075,-9.38873e-17,-1.79646,-0.6963
0.308752,0.0899784,-1.7064,-9.40782e-17,-1.79638,-0.699651
0.308085,0.0909973,-1.7053,-9.42694e-17,-1.7963,-0.703024
0.30742,0.0920217,-1.70419,-9.44611e-17,-1.79622,-0.70642
0.306755,0.0930516,-1.70308,-9.46531e-17,-1.79613,-0.709839
0.306092,0.0940871,-1.70196,-9.48455e-17,-1.79604,-0.71328
0.30543,0.0951281,-1.70083,-9.50383e-17,-1.79596,-0.716744
0.30477,0.0961746,-1.69969,-9.52314e-17,-1.79587,-0.72023
0.304111,0.0972265,-1.69855,-9.54249e-17,-1.79578,-0.72374
0.303453,0.0982838,-1.6974,-9.56186e-17,-1.79568,-0.727272
0.302797,0.0993465,-1.69624,-9.58127e-17,-1.79559,-0.730828
0.302142,0.100415,-1.69508,-9.60071e-17,-1.7955,-0.734406
0.301489,0.101488,-1.69391,-9.62018e-17,-1.7954,-0.738008
0.300838,0.102566,-1.69273,-9.63967e-17,-1.7953,-0.741632
0.300189,0.10365,-1.69155,-9.65919e-17,-1.7952,-0.74528
0.299541,0.104739,-1.69036,-9.67874e-17,-1.7951,-0.748951
0.298895,0.105833,-1.68916,-9.6983e-17,-1.795,-0.752646
0.298251,0.106932,-1.68796,-9.71789e-17,-1.79489,-0.756364
0.29761,0.108037,-1.68675,-9.73751e-17,-1.79479,-0.760105
0.29697,0.109146,-1.68553,-9.75714e-17,-1.79468,-0.76387
0.296332,0.11026,-1.68431,-9.77679e-17,-1.79457,-0.767659
0.295697,0.111379,-1.68308,-9.79645e-17,-1.79446,-0.771471
0.295064,0.112503,-1.68184,-9.81613e-17,-1.79435,-0.775307
0.294434,0.113632,-1.6806,-9.83583e-17,-1.79423,-0.779167
0.293805,0.114765,-1.67935,-9.85554e-17,-1.79412,-0.78305
0.29318,0.115904,-1.6781,-9.87526e-17,-1.794,-0.786958
0.292556,0.117047,-1.67683,-9.89499e-17,-1.79388,-0.790889
0.291936,0.118194,-1.67557,-9.91473e-17,-1.79376,-0.794845
0.291318,0.119346,-1.67429,-9.93447e-17,-1.79364,-0.798824
0.290703,0.120503,-1.67301,-9.95423e-17,-1.79351,-0.802828
0.29009,0.121664,-1.67173,-9.97398e-17,-1.79339,-0.806856
0.28948,0.122829,-1.67043,-9.99374e-17,-1.79326,-0.810909
0.288874,0.123999,-1.66913,-1.00135e-16,-1.79313,-0.814985
0.28827,0.125173,-1.66783,-1.00333e-16,-1.793,-0.819087
0.287669,0.126351,-1.66652,-1.0053e-16,-1.79287,-0.823212
0.287072,0.127534,-1.6652,-1.00728e-16,-1.79274,-0.827362
0.286477,0.12872,-1.66388,-1.00925e-16,-1.7926,-0.831537
0.285886,0.129911,-1.66255,-1.01123e-16,-1.79246,-0.835737
0.285298,0.131105,-1.66122,-1.0132e-16,-1.79233,-0.839961
0.284714,0.132304,-1.65988,-1.01518e-16,-1.79218,-0.84421
0.284133,0.133506,-1.65854,-1.01715e-16,-1.79204,-0.848483
0.283555,0.134712,-1.65719,-1.01912e-16,-1.7919,-0.852782
0.282981,0.135921,-1.65583,-1.02109e-16,-1.79175,-0.857106
0.28241,0.137135,-1.65447,-1.02306e-16,-1.7916,-0.861455
0.281843,0.138351,-1.6531,-1.02503e-16,-1.79146,-0.865828
0.28128,0.139572,-1.65173,-1.02699e-16,-1.7913,-0.870227
0.28072,0.140795,-1.65036,-1.02895e-16,-1.79115,-0.874651
0.280165,0.142022,-1.64897,-1.03092e-16,-1.791,-0.879101
0.279613,0.143252,-1.64759,-1.03287e-16,-1.79084,-0.883575
0.279065,0.144486,-1.6462,-1.03483e-16,-1.79068,-0.888076
0.278521,0.145722,-1.6448,-1.03679e-16,-1.79052,-0.892601
0.277981,0.146962,-1.6434,-1.03874e-16,-1.79036,-0.897152
0.277445,0.148204,-1.64199,-1.04069e-16,-1.7902,-0.901729
0.276914,0.149449,-1.64058,-1.04263e-16,-1.79003,-0.906331
0.276386,0.150697,-1.63917,-1.04457e-16,-1.78987,-0.910959
0.275863,0.151948,-1.63775,-1.04651e-16,-1.7897,-0.915612
0.275344,0.153201,-1.63633,-1.04845e-16,-1.78953,-0.920291
0.27483,0.154456,-1.6349,-1.05038e-16,-1.78935,-0.924996
0.27432,0.155714,-1.63347,-1.05231e-16,-1.78918,-0.929727
0.273814,0.156975,-1.63203,-1.05424e-16,-1.78901,-0.934484
0.273313,0.158237,-1.63059,-1.05616e-16,-1.78883,-0.939267
0.272817,0.159502,-1.62915,-1.05807e-16,-1.78865,-0.944076
0.272325,0.160769,-1.6277,-1.05998e-16,-1.78847,-0.948911
0.271838,0.162037,-1.62625,-1.06189e-16,-1.78829,-0.953772
0.271355,0.163308,-1.62479,-1.06379e-16,-1.7881,-0.95866
0.270878,0.16458,-1.62334,-1.06569e-16,-1.78792,-0.963573
0.270405,0.165853,-1.62188,-1.06758e-16,-1.78773,-0.968513
0.269937,0.167129,-1.62041,-1.06947e-16,-1.78754,-0.973479
0.269474,0.168405,-1.61894,-1.07135e-16,-1.78735,-0.978472
0.269017,0.169683,-1.61747,-1.07323e-16,-1.78716,-0.983491
0.268564,0.170963,-1.616,-1.0751e-16,-1.78696,-0.988537
0.268116,0.172243,-1.61453,-1.07697e-16,-1.78677,-0.993609
0.267673,0.173524,-1.61305,-1.07883e-16,-1.78657,-0.998707
0.267236,0.174807,-1.61157,-1.08068e-16,-1.78637,-1.00383
0.266804,0.176089,-1.61008,-1.08253e-16,-1.78617,-1.00898
0.266377,0.177373,-1.6086,-1.08437e-16,-1.78597,-1.01416
0.265955,0.178657,-1.60711,-1.0862e-16,-1.78577,-1.01937
0.265539,0.179942,-1.60562,-1.08803e-16,-1.78556,-1.0246
0.265128,0.181227,-1.60413,-1.08984e-16,-1.78536,-1.02986
0.264723,0.182512,-1.60264,-1.09166e-16,-1.78515,-1.03515
0.264323,0.183797,-1.60114,-1.09346e-16,-1.78494,-1.04046
0.263929,0.185082,-1.59965,-1.09526e-16,-1.78473,-1.0458
0.26354,0.186367,-1.59815,-1.09705e-16,-1.78452,-1.05117
0.263157,0.187652,-1.59665,-1.09883e-16,-1.7843,-1.05656
0.26278,0.188936,-1.59515,-1.1006e-16,-1.78409,-1.06198
0.262408,0.190219,-1.59365,-1.10237e-16,-1.78387,-1.06743
0.262042,0.191502,-1.59215,-1.10413e-16,-1.78365,-1.07291
0.261682,0.192785,-1.59065,-1.10587e-16,-1.78343,-1.07841
0.261328,0.194066,-1.58915,-1.10761e-16,-1.78321,-1.08394
0.260979,0.195346,-1.58765,-1.10934e-16,-1.78299,-1.0895
0.260637,0.196625,-1.58615,-1.11107e-16,-1.78277,-1.09508
0.2603,0.197902,-1.58464,-1.11278e-16,-1.78255,-1.10069
0.25997,0.199178,-1.58314,-1.11448e-16,-1.78232,-1.10633
0.259645,0.200453,-1.58164,-1.11618e-16,-1.7821,-1.112
0.259326,0.201726,-1.58014,-1.11786e-16,-1.78187,-1.11769
0.259014,0.202996,-1.57864,-1.11953e-16,-1.78164,-1.12342
0.258708,0.204265,-1.57715,-1.1212e-16,-1.78141,-1.12917
0.258407,0.205532,-1.57565,-1.12285e-16,-1.78118,-1.13494
0.258113,0.206796,-1.57415,-1.12449e-16,-1.78095,-1.14075
0.257825,0.208058,-1.57266,-1.12613e-16,-1.78072,-1.14658
0.257544,0.209317,-1.57117,-1.12775e-16,-1.78048,-1.15244
0.257268,0.210573,-1.56968,-1.12936e-16,-1.78025,-1.15833
0.256999,0.211827,-1.56819,-1.13096e-16,-1.78001,-1.16424
0.256737,0.213077,-1.5667,-1.13255e-16,-1.77978,-1.17019
0.25648,0.214324,-1.56522,-1.13412e-16,-1.77954,-1.17616
0.25623,0.215568,-1.56374,-1.13569e-16,-1.77931,-1.18216
0.255987,0.216808,-1.56226,-1.13724e-16,-1.77907,-1.18818
0.25575,0.218045,-1.56078,-1.13878e-16,-1.77883,-1.19424
0.255519,0.219277,-1.55931,-1.14031e-16,-1.77859,-1.20032
0.255295,0.220506,-1.55784,-1.14183e-16,-1.77835,-1.20643
0.255077,0.22173,-1.55638,-1.14333e-16,-1.77811,-1.21257
0.254866,0.22295,-1.55492,-1.14483e-16,-1.77787,-1.21874
0.254662,0.224166,-1.55346,-1.1463e-16,-1.77763,-1.22493
0.254464,0.225377,-1.55201,-1.14777e-16,-1.77739,-1.23116
0.254272,0.226583,-1.55056,-1.14922e-16,-1.77715,-1.23741
0.254088,0.227784,-1.54912,-1.15066e-16,-1.7769,-1.24368
0.253909,0.228979,-1.54768,-1.15209e-16,-1.77666,-1.24999
0.253738,0.23017,-1.54625,-1.1535e-16,-1.77642,-1.25633
0.253573,0.231355,-1.54482,-1.1549e-16,-1.77618,-1.26269
0.253415,0.232534,-1.5434,-1.15628e-16,-1.77594,-1.26908
0.253264,0.233707,-1.54199,-1.15765e-16,-1.77569,-1.2755
0.253119,0.234874,-1.54058,-1.15901e-16,-1.77545,-1.28195
0.252981,0.236035,-1.53917,-1.16035e-16,-1.77521,-1.28842
0.25285,0.23719,-1.53778,-1.16167e-16,-1.77497,-1.29493
0.252726,0.238338,-1.53639,-1.16298e-16,-1.77473,-1.30146
0.252608,0.239479,-1.535,-1.16428e-16,-1.77448,-1.30802
0.252497,0.240613,-1.53363,-1.16556e-16,-1.77424,-1.31461
0.252393,0.24174,-1.53226,-1.16683e-16,-1.774,-1.32122
0.252296,0.242859,-1.5309,-1.16807e-16,-1.77376,-1.32787
0.252205,0.243972,-1.52955,-1.16931e-16,-1.77352,-1.33454
0.252122,0.245076,-1.52821,-1.17053e-16,-1.77328,-1.34124
0.252045,0.246172,-1.52687,-1.17173e-16,-1.77304,-1.34797
0.251975,0.247261,-1.52555,-1.17291e-16,-1.77281,-1.35473
0.251912,0.248341,-1.52423,-1.17408e-16,-1.77257,-1.36152
0.251856,0.249412,-1.52292,-1.17523e-16,-1.77233,-1.36833
0.251807,0.250475,-1.52162,-1.17637e-16,-1.7721,-1.37518
0.251764,0.251529,-1.52034,-1.17749e-16,-1.77187,-1.38205
0.251728,0.252574,-1.51906,-1.17859e-16,-1.77163,-1.38895
0.2517,0.25361,-1.51779,-1.17967e-16,-1.7714,-1.39588
0.251678,0.254636,-1.51653,-1.18074e-16,-1.77117,-1.40283
0.251663,0.255652,-1.51529,-1.18179e-16,-1.77094,-1.40982
0.251655,0.256659,-1.51405,-1.18282e-16,-1.77071,-1.41683
0.251653,0.257655,-1.51283,-1.18383e-16,-1.77049,-1.42387
0.251659,0.258642,-1.51162,-1.18482e-16,-1.77026,-1.43094
0.251671,0.259617,-1.51042,-1.1858e-16,-1.77004,-1.43804
0.25169,0.260582,-1.50923,-1.18676e-16,-1.76982,-1.44516
0.251716,0.261536,-1.50806,-1.18769e-16,-1.7696,-1.45232
0.251749,0.262479,-1.5069,-1.18861e-16,-1.76938,-1.4595
0.251789,0.263411,-1.50575,-1.18951e-16,-1.76916,-1.46671
0.251836,0.264331,-1.50462,-1.1904e-16,-1.76895,-1.47395
0.251889,0.265239,-1.50349,-1.19126e-16,-1.76873,-1.48122
0.251949,0.266136,-1.50239,-1.1921e-16,-1.76852,-1.48851
0.252016,0.26702,-1.5013,-1.19292e-16,-1.76832,-1.49584
0.25209,0.267892,-1.50022,-1.19373e-16,-1.76811,-1.50319
0.252171,0.268751,-1.49915,-1.19451e-16,-1.76791,-1.51057
0.252258,0.269597,-1.49811,-1.19527e-16,-1.7677,-1.51798
0.252352,0.270431,-1.49708,-1.19601e-16,-1.76751,-1.52542
0.252453,0.271251,-1.49606,-1.19673e-16,-1.76731,-1.53288
0.25256,0.272057,-1.49506,-1.19743e-16,-1.76712,-1.54037
0.252674,0.27285,-1.49408,-1.19811e-16,-1.76693,-1.5479
0.252795,0.273629,-1.49311,-1.19877e-16,-1.76674,-1.55545
0.252923,0.274394,-1.49216,-1.19941e-16,-1.76655,-1.56302
0.253057,0.275145,-1.49123,-1.20003e-16,-1.76637,-1.57063
0.253198,0.275881,-1.49031,-1.20062e-16,-1.76619,-1.57826
0.253345,0.276602,-1.48941,-1.20119e-16,-1.76602,-1.58592
0.253499,0.277308,-1.48854,-1.20174e-16,-1.76584,-1.59361
0.253659,0.277999,-1.48767,-1.20227e-16,-1.76567,-1.60133
0.253826,0.278674,-1.48683,-1.20278e-16,-1.76551,-1.60908
0.254,0.279334,-1.48601,-1.20326e-16,-1.76535,-1.61685
0.25418,0.279978,-1.48521,-1.20372e-16,-1.76519,-1.62465
0.254366,0.280606,-1.48443,-1.20416e-16,-1.76503,-1.63248
0.254559,0.281217,-1.48366,-1.20458e-16,-1.76488,-1.64034
0.254758,0.281812,-1.48292,-1.20497e-16,-1.76473,-1.64822
0.254963,0.28239,-1.4822,-1.20534e-16,-1.76459,-1.65614
0.255175,0.282951,-1.4815,-1.20568e-16,-1.76445,-1.66408
0.255393,0.283494,-1.48082,-1.20601e-16,-1.76431,-1.67205
0.255618,0.28402,-1.48016,-1.20631e-16,-1.76418,-1.68004
0.255848,0.284529,-1.47952,-1.20658e-16,-1.76405,-1.68807
0.256085,0.285019,-1.47891,-1.20683e-16,-1.76393,-1.69612
0.256328,0.285492,-1.47832,-1.20706e-16,-1.76381,-1.7042
0.256577,0.285946,-1.47775,-1.20726e-16,-1.7637,-1.7123
0.256832,0.286381,-1.47721,-1.20744e-16,-1.76359,-1.72044
0.257093,0.286798,-1.47668,-1.20759e-16,-1.76348,-1.7286
0.257359,0.287195,-1.47619,-1.20772e-16,-1.76338,-1.73679
0.257632,0.287573,-1.47571,-1.20782e-16,-1.76329,-1.745
0.257911,0.287932,-1.47526,-1.2079e-16,-1.76319,-1.75325
0.258196,0.288271,-1.47484,-1.20795e-16,-1.76311,-1.76152
0.258486,0.28859,-1.47444,-1.20798e-16,-1.76303,-1.76981
0.258782,0.288889,-1.47406,-1.20798e-16,-1.76295,-1.77814
0.259084,0.289167,-1.47371,-1.20795e-16,-1.76288,-1.78649
0.259392,0.289425,-1.47339,-1.2079e-16,-1.76281,-1.79487
0.259705,0.289662,-1.47309,-1.20783e-16,-1.76275,-1.80328
0.260024,0.289878,-1.47282,-1.20772e-16,-1.7627,-1.81171
0.260348,0.290072,-1.47258,-1.20759e-16,-1.76265,-1.82017
0.260677,0.290245,-1.47236,-1.20744e-16,-1.7626,-1.82866
0.261012,0.290397,-1.47217,-1.20725e-16,-1.76257,-1.83717
0.261353,0.290526,-1.47201,-1.20704e-16,-1.76253,-1.84571
0.261698,0.290633,-1.47187,-1.20681e-16,-1.76251,-1.85428
0.262049,0.290718,-1.47177,-1.20654e-16,-1.76248,-1.86288
0.262405,0.29078,-1.47169,-1.20625e-16,-1.76247,-1.8715
0.262766,0.29082,-1.47164,-1.20593e-16,-1.76246,-1.88015
0.263132,0.290836,-1.47162,-1.20558e-16,-1.76245,-1.88882
0.263503,0.290829,-1.47163,-1.20521e-16,-1.76246,-1.89752
0.263879,0.290799,-1.47166,-1.20481e-16,-1.76246,-1.90625
0.264259,0.290744,-1.47173,-1.20438e-16,-1.76248,-1.915
0.264645,0.290667,-1.47183,-1.20392e-16,-1.7625,-1.92378
0.265035,0.290564,-1.47196,-1.20343e-16,-1.76252,-1.93258
0.265429,0.290438,-1.47212,-1.20291e-16,-1.76256,-1.94141
0.265829,0.290287,-1.47231,-1.20237e-16,-1.76259,-1.95027
0.266232,0.290112,-1.47253,-1.2018e-16,-1.76264,-1.95915
0.26664,0.289911,-1.47278,-1.20119e-16,-1.76269,-1.96806
0.267053,0.289686,-1.47306,-1.20056e-16,-1.76275,-1.977
0.267469,0.289435,-1.47338,-1.1999e-16,-1.76281,-1.98596
0.26789,0.289158,-1.47372,-1.19921e-16,-1.76288,-1.99494
0.268315,0.288856,-1.4741,-1.19849e-16,-1.76296,-2.00395
0.268743,0.288528,-1.47451,-1.19774e-16,-1.76304,-2.01299
0.269176,0.288174,-1.47496,-1.19696e-16,-1.76313,-2.02205
0.269612,0.287794,-1.47544,-1.19615e-16,-1.76323,-2.03114
0.270052,0.287387,-1.47595,-1.19531e-16,-1.76333,-2.04025
0.270496,0.286953,-1.47649,-1.19444e-16,-1.76344,-2.04938
0.270943,0.286493,-1.47707,-1.19354e-16,-1.76356,-2.05854
0.271393,0.286005,-1.47768,-1.19261e-16,-1.76368,-2.06773
0.271846,0.285491,-1.47832,-1.19165e-16,-1.76381,-2.07693
0.272303,0.284948,-1.479,-1.19066e-16,-1.76395,-2.08616
0.272763,0.284379,-1.47971,-1.18963e-16,-1.76409,-2.09542
0.273225,0.283782,-1.48046,-1.18858e-16,-1.76424,-2.1047
0.27369,0.283156,-1.48124,-1.18749e-16,-1.7644,-2.114
0.274158,0.282503,-1.48206,-1.18638e-16,-1.76456,-2.12333
0.274629,0.281822,-1.48291,-1.18523e-16,-1.76473,-2.13267
0.275102,0.281112,-1.48379,-1.18405e-16,-1.76491,-2.14204
0.275577,0.280373,-1.48472,-1.18284e-16,-1.76509,-2.15144
0.276054,0.279606,-1.48567,-1.1816e-16,-1.76528,-2.16085
0.276534,0.278811,-1.48666,-1.18033e-16,-1.76547,-2.17029
0.277015,0.277986,-1.48769,-1.17902e-16,-1.76568,-2.17975
0.277498,0.277132,-1.48875,-1.17769e-16,-1.76589,-2.18923
0.277982,0.276249,-1.48985,-1.17632e-16,-1.7661,-2.19873
0.278469,0.275336,-1.49099,-1.17492e-16,-1.76632,-2.20825
0.278956,0.274394,-1.49216,-1.17349e-16,-1.76655,-2.21779
0.279444,0.273423,-1.49336,-1.17202e-16,-1.76679,-2.22736
0.279934,0.272422,-1.49461,-1.17052e-16,-1.76703,-2.23694
0.280424,0.271391,-1.49589,-1.169e-16,-1.76728,-2.24654
0.280916,0.27033,-1.4972,-1.16743e-16,-1.76753,-2.25616
0.281407,0.269239,-1.49855,-1.16584e-16,-1.76779,-2.2658
0.281899,0.268118,-1.49994,-1.16422e-16,-1.76806,-2.27546
0.282392,0.266966,-1.50136,-1.16256e-16,-1.76833,-2.28514
0.282884,0.265785,-1.50282,-1.16087e-16,-1.76861,-2.29484
0.283376,0.264573,-1.50432,-1.15914e-16,-1.76889,-2.30455
0.283868,0.26333,-1.50585,-1.15739e-16,-1.76918,-2.31429
0.28436,0.262057,-1.50742,-1.1556e-16,-1.76948,-2.32403
0.284851,0.260753,-1.50902,-1.15378e-16,-1.76978,-2.3338
0.285341,0.259419,-1.51066,-1.15193e-16,-1.77008,-2.34358
0.28583,0.258054,-1.51234,-1.15004e-16,-1.7704,-2.35338
0.286318,0.256658,-1.51405,-1.14812e-16,-1.77071,-2.3632
0.286805,0.255232,-1.5158,-1.14617e-16,-1.77104,-2.37303
0.28729,0.253774,-1.51759,-1.14419e-16,-1.77136,-2.38287
0.287774,0.252286,-1.51941,-1.14218e-16,-1.7717,-2.39273
0.288255,0.250766,-1.52127,-1.14013e-16,-1.77203,-2.40261
0.288735,0.249216,-1.52316,-1.13805e-16,-1.77238,-2.41249
0.289212,0.247634,-1.52509,-1.13593e-16,-1.77273,-2.4224
0.289687,0.246022,-1.52706,-1.13379e-16,-1.77308,-2.43231
0.290159,0.244379,-1.52906,-1.13161e-16,-1.77343,-2.44224
0.290628,0.242704,-1.53109,-1.1294e-16,-1.7738,-2.45218
0.291094,0.240999,-1.53316,-1.12716e-16,-1.77416,-2.46213
0.291557,0.239262,-1.53527,-1.12488e-16,-1.77453,-2.47209
0.292016,0.237495,-1.53741,-1.12258e-16,-1.7749,-2.48207
0.292471,0.235696,-1.53958,-1.12024e-16,-1.77528,-2.49205
0.292923,0.233867,-1.54179,-1.11787e-16,-1.77566,-2.50205
0.29337,0.232006,-1.54404,-1.11547e-16,-1.77604,-2.51206
0.293814,0.230115,-1.54632,-1.11303e-16,-1.77643,-2.52207
0.294252,0.228193,-1.54863,-1.11056e-16,-1.77682,-2.5321
0.294686,0.22624,-1.55097,-1.10807e-16,-1.77721,-2.54213
0.295114,0.224256,-1.55335,-1.10554e-16,-1.77761,-2.55217
0.295538,0.222241,-1.55577,-1.10298e-16,-1.77801,-2.56222
0.295956,0.220196,-1.55821,-1.10038e-16,-1.77841,-2.57228
0.296368,0.21812,-1.56069,-1.09776e-16,-1.77881,-2.58234
0.296774,0.216014,-1.56321,-1.0951e-16,-1.77922,-2.59241
0.297174,0.213877,-1.56575,-1.09242e-16,-1.77963,-2.60249
0.297568,0.21171,-1.56833,-1.0897e-16,-1.78004,-2.61257
0.297955,0.209512,-1.57093,-1.08696e-16,-1.78045,-2.62266
0.298335,0.207285,-1.57357,-1.08418e-16,-1.78086,-2.63275
0.298708,0.205027,-1.57625,-1.08137e-16,-1.78127,-2.64284
0.299074,0.202739,-1.57895,-1.07853e-16,-1.78169,-2.65294
0.299432,0.200421,-1.58168,-1.07566e-16,-1.7821,-2.66304
0.299782,0.198073,-1.58444,-1.07277e-16,-1.78252,-2.67315
0.300125,0.195696,-1.58724,-1.06984e-16,-1.78293,-2.68326
0.300458,0.193289,-1.59006,-1.06688e-16,-1.78335,-2.69337
0.300783,0.190853,-1.59291,-1.0639e-16,-1.78376,-2.70348
0.3011,0.188387,-1.59579,-1.06088e-16,-1.78418,-2.71359
0.301407,0.185893,-1.5987,-1.05784e-16,-1.78459,-2.7237
0.301705,0.183369,-1.60164,-1.05476e-16,-1.78501,-2.73382
0.301993,0.180816,-1.60461,-1.05166e-16,-1.78542,-2.74393
0.302271,0.178234,-1.6076,-1.04854e-16,-1.78583,-2.75404
0.302539,0.175624,-1.61062,-1.04538e-16,-1.78624,-2.76415
0.302797,0.172986,-1.61367,-1.04219e-16,-1.78665,-2.77426
0.303044,0.170319,-1.61674,-1.03898e-16,-1.78706,-2.78436
0.30328,0.167624,-1.61984,-1.03574e-16,-1.78747,-2.79447
0.303505,0.164901,-1.62297,-1.03248e-16,-1.78787,-2.80457
0.303718,0.162151,-1.62612,-1.02919e-16,-1.78827,-2.81466
0.303919,0.159372,-1.6293,-1.02587e-16,-1.78867,-2.82475
0.304109,0.156567,-1.6325,-1.02253e-16,-1.78906,-2.83484
0.304286,0.153734,-1.63572,-1.01916e-16,-1.78945,-2.84492
0.304451,0.150874,-1.63897,-1.01576e-16,-1.78984,-2.855
0.304602,0.147987,-1.64224,-1.01235e-16,-1.79023,-2.86507
0.304741,0.145074,-1.64553,-1.0089e-16,-1.79061,-2.87513
0.304866,0.142134,-1.64885,-1.00543e-16,-1.79098,-2.88519
0.304977,0.139168,-1.65219,-1.00194e-16,-1.79135,-2.89524
0.305075,0.136176,-1.65554,-9.98427e-17,-1.79172,-2.90528
0.305158,0.133159,-1.65892,-9.94889e-17,-1.79208,-2.91531
0.305226,0.130115,-1.66233,-9.91328e-17,-1.79244,-2.92533
0.30528,0.127047,-1.66575,-9.87745e-17,-1.79279,-2.93534
0.305318,0.123953,-1.66919,-9.8414e-17,-1.79314,-2.94535
0.305341,0.120834,-1.67265,-9.80513e-17,-1.79348,-2.95534
0.305348,0.117691,-1.67612,-9.76866e-17,-1.79381,-2.96532
0.30534,0.114523,-1.67962,-9.73197e-17,-1.79414,-2.97529
0.305314,0.111331,-1.68313,-9.69508e-17,-1.79446,-2.98525
0.305273,0.108115,-1.68666,-9.658e-17,-1.79478,-2.9952
0.305214,0.104875,-1.69021,-9.62072e-17,-1.79509,-3.00513
0.305138,0.101612,-1.69377,-9.58325e-17,-1.79539,-3.01505
0.305045,0.098326,-1.69735,-9.54559e-17,-1.79568,-3.02496
0.304933,0.0950168,-1.70095,-9.50776e-17,-1.79597,-3.03485
0.304804,0.091685,-1.70456,-9.46975e-17,-1.79624,-3.04473
0.304656,0.0883307,-1.70818,-9.43157e-17,-1.79651,-3.05459
0.304489,0.0849543,-1.71182,-9.39323e-17,-1.79677,-3.06443
0.304303,0.0815561,-1.71547,-9.35472e-17,-1.79703,-3.07426
0.304098,0.0781362,-1.71914,-9.31606e-17,-1.79727,-3.08408
0.303873,0.074695,-1.72281,-9.27725e-17,-1.79751,-3.09387
0.303628,0.0712328,-1.7265,-9.23829e-17,-1.79773,-3.10365
0.303363,0.0677498,-1.7302,-9.1992e-17,-1.79795,-3.11341
0.303077,0.0642464,-1.73391,-9.15997e-17,-1.79815,-3.12316
0.302771,0.0607228,-1.73763,-9.12062e-17,-1.79835,-3.13288
0.302443,0.0571793,-1.74136,-9.08114e-17,-1.79854,-3.14259
0.302093,0.0536162,-1.7451,-9.04154e-17,-1.79871,-3.15227
0.301721,0.0500338,-1.74885,-9.00183e-17,-1.79888,-3.16194
0.301327,0.0464325,-1.7526,-8.96202e-17,-1.79904,-3.17158
0.300911,0.0428125,-1.75637,-8.92211e-17,-1.79918,-3.1812
0.300472,0.039174,-1.76014,-8.88211e-17,-1.79931,-3.19081
0.300009,0.0355176,-1.76392,-8.84202e-17,-1.79944,-3.20039
0.299523,0.0318434,-1.7677,-8.80184e-17,-1.79955,-3.20994
0.299013,0.0281517,-1.77149,-8.7616e-17,-1.79965,-3.21948
0.298479,0.024443,-1.77529,-8.72128e-17,-1.79973,-3.22899
0.29792,0.0207174,-1.77909,-8.68091e-17,-1.79981,-3.23848
0.297336,0.0169754,-1.7829,-8.64048e-17,-1.79987,-3.24794
0.296727,0.0132173,-1.7867,-8.6e-17,-1.79992,-3.25738
0.296093,0.00944341,-1.79052,-8.55948e-17,-1.79996,-3.2668
0.295433,0.00565406,-1.79433,-8.51893e-17,-1.79999,-3.27619
0.294746,0.00184959,-1.79815,-8.47835e-17,-1.8,-3.28555
0.294033,-0.00196964,-1.80197,-8.43774e-17,-1.8,-3.29489
0.293293,-0.00580329,-1.80579,-8.39713e-17,-1.79998,-3.3042
0.292525,-0.00965101,-1.80961,-8.3565e-17,-1.79996,-3.31348
0.29173,-0.0135124,-1.81343,-8.31588e-17,-1.79992,-3.32274
0.290907,-0.0173872,-1.81725,-8.27527e-17,-1.79986,-3.33197
0.290056,-0.021275,-1.82107,-8.23467e-17,-1.7998,-3.34117
0.289176,-0.0251754,-1.82489,-8.19409e-17,-1.79972,-3.35034
0.288267,-0.0290881,-1.82871,-8.15355e-17,-1.79962,-3.35949
0.287328,-0.0330126,-1.83253,-8.11304e-17,-1.79951,-3.3686
0.28636,-0.0369487,-1.83634,-8.07258e-17,-1.79939,-3.37769
0.285362,-0.0408958,-1.84015,-8.03217e-17,-1.79925,-3.38674
0.284333,-0.0448537,-1.84395,-7.99182e-17,-1.7991,-3.39577
0.283274,-0.048822,-1.84776,-7.95154e-17,-1.79893,-3.40476
0.282183,-0.0528002,-1.85155,-7.91133e-17,-1.79875,-3.41372
0.281061,-0.056788,-1.85535,-7.87122e-17,-1.79856,-3.42265
0.279907,-0.0607849,-1.85913,-7.83119e-17,-1.79835,-3.43155
0.27872,-0.0647906,-1.86291,-7.79127e-17,-1.79812,-3.44042
0.277501,-0.0688046,-1.86669,-7.75145e-17,-1.79788,-3.44925
0.276249,-0.0728266,-1.87046,-7.71175e-17,-1.79763,-3.45805
0.274964,-0.076856,-1.87422,-7.67218e-17,-1.79736,-3.46682
0.273645,-0.0808924,-1.87797,-7.63274e-17,-1.79708,-3.47556
0.272291,-0.0849355,-1.88171,-7.59344e-17,-1.79678,-3.48426
0.270904,-0.0889846,-1.88545,-7.5543e-17,-1.79646,-3.49292
0.269481,-0.0930395,-1.88917,-7.51532e-17,-1.79613,-3.50155
0.268023,-0.0970995,-1.89289,-7.4765e-17,-1.79579,-3.51014
0.266529,-0.101164,-1.89659,-7.43787e-17,-1.79543,-3.5187
0.265,-0.105233,-1.90029,-7.39942e-17,-1.79505,-3.52723
0.263434,-0.109306,-1.90397,-7.36116e-17,-1.79466,-3.53571
0.261831,-0.113382,-1.90764,-7.32312e-17,-1.79426,-3.54416
0.260191,-0.117461,-1.9113,-7.28528e-17,-1.79384,-3.55257
0.258514,-0.121542,-1.91494,-7.24768e-17,-1.7934,-3.56094
0.256799,-0.125624,-1.91858,-7.2103e-17,-1.79295,-3.56928
0.255046,-0.129708,-1.9222,-7.17317e-17,-1.79249,-3.57758
0.253254,-0.133792,-1.9258,-7.13629e-17,-1.79201,-3.58583
0.251423,-0.137877,-1.92939,-7.09967e-17,-1.79151,-3.59405
0.249552,-0.14196,-1.93296,-7.06332e-17,-1.791,-3.60222
0.247642,-0.146043,-1.93652,-7.02725e-17,-1.79048,-3.61036
0.245692,-0.150124,-1.94007,-6.99148e-17,-1.78994,-3.61846
0.243701,-0.154203,-1.94359,-6.956e-17,-1.78939,-3.62651
0.24167,-0.158278,-1.9471,-6.92083e-17,-1.78882,-3.63452
0.239597,-0.16235,-1.95059,-6.88598e-17,-1.78824,-3.64249
0.237483,-0.166418,-1.95406,-6.85146e-17,-1.78765,-3.65041
0.235327,-0.170482,-1.95752,-6.81728e-17,-1.78704,-3.6583
0.233129,-0.174539,-1.96095,-6.78344e-17,-1.78641,-3.66614
0.230888,-0.178591,-1.96437,-6.74996e-17,-1.78578,-3.67393
0.228605,-0.182636,-1.96776,-6.71685e-17,-1.78513,-3.68168
0.226278,-0.186673,-1.97114,-6.68412e-17,-1.78447,-3.68938
0.223908,-0.190703,-1.97449,-6.65177e-17,-1.78379,-3.69704
0.221494,-0.194723,-1.97782,-6.61981e-17,-1.7831,-3.70465
0.219036,-0.198735,-1.98113,-6.58826e-17,-1.7824,-3.71222
0.216533,-0.202736,-1.98442,-6.55713e-17,-1.78169,-3.71974
0.213986,-0.206726,-1.98769,-6.52641e-17,-1.78096,-3.72721
0.211394,-0.210704,-1.99093,-6.49613e-17,-1.78022,-3.73464
0.208757,-0.21467,-1.99415,-6.46628e-17,-1.77948,-3.74201
0.206074,-0.218623,-1.99734,-6.43689e-17,-1.77872,-3.74934
0.203345,-0.222562,-2.00051,-6.40795e-17,-1.77795,-3.75662
0.200571,-0.226486,-2.00365,-6.37948e-17,-1.77717,-3.76384
0.19775,-0.230395,-2.00677,-6.35149e-17,-1.77637,-3.77102
0.194883,-0.234288,-2.00986,-6.32398e-17,-1.77557,-3.77815
0.191969,-0.238164,-2.01293,-6.29696e-17,-1.77476,-3.78523
0.189008,-0.242023,-2.01596,-6.27044e-17,-1.77394,-3.79226
0.186001,-0.245862,-2.01897,-6.24442e-17,-1.77311,-3.79923
0.182946,-0.249683,-2.02196,-6.21892e-17,-1.77227,-3.80616
0.179844,-0.253483,-2.02491,-6.19395e-17,-1.77143,-3.81303
0.176694,-0.257263,-2.02784,-6.1695e-17,-1.77058,-3.81985
0.173497,-0.26102,-2.03074,-6.14559e-17,-1.76971,-3.82662
0.170252,-0.264755,-2.0336,-6.12222e-17,-1.76885,-3.83333
0.166959,-0.268467,-2.03644,-6.0994e-17,-1.76797,-3.83999
0.163618,-0.272154,-2.03925,-6.07714e-17,-1.76709,-3.8466
0.16023,-0.275817,-2.04202,-6.05544e-17,-1.76621,-3.85316
0.156793,-0.279453,-2.04477,-6.03431e-17,-1.76532,-3.85966
0.153309,-0.283063,-2.04748,-6.01375e-17,-1.76442,-3.8661
0.149777,-0.286645,-2.05017,-5.99377e-17,-1.76352,-3.8725
0.146196,-0.290199,-2.05282,-5.97438e-17,-1.76262,-3.87883
0.142568,-0.293723,-2.05543,-5.95557e-17,-1.76171,-3.88512
0.138892,-0.297217,-2.05802,-5.93736e-17,-1.7608,-3.89134
0.135168,-0.30068,-2.06057,-5.91974e-17,-1.75989,-3.89752
0.131396,-0.304111,-2.06309,-5.90273e-17,-1.75898,-3.90364
0.127577,-0.30751,-2.06557,-5.88632e-17,-1.75806,-3.9097
0.12371,-0.310875,-2.06802,-5.87052e-17,-1.75715,-3.91571
0.119796,-0.314205,-2.07043,-5.85533e-17,-1.75623,-3.92166
0.115835,-0.3175,-2.07281,-5.84076e-17,-1.75531,-3.92756
0.111827,-0.320759,-2.07516,-5.8268e-17,-1.7544,-3.9334
0.107773,-0.323981,-2.07747,-5.81345e-17,-1.75349,-3.93919
0.103672,-0.327166,-2.07974,-5.80073e-17,-1.75258,-3.94492
0.0995247,-0.330311,-2.08198,-5.78863e-17,-1.75167,-3.9506
0.0953319,-0.333417,-2.08418,-5.77715e-17,-1.75076,-3.95622
0.0910936,-0.336483,-2.08635,-5.7663e-17,-1.74986,-3.96179
0.0868103,-0.339507,-2.08847,-5.75606e-17,-1.74897,-3.9673
0.0824822,-0.34249,-2.09056,-5.74645e-17,-1.74807,-3.97276
0.0781099,-0.34543,-2.09262,-5.73746e-17,-1.74719,-3.97816
0.0736937,-0.348326,-2.09463,-5.7291e-17,-1.74631,-3.98351
0.0692341,-0.351177,-2.09661,-5.72135e-17,-1.74543,-3.98881
0.0647316,-0.353984,-2.09855,-5.71422e-17,-1.74457,-3.99405
0.0601868,-0.356745,-2.10045,-5.70771e-17,-1.74371,-3.99924
0.0556001,-0.359458,-2.10232,-5.70182e-17,-1.74286,-4.00437
0.0509721,-0.362125,-2.10414,-5.69654e-17,-1.74202,-4.00946
0.0463035,-0.364743,-2.10593,-5.69187e-17,-1.74118,-4.01449
0.0415948,-0.367312,-2.10767,-5.6878e-17,-1.74036,-4.01947
0.0368468,-0.369832,-2.10938,-5.68434e-17,-1.73955,-4.0244
0.03206,-0.372301,-2.11105,-5.68148e-17,-1.73875,-4.02927
0.0272352,-0.374719,-2.11268,-5.67922e-17,-1.73796,-4.0341
0.0223731,-0.377086,-2.11427,-5.67755e-17,-1.73718,-4.03888
0.0174745,-0.3794,-2.11582,-5.67647e-17,-1.73642,-4.0436
0.0125401,-0.381661,-2.11733,-5.67597e-17,-1.73567,-4.04828
0.00757082,-0.383868,-2.1188,-5.67605e-17,-1.73493,-4.05291
0.0025674,-0.386021,-2.12023,-5.6767e-17,-1.73421,-4.05749
-0.00246928,-0.388119,-2.12162,-5.67792e-17,-1.7335,-4.06203
-0.00753835,-0.390162,-2.12297,-5.6797e-17,-1.73281,-4.06652
-0.0126389,-0.392149,-2.12428,-5.68204e-17,-1.73213,-4.07096
-0.01777,-0.394079,-2.12555,-5.68493e-17,-1.73147,-4.07536
-0.0229307,-0.395953,-2.12677,-5.68836e-17,-1.73082,-4.07972
-0.0281201,-0.397768,-2.12796,-5.69233e-17,-1.73019,-4.08403
-0.0333371,-0.399526,-2.12911,-5.69683e-17,-1.72958,-4.0883
-0.0385808,-0.401226,-2.13022,-5.70186e-17,-1.72899,-4.09253
-0.04385,-0.402866,-2.13128,-5.7074e-17,-1.72842,-4.09671
-0.0491439,-0.404448,-2.13231,-5.71345e-17,-1.72786,-4.10086
-0.0544612,-0.40597,-2.13329,-5.72001e-17,-1.72732,-4.10496
-0.059801,-0.407431,-2.13424,-5.72706e-17,-1.72681,-4.10903
-0.0651621,-0.408833,-2.13514,-5.7346e-17,-1.72631,-4.11307
-0.0705435,-0.410174,-2.136,-5.74262e-17,-1.72583,-4.11706
-0.0759439,-0.411454,-2.13683,-5.75111e-17,-1.72537,-4.12102
-0.0813623,-0.412673,-2.13761,-5.76007e-17,-1.72494,-4.12494
-0.0867975,-0.41383,-2.13835,-5.76949e-17,-1.72452,-4.12884
-0.0922483,-0.414926,-2.13905,-5.77936e-17,-1.72413,-4.13269
-0.0977136,-0.41596,-2.13971,-5.78968e-17,-1.72375,-4.13652
-0.103192,-0.416932,-2.14033,-5.80043e-17,-1.7234,-4.14032
-0.108683,-0.417842,-2.14091,-5.81161e-17,-1.72307,-4.14409
-0.114184,-0.41869,-2.14145,-5.82322e-17,-1.72276,-4.14782
-0.119696,-0.419476,-2.14195,-5.83523e-17,-1.72248,-4.15153
-0.125216,-0.420199,-2.14241,-5.84766e-17,-1.72221,-4.15522
-0.130743,-0.42086,-2.14283,-5.86048e-17,-1.72197,-4.15888
-0.136276,-0.421459,-2.14321,-5.8737e-17,-1.72175,-4.16251
-0.141814,-0.421995,-2.14355,-5.88731e-17,-1.72156,-4.16612
-0.147356,-0.422469,-2.14385,-5.90129e-17,-1.72138,-4.16971
-0.1529,-0.422881,-2.14411,-5.91565e-17,-1.72123,-4.17328
-0.158445,-0.42323,-2.14433,-5.93037e-17,-1.7211,-4.17683
-0.163991,-0.423518,-2.14451,-5.94545e-17,-1.721,-4.18036
-0.169535,-0.423744,-2.14466,-5.96088e-17,-1.72091,-4.18387
-0.175077,-0.423908,-2.14476,-5.97666e-17,-1.72085,-4.18736
-0.180616,-0.424011,-2.14483,-5.99278e-17,-1.72081,-4.19084
-0.18615,-0.424052,-2.14485,-6.00923e-17,-1.7208,-4.1943
-0.191678,-0.424032,-2.14484,-6.02602e-17,-1.72081,-4.19775
-0.197199,-0.423952,-2.14479,-6.04312e-17,-1.72084,-4.20119
-0.202711,-0.423811,-2.1447,-6.06054e-17,-1.72089,-4.20461
-0.208215,-0.42361,-2.14457,-6.07828e-17,-1.72096,-4.20803
-0.213708,-0.423349,-2.14441,-6.09632e-17,-1.72106,-4.21143
-0.21919,-0.423029,-2.1442,-6.11466e-17,-1.72118,-4.21483
-0.224659,-0.422649,-2.14396,-6.1333e-17,-1.72132,-4.21822
-0.230115,-0.422211,-2.14369,-6.15223e-17,-1.72148,-4.2216
-0.235555,-0.421714,-2.14337,-6.17145e-17,-1.72166,-4.22497
-0.24098,-0.42116,-2.14302,-6.19095e-17,-1.72186,-4.22834
-0.246389,-0.420548,-2.14263,-6.21074e-17,-1.72208,-4.23171
-0.251779,-0.419879,-2.14221,-6.23079e-17,-1.72233,-4.23507
-0.257151,-0.419153,-2.14175,-6.25112e-17,-1.72259,-4.23844
-0.262503,-0.418372,-2.14125,-6.27171e-17,-1.72288,-4.2418
-0.267835,-0.417535,-2.14072,-6.29257e-17,-1.72318,-4.24516
-0.273145,-0.416643,-2.14015,-6.31369e-17,-1.72351,-4.24852
-0.278432,-0.415696,-2.13954,-6.33507e-17,-1.72385,-4.25188
-0.283696,-0.414696,-2.1389,-6.3567e-17,-1.72421,-4.25524
-0.288936,-0.413643,-2.13823,-6.37858e-17,-1.72459,-4.25861
-0.294151,-0.412536,-2.13752,-6.40071e-17,-1.72499,-4.26198
-0.299341,-0.411378,-2.13678,-6.42308e-17,-1.7254,-4.26536
-0.304504,-0.410168,-2.136,-6.4457e-17,-1.72583,-4.26874
-0.309639,-0.408908,-2.13519,-6.46855e-17,-1.72628,-4.27212
-0.314746,-0.407597,-2.13434,-6.49165e-17,-1.72675,-4.27552
-0.319825,-0.406236,-2.13347,-6.51498e-17,-1.72723,-4.27892
-0.324874,-0.404827,-2.13255,-6.53854e-17,-1.72773,-4.28233
-0.329894,-0.403369,-2.13161,-6.56233e-17,-1.72824,-4.28574
-0.334882,-0.401864,-2.13063,-6.58636e-17,-1.72877,-4.28917
-0.339839,-0.400311,-2.12962,-6.61061e-17,-1.72931,-4.29261
-0.344765,-0.398713,-2.12858,-6.63508e-17,-1.72987,-4.29605
-0.349657,-0.397069,-2.1275,-6.65978e-17,-1.73044,-4.29951
-0.354517,-0.39538,-2.1264,-6.6847e-17,-1.73102,-4.30298
-0.359344,-0.393646,-2.12526,-6.70983e-17,-1.73161,-4.30646
-0.364136,-0.391869,-2.12409,-6.73519e-17,-1.73222,-4.30996
-0.368894,-0.39005,-2.12289,-6.76076e-17,-1.73284,-4.31346
-0.373617,-0.388188,-2.12166,-6.78655e-17,-1.73348,-4.31698
-0.378305,-0.386285,-2.1204,-6.81255e-17,-1.73412,-4.32052
-0.382958,-0.384342,-2.11911,-6.83876e-17,-1.73477,-4.32407
-0.387574,-0.382358,-2.11779,-6.86518e-17,-1.73544,-4.32763
-0.392154,-0.380335,-2.11644,-6.89181e-17,-1.73611,-4.33121
-0.396697,-0.378274,-2.11506,-6.91864e-17,-1.73679,-4.3348
-0.401203,-0.376175,-2.11366,-6.94568e-17,-1.73748,-4.33841
-0.405671,-0.374039,-2.11222,-6.97293e-17,-1.73818,-4.34203
-0.410102,-0.371866,-2.11076,-7.00037e-17,-1.73889,-4.34567
-0.414496,-0.369658,-2.10926,-7.02801e-17,-1.73961,-4.34933
-0.418851,-0.367415,-2.10774,-7.05586e-17,-1.74033,-4.35301
-0.423168,-0.365138,-2.1062,-7.08389e-17,-1.74106,-4.3567
-0.427446,-0.362827,-2.10462,-7.11213e-17,-1.74179,-4.3604
-0.431686,-0.360484,-2.10302,-7.14055e-17,-1.74254,-4.36413
-0.435887,-0.358108,-2.10139,-7.16917e-17,-1.74328,-4.36787
-0.440049,-0.355701,-2.09974,-7.19798e-17,-1.74403,-4.37163
-0.444172,-0.353264,-2.09805,-7.22697e-17,-1.74479,-4.37541
-0.448256,-0.350797,-2.09635,-7.25615e-17,-1.74555,-4.3792
-0.452301,-0.3483,-2.09462,-7.28551e-17,-1.74632,-4.38302
-0.456306,-0.345775,-2.09286,-7.31505e-17,-1.74708,-4.38685
-0.460272,-0.343222,-2.09108,-7.34478e-17,-1.74785,-4.3907
-0.464199,-0.340642,-2.08927,-7.37468e-17,-1.74863,-4.39456
-0.468087,-0.338036,-2.08744,-7.40475e-17,-1.7494,-4.39845
-0.471935,-0.335404,-2.08559,-7.435e-17,-1.75018,-4.40235
-0.475744,-0.332746,-2.08371,-7.46542e-17,-1.75096,-4.40627
-0.479513,-0.330065,-2.08181,-7.496e-17,-1.75174,-4.41021
-0.483243,-0.327359,-2.07988,-7.52675e-17,-1.75252,-4.41416
-0.486934,-0.324631,-2.07793,-7.55767e-17,-1.7533,-4.41814
-0.490586,-0.32188,-2.07596,-7.58874e-17,-1.75408,-4.42213
-0.494199,-0.319107,-2.07397,-7.61998e-17,-1.75486,-4.42614
-0.497772,-0.316313,-2.07196,-7.65137e-17,-1.75565,-4.43016
-0.501307,-0.313499,-2.06992,-7.68291e-17,-1.75642,-4.43421
-0.504803,-0.310664,-2.06787,-7.7146e-17,-1.7572,-4.43827
-0.508261,-0.307811,-2.06579,-7.74644e-17,-1.75798,-4.44235
-0.511679,-0.304938,-2.06369,-7.77842e-17,-1.75875,-4.44644
-0.51506,-0.302048,-2.06157,-7.81055e-17,-1.75953,-4.45055
-0.518402,-0.29914,-2.05944,-7.84281e-17,-1.7603,-4.45468
-0.521706,-0.296216,-2.05728,-7.87521e-17,-1.76106,-4.45883
-0.524973,-0.293275,-2.0551,-7.90774e-17,-1.76183,-4.46299
-0.528201,-0.290319,-2.0529,-7.9404e-17,-1.76259,-4.46717
-0.531392,-0.287347,-2.05069,-7.97319e-17,-1.76334,-4.47136
-0.534546,-0.284361,-2.04846,-8.0061e-17,-1.7641,-4.47557
-0.537662,-0.281361,-2.0462,-8.03913e-17,-1.76484,-4.4798
-0.540742,-0.278347,-2.04394,-8.07228e-17,-1.76559,-4.48404
-0.543785,-0.275321,-2.04165,-8.10554e-17,-1.76633,-4.4883
-0.546791,-0.272282,-2.03934,-8.13891e-17,-1.76706,-4.49257
-0.549761,-0.269231,-2.03702,-8.17239e-17,-1.76779,-4.49686
-0.552695,-0.266169,-2.03468,-8.20597e-17,-1.76852,-4.50116
-0.555593,-0.263096,-2.03233,-8.23965e-17,-1.76923,-4.50548
-0.558456,-0.260013,-2.02996,-8.27343e-17,-1.76995,-4.50981
-0.561283,-0.25692,-2.02757,-8.30731e-17,-1.77065,-4.51415
-0.564076,-0.253818,-2.02517,-8.34127e-17,-1.77135,-4.51851
-0.566833,-0.250707,-2.02276,-8.37532e-17,-1.77205,-4.52288
-0.569556,-0.247588,-2.02032,-8.40945e-17,-1.77274,-4.52726
-0.572245,-0.244461,-2.01788,-8.44366e-17,-1.77342,-4.53166
-0.574899,-0.241326,-2.01542,-8.47795e-17,-1.77409,-4.53607
-0.57752,-0.238185,-2.01294,-8.51231e-17,-1.77476,-4.54049
-0.580107,-0.235037,-2.01045,-8.54674e-17,-1.77542,-4.54492
-0.582662,-0.231883,-2.00795,-8.58124e-17,-1.77607,-4.54937
-0.585183,-0.228723,-2.00544,-8.61579e-17,-1.77671,-4.55383
-0.587671,-0.225558,-2.00291,-8.65041e-17,-1.77735,-4.55829
-0.590128,-0.222388,-2.00037,-8.68508e-17,-1.77798,-4.56277
-0.592552,-0.219214,-1.99782,-8.7198e-17,-1.7786,-4.56726
-0.594944,-0.216035,-1.99525,-8.75457e-17,-1.77922,-4.57176
-0.597305,-0.212853,-1.99267,-8.78938e-17,-1.77982,-4.57627
-0.599635,-0.209668,-1.99009,-8.82424e-17,-1.78042,-4.58079
-0.601933,-0.20648,-1.98749,-8.85913e-17,-1.78101,-4.58532
-0.604201,-0.20329,-1.98488,-8.89405e-17,-1.78159,-4.58986
-0.606439,-0.200097,-1.98226,-8.92901e-17,-1.78216,-4.59441
-0.608646,-0.196903,-1.97963,-8.96399e-17,-1.78272,-4.59897
-0.610824,-0.193708,-1.97698,-8.99899e-17,-1.78328,-4.60353
-0.612973,-0.190511,-1.97433,-9.03402e-17,-1.78382,-4.6081
-0.615092,-0.187313,-1.97167,-9.06906e-17,-1.78436,-4.61268
-0.617182,-0.184116,-1.969,-9.10411e-17,-1.78489,-4.61727
-0.619244,-0.180918,-1.96632,-9.13917e-17,-1.78541,-4.62186
-0.621277,-0.17772,-1.96364,-9.17424e-17,-1.78592,-4.62647
-0.623282,-0.174523,-1.96094,-9.20931e-17,-1.78642,-4.63108
-0.62526,-0.171327,-1.95824,-9.24439e-17,-1.78691,-4.63569
-0.62721,-0.168132,-1.95552,-9.27945e-17,-1.78739,-4.64031
-0.629133,-0.164939,-1.9528,-9.31451e-17,-1.78786,-4.64494
-0.631029,-0.161747,-1.95008,-9.34956e-17,-1.78833,-4.64957
-0.632898,-0.158557,-1.94734,-9.3846e-17,-1.78878,-4.65421
-0.634741,-0.15537,-1.9446,-9.41962e-17,-1.78923,-4.65885
-0.636558,-0.152185,-1.94185,-9.45461e-17,-1.78966,-4.66349
-0.63835,-0.149003,-1.93909,-9.48959e-17,-1.79009,-4.66814
-0.640116,-0.145825,-1.93633,-9.52454e-17,-1.79051,-4.6728
-0.641857,-0.142649,-1.93357,-9.55946e-17,-1.79092,-4.67746
-0.643573,-0.139478,-1.93079,-9.59435e-17,-1.79132,-4.68212
-0.645264,-0.13631,-1.92801,-9.6292e-17,-1.7917,-4.68678
-0.646931,-0.133146,-1.92523,-9.66401e-17,-1.79208,-4.69145
-0.648574,-0.129986,-1.92244,-9.69878e-17,-1.79246,-4.69612
-0.650193,-0.126832,-1.91965,-9.73351e-17,-1.79282,-4.70079
-0.651789,-0.123682,-1.91685,-9.76819e-17,-1.79317,-4.70547
-0.653361,-0.120536,-1.91405,-9.80283e-17,-1.79351,-4.71015
-0.654911,-0.117397,-1.91124,-9.83741e-17,-1.79384,-4.71482
-0.656437,-0.114262,-1.90843,-9.87193e-17,-1.79417,-4.7195
-0.657942,-0.111133,-1.90562,-9.9064e-17,-1.79448,-4.72418
-0.659424,-0.10801,-1.9028,-9.9408e-17,-1.79479,-4.72886
-0.660884,-0.104893,-1.89998,-9.97515e-17,-1.79508,-4.73355
-0.662323,-0.101783,-1.89715,-1.00094e-16,-1.79537,-4.73823
-0.66374,-0.0986781,-1.89433,-1.00436e-16,-1.79565,-4.74291
-0.665136,-0.0955803,-1.8915,-1.00778e-16,-1.79592,-4.74759
-0.666512,-0.0924892,-1.88867,-1.01118e-16,-1.79618,-4.75227
-0.667866,-0.0894051,-1.88583,-1.01458e-16,-1.79643,-4.75695
-0.669201,-0.086328,-1.883,-1.01797e-16,-1.79667,-4.76163
-0.670515,-0.0832582,-1.88016,-1.02136e-16,-1.7969,-4.76631
-0.671809,-0.0801957,-1.87732,-1.02473e-16,-1.79713,-4.77098
-0.673084,-0.0771409,-1.87448,-1.0281e-16,-1.79734,-4.77566
-0.674339,-0.0740938,-1.87164,-1.03146e-16,-1.79755,-4.78033
-0.675575,-0.0710545,-1.8688,-1.03481e-16,-1.79774,-4.785
-0.676792,-0.0680232,-1.86595,-1.03814e-16,-1.79793,-4.78967
-0.677991,-0.0650001,-1.86311,-1.04148e-16,-1.79811,-4.79433
-0.679171,-0.0619853,-1.86027,-1.0448e-16,-1.79828,-4.79899
-0.680333,-0.0589789,-1.85742,-1.04811e-16,-1.79844,-4.80365
-0.681477,-0.0559811,-1.85458,-1.05141e-16,-1.7986,-4.80831
-0.682603,-0.0529919,-1.85174,-1.0547e-16,-1.79874,-4.81296
-0.683711,-0.0500115,-1.84889,-1.05798e-16,-1.79888,-4.8176
-0.684803,-0.0470401,-1.84605,-1.06125e-16,-1.79901,-4.82225
-0.685877,-0.0440777,-1.84321,-1.06451e-16,-1.79913,-4.82688
-0.686934,-0.0411244,-1.84037,-1.06776e-16,-1.79924,-4.83152
-0.687975,-0.0381805,-1.83753,-1.071e-16,-1.79935,-4.83615
-0.688999,-0.0352459,-1.83469,-1.07423e-16,-1.79944,-4.84077
-0.690007,-0.0323207,-1.83185,-1.07744e-16,-1.79953,-4.84539
-0.690999,-0.0294052,-1.82902,-1.08065e-16,-1.79961,-4.85001
-0.691976,-0.0264993,-1.82619,-1.08384e-16,-1.79969,-4.85461
-0.692936,-0.0236033,-1.82335,-1.08702e-16,-1.79975,-4.85922
-0.693882,-0.0207171,-1.82053,-1.09019e-16,-1.79981,-4.86381
-0.694812,-0.0178408,-1.8177,-1.09335e-16,-1.79986,-4.8684
-0.695727,-0.0149746,-1.81487,-1.09649e-16,-1.7999,-4.87298
-0.696627,-0.0121186,-1.81205,-1.09962e-16,-1.79993,-4.87756
-0.697513,-0.00927277,-1.80923,-1.10274e-16,-1.79996,-4.88213
-0.698384,-0.00643726,-1.80642,-1.10585e-16,-1.79998,-4.88669
-0.699241,-0.00361214,-1.80361,-1.10894e-16,-1.79999,-4.89125
-0.700084,-0.000797476,-1.8008,-1.11203e-16,-1.8,-4.8958
-0.700913,0.00200665,-1.79799,-1.1151e-16,-1.8,-4.90034
-0.701728,0.00480016,-1.79519,-1.11815e-16,-1.79999,-4.90487
-0.70253,0.00758299,-1.79239,-1.12119e-16,-1.79997,-4.9094
-0.703319,0.0103551,-1.7896,-1.12422e-16,-1.79995,-4.91391
-0.704095,0.0131163,-1.78681,-1.12724e-16,-1.79992,-4.91842
-0.704857,0.0158667,-1.78402,-1.13024e-16,-1.79989,-4.92292
-0.705607,0.0186062,-1.78124,-1.13323e-16,-1.79985,-4.92741
-0.706345,0.0213346,-1.77846,-1.13621e-16,-1.7998,-4.93189
-0.707069,0.024052,-1.77569,-1.13917e-16,-1.79974,-4.93637
-0.707782,0.0267583,-1.77292,-1.14212e-16,-1.79968,-4.94083
-0.708483,0.0294534,-1.77016,-1.14505e-16,-1.79961,-4.94529
-0.709171,0.0321373,-1.7674,-1.14797e-16,-1.79954,-4.94973
-0.709848,0.0348099,-1.76465,-1.15088e-16,-1.79946,-4.95417
-0.710513,0.0374711,-1.7619,-1.15377e-16,-1.79937,-4.95859
-0.711167,0.0401211,-1.75916,-1.15665e-16,-1.79928,-4.96301
-0.71181,0.0427596,-1.75642,-1.15951e-16,-1.79918,-4.96741
-0.712441,0.0453866,-1.75369,-1.16236e-16,-1.79908,-4.97181
-0.713061,0.0480021,-1.75097,-1.1652e-16,-1.79897,-4.97619
-0.713671,0.0506061,-1.74825,-1.16802e-16,-1.79886,-4.98057
-0.71427,0.0531985,-1.74554,-1.17083e-16,-1.79873,-4.98493
-0.714858,0.0557793,-1.74283,-1.17362e-16,-1.79861,-4.98928
-0.715436,0.0583485,-1.74013,-1.1764e-16,-1.79848,-4.99362
-0.716004,0.0609059,-1.73744,-1.17916e-16,-1.79834,-4.99795
-0.716562,0.0634516,-1.73475,-1.18191e-16,-1.7982,-5.00227
-0.71711,0.0659856,-1.73207,-1.18464e-16,-1.79805,-5.00658
-0.717648,0.0685077,-1.72939,-1.18736e-16,-1.7979,-5.01088
-0.718176,0.0710181,-1.72673,-1.19006e-16,-1.79775,-5.01516
-0.718695,0.0735166,-1.72407,-1.19275e-16,-1.79758,-5.01943
-0.719204,0.0760032,-1.72141,-1.19543e-16,-1.79742,-5.02369
-0.719705,0.0784779,-1.71877,-1.19808e-16,-1.79725,-5.02794
-0.720196,0.0809407,-1.71613,-1.20073e-16,-1.79707,-5.03217
-0.720678,0.0833916,-1.7135,-1.20336e-16,-1.79689,-5.0364
-0.721151,0.0858304,-1.71088,-1.20597e-16,-1.79671,-5.04061
-0.721615,0.0882573,-1.70826,-1.20857e-16,-1.79652,-5.0448
-0.722071,0.0906722,-1.70565,-1.21116e-16,-1.79633,-5.04899
-0.722519,0.093075,-1.70305,-1.21373e-16,-1.79613,-5.05316
-0.722958,0.0954658,-1.70046,-1.21628e-16,-1.79593,-5.05732
-0.723388,0.0978445,-1.69788,-1.21882e-16,-1.79572,-5.06146
-0.723811,0.100211,-1.6953,-1.22134e-16,-1.79551,-5.0656
-0.724226,0.102566,-1.69273,-1.22385e-16,-1.7953,-5.06971
-0.724632,0.104908,-1.69018,-1.22635e-16,-1.79508,-5.07382
-0.725031,0.107238,-1.68762,-1.22883e-16,-1.79486,-5.07791
-0.725423,0.109556,-1.68508,-1.23129e-16,-1.79464,-5.08199
-0.725806,0.111862,-1.68255,-1.23374e-16,-1.79441,-5.08605
-0.726183,0.114156,-1.68002,-1.23617e-16,-1.79418,-5.0901
-0.726552,0.116438,-1.67751,-1.23859e-16,-1.79394,-5.09414
-0.726913,0.118707,-1.675,-1.241e-16,-1.79371,-5.09816
-0.727268,0.120965,-1.6725,-1.24339e-16,-1.79347,-5.10217
-0.727616,0.12321,-1.67001,-1.24576e-16,-1.79322,-5.10616
-0.727957,0.125443,-1.66753,-1.24812e-16,-1.79297,-5.11014
-0.728291,0.127663,-1.66506,-1.25046e-16,-1.79272,-5.1141
-0.728618,0.129872,-1.6626,-1.25279e-16,-1.79247,-5.11805
-0.728939,0.132068,-1.66014,-1.2551e-16,-1.79221,-5.12198
-0.729253,0.134252,-1.6577,-1.2574e-16,-1.79195,-5.1259
-0.729561,0.136424,-1.65527,-1.25969e-16,-1.79169,-5.12981
-0.729862,0.138583,-1.65284,-1.26195e-16,-1.79143,-5.13369
-0.730158,0.140731,-1.65043,-1.26421e-16,-1.79116,-5.13757
-0.730447,0.142866,-1.64802,-1.26645e-16,-1.79089,-5.14143
-0.73073,0.144989,-1.64563,-1.26867e-16,-1.79062,-5.14527
-0.731008,0.147099,-1.64324,-1.27088e-16,-1.79034,-5.14909
-0.731279,0.149198,-1.64087,-1.27307e-16,-1.79007,-5.15291
-0.731545,0.151284,-1.6385,-1.27525e-16,-1.78979,-5.1567
-0.731805,0.153358,-1.63615,-1.27741e-16,-1.7895,-5.16048
-0.73206,0.155419,-1.6338,-1.27956e-16,-1.78922,-5.16425
-0.732309,0.157469,-1.63147,-1.2817e-16,-1.78894,-5.16799
-0.732552,0.159506,-1.62914,-1.28382e-16,-1.78865,-5.17173
-0.732791,0.161531,-1.62683,-1.28592e-16,-1.78836,-5.17544
-0.733024,0.163544,-1.62452,-1.28801e-16,-1.78807,-5.17914
-0.733252,0.165545,-1.62223,-1.29009e-16,-1.78777,-5.18282
-0.733475,0.167533,-1.61995,-1.29215e-16,-1.78748,-5.18649
-0.733693,0.169509,-1.61767,-1.2942e-16,-1.78718,-5.19014
-0.733907,0.171474,-1.61541,-1.29623e-16,-1.78689,-5.19377
-0.734115,0.173425,-1.61316,-1.29824e-16,-1.78659,-5.19739
-0.734319,0.175365,-1.61092,-1.30025e-16,-1.78629,-5.20099
-0.734518,0.177293,-1.60869,-1.30223e-16,-1.78598,-5.20458
-0.734712,0.179208,-1.60647,-1.30421e-16,-1.78568,-5.20814
-0.734902,0.181111,-1.60426,-1.30617e-16,-1.78537,-5.21169
-0.735088,0.183003,-1.60207,-1.30811e-16,-1.78507,-5.21523
-0.735269,0.184882,-1.59988,-1.31004e-16,-1.78476,-5.21874
-0.735446,0.186748,-1.5977,-1.31196e-16,-1.78445,-5.22224
-0.735619,0.188603,-1.59554,-1.31386e-16,-1.78414,-5.22572
-0.735787,0.190446,-1.59339,-1.31575e-16,-1.78383,-5.22918
-0.735952,0.192277,-1.59125,-1.31762e-16,-1.78352,-5.23263
-0.736112,0.194095,-1.58911,-1.31948e-16,-1.78321,-5.23606
-0.736269,0.195902,-1.587,-1.32132e-16,-1.7829,-5.23947
-0.736422,0.197696,-1.58489,-1.32316e-16,-1.78258,-5.24287
-0.736571,0.199479,-1.58279,-1.32497e-16,-1.78227,-5.24624
-0.736716,0.201249,-1.5807,-1.32677e-16,-1.78195,-5.2496
-0.736858,0.203007,-1.57863,-1.32856e-16,-1.78164,-5.25294
-0.736996,0.204754,-1.57657,-1.33034e-16,-1.78132,-5.25626
-0.73713,0.206488,-1.57452,-1.3321e-16,-1.78101,-5.25957
-0.737261,0.208211,-1.57248,-1.33385e-16,-1.78069,-5.26286
-0.737389,0.209921,-1.57045,-1.33558e-16,-1.78037,-5.26613
-0.737513,0.21162,-1.56843,-1.3373e-16,-1.78005,-5.26938
-0.737634,0.213306,-1.56643,-1.339e-16,-1.77974,-5.27261
-0.737752,0.214981,-1.56444,-1.3407e-16,-1.77942,-5.27582
-0.737866,0.216644,-1.56245,-1.34238e-16,-1.7791,-5.27902
-0.737978,0.218295,-1.56049,-1.34404e-16,-1.77878,-5.2822
-0.738086,0.219934,-1.55853,-1.34569e-16,-1.77846,-5.28536
-0.738192,0.221562,-1.55658,-1.34733e-16,-1.77814,-5.2885
-0.738294,0.223177,-1.55465,-1.34895e-16,-1.77782,-5.29162
-0.738394,0.224781,-1.55273,-1.35056e-16,-1.77751,-5.29472
-0.738491,0.226373,-1.55082,-1.35216e-16,-1.77719,-5.29781
-0.738585,0.227953,-1.54892,-1.35375e-16,-1.77687,-5.30088
-0.738676,0.229521,-1.54703,-1.35532e-16,-1.77655,-5.30392
-0.738765,0.231078,-1.54516,-1.35688e-16,-1.77623,-5.30695
-0.738851,0.232623,-1.54329,-1.35842e-16,-1.77592,-5.30996
-0.738934,0.234156,-1.54144,-1.35995e-16,-1.7756,-5.31296
-0.739015,0.235678,-1.53961,-1.36147e-16,-1.77528,-5.31593
-0.739094,0.237187,-1.53778,-1.36298e-16,-1.77497,-5.31888
-0.73917,0.238686,-1.53597,-1.36447e-16,-1.77465,-5.32182
-0.739244,0.240172,-1.53416,-1.36595e-16,-1.77434,-5.32473
-0.739315,0.241648,-1.53237,-1.36741e-16,-1.77402,-5.32763
-0.739384,0.243111,-1.5306,-1.36887e-16,-1.77371,-5.3305
-0.739451,0.244563,-1.52883,-1.37031e-16,-1.77339,-5.33336
-0.739516,0.246003,-1.52708,-1.37174e-16,-1.77308,-5.3362
-0.739579,0.247432,-1.52534,-1.37315e-16,-1.77277,-5.33902
-0.73964,0.24885,-1.52361,-1.37455e-16,-1.77246,-5.34182
-0.739698,0.250255,-1.52189,-1.37594e-16,-1.77215,-5.3446
-0.739755,0.25165,-1.52019,-1.37732e-16,-1.77184,-5.34736
-0.73981,0.253033,-1.5185,-1.37869e-16,-1.77153,-5.3501
-0.739863,0.254405,-1.51682,-1.38004e-16,-1.77122,-5.35282
-0.739914,0.255765,-1.51515,-1.38138e-16,-1.77092,-5.35553
-0.739963,0.257114,-1.5135,-1.3827e-16,-1.77061,-5.35821
-0.740011,0.258451,-1.51185,-1.38402e-16,-1.7703,-5.36087
-0.740056,0.259777,-1.51022,-1.38532e-16,-1.77,-5.36351
-0.7401,0.261092,-1.50861,-1.38661e-16,-1.7697,-5.36614
-0.740143,0.262396,-1.507,-1.38789e-16,-1.7694,-5.36874
-0.740184,0.263688,-1.50541,-1.38916e-16,-1.7691,-5.37132
-0.740223,0.264969,-1.50383,-1.39041e-16,-1.7688,-5.37389
-0.740261,0.266239,-1.50226,-1.39165e-16,-1.7685,-5.37643
-0.740297,0.267497,-1.5007,-1.39288e-16,-1.7682,-5.37896
-0.740332,0.268745,-1.49916,-1.3941e-16,-1.76791,-5.38146
-0.740366,0.269981,-1.49763,-1.39531e-16,-1.76761,-5.38394
-0.740398,0.271207,-1.49611,-1.3965e-16,-1.76732,-5.38641
-0.740429,0.272421,-1.49461,-1.39768e-16,-1.76703,-5.38885
-0.740458,0.273624,-1.49312,-1.39885e-16,-1.76674,-5.39127
-0.740487,0.274816,-1.49163,-1.40001e-16,-1.76645,-5.39368
-0.740514,0.275997,-1.49017,-1.40116e-16,-1.76616,-5.39606
-0.74054,0.277167,-1.48871,-1.40229e-16,-1.76588,-5.39842
-0.740565,0.278325,-1.48727,-1.40342e-16,-1.76559,-5.40077
-0.740588,0.279473,-1.48584,-1.40453e-16,-1.76531,-5.40309
-0.740611,0.280611,-1.48442,-1.40563e-16,-1.76503,-5.40539
-0.740633,0.281737,-1.48301,-1.40672e-16,-1.76475,-5.40767
-0.740654,0.282852,-1.48162,-1.4078e-16,-1.76447,-5.40993
-0.740673,0.283956,-1.48024,-1.40886e-16,-1.7642,-5.41217
-0.740692,0.28505,-1.47887,-1.40992e-16,-1.76392,-5.41439
-0.74071,0.286133,-1.47752,-1.41096e-16,-1.76365,-5.41659
-0.740727,0.287205,-1.47617,-1.41199e-16,-1.76338,-5.41877
-0.740743,0.288266,-1.47484,-1.41301e-16,-1.76311,-5.42093
-0.740759,0.289316,-1.47353,-1.41402e-16,-1.76284,-5.42306
-0.740773,0.290356,-1.47222,-1.41502e-16,-1.76258,-5.42518
-0.740787,0.291385,-1.47093,-1.41601e-16,-1.76231,-5.42728
-0.740801,0.292403,-1.46965,-1.41698e-16,-1.76205,-5.42935
-0.740813,0.293411,-1.46838,-1.41795e-16,-1.76179,-5.43141
-0.740825,0.294408,-1.46712,-1.4189e-16,-1.76153,-5.43344
-0.740837,0.295394,-1.46588,-1.41985e-16,-1.76128,-5.43545
-0.740847,0.29637,-1.46465,-1.42078e-16,-1.76102,-5.43744
-0.740858,0.297336,-1.46343,-1.4217e-16,-1.76077,-5.43941
-0.740867,0.298291,-1.46223,-1.42261e-16,-1.76052,-5.44136
-0.740877,0.299235,-1.46104,-1.42351e-16,-1.76027,-5.44329
-0.740885,0.300169,-1.45986,-1.4244e-16,-1.76002,-5.4452
-0.740894,0.301092,-1.45869,-1.42528e-16,-1.75978,-5.44709
-0.740902,0.302005,-1.45753,-1.42615e-16,-1.75954,-5.44895
-0.740909,0.302908,-1.45639,-1.427e-16,-1.7593,-5.4508
-0.740917,0.3038,-1.45526,-1.42785e-16,-1.75906,-5.45262
-0.740924,0.304682,-1.45414,-1.42868e-16,-1.75882,-5.45442
-0.74093,0.305554,-1.45303,-1.42951e-16,-1.75859,-5.45621
-0.740937,0.306415,-1.45194,-1.43032e-16,-1.75836,-5.45797
-0.740943,0.307266,-1.45086,-1.43113e-16,-1.75813,-5.45971
-0.740949,0.308107,-1.44979,-1.43192e-16,-1.7579,-5.46142
-0.740955,0.308937,-1.44874,-1.43271e-16,-1.75767,-5.46312
-0.74096,0.309758,-1.44769,-1.43348e-16,-1.75745,-5.4648
-0.740966,0.310568,-1.44666,-1.43424e-16,-1.75723,-5.46645
-0.740971,0.311368,-1.44564,-1.435e-16,-1.75701,-5.46808
-0.740977,0.312158,-1.44464,-1.43574e-16,-1.75679,-5.46969
-0.740982,0.312938,-1.44364,-1.43647e-16,-1.75658,-5.47128
-0.740987,0.313707,-1.44266,-1.43719e-16,-1.75637,-5.47285
-0.740992,0.314467,-1.44169,-1.4379e-16,-1.75616,-5.4744
-0.740998,0.315217,-1.44073,-1.43861e-16,-1.75595,-5.47592
-0.741003,0.315957,-1.43979,-1.4393e-16,-1.75574,-5.47743
-0.741008,0.316687,-1.43885,-1.43998e-16,-1.75554,-5.47891
-0.741014,0.317407,-1.43793,-1.44065e-16,-1.75534,-5.48037
-0.741019,0.318117,-1.43702,-1.44132e-16,-1.75514,-5.48181
-0.741025,0.318818,-1.43613,-1.44197e-16,-1.75495,-5.48323
-0.741031,0.319508,-1.43524,-1.44261e-16,-1.75475,-5.48463
-0.741037,0.320189,-1.43437,-1.44324e-16,-1.75456,-5.48601
-0.741043,0.32086,-1.43351,-1.44387e-16,-1.75437,-5.48736
-0.741049,0.321522,-1.43266,-1.44448e-16,-1.75419,-5.4887
-0.741055,0.322174,-1.43183,-1.44508e-16,-1.754,-5.49001
-0.741062,0.322816,-1.431,-1.44568e-16,-1.75382,-5.4913
-0.741069,0.323449,-1.43019,-1.44626e-16,-1.75364,-5.49257
-0.741076,0.324073,-1.42939,-1.44684e-16,-1.75346,-5.49382
-0.741083,0.324687,-1.4286,-1.44741e-16,-1.75329,-5.49505
-0.741091,0.325292,-1.42782,-1.44796e-16,-1.75311,-5.49626
-0.741098,0.325887,-1.42706,-1.44851e-16,-1.75294,-5.49745
-0.741107,0.326473,-1.4263,-1.44905e-16,-1.75278,-5.49862
-0.741115,0.32705,-1.42556,-1.44958e-16,-1.75261,-5.49977
-0.741123,0.327618,-1.42483,-1.4501e-16,-1.75245,-5.50089
-0.741132,0.328177,-1.42411,-1.45061e-16,-1.75229,-5.502
-0.741142,0.328726,-1.4234,-1.45112e-16,-1.75213,-5.50308
-0.741151,0.329267,-1.4227,-1.45161e-16,-1.75197,-5.50415
-0.741161,0.329799,-1.42202,-1.4521e-16,-1.75182,-5.5052
-0.741171,0.330322,-1.42134,-1.45257e-16,-1.75167,-5.50622
-0.741181,0.330836,-1.42068,-1.45304e-16,-1.75152,-5.50723
-0.741192,0.331341,-1.42003,-1.4535e-16,-1.75137,-5.50822
-0.741203,0.331838,-1.41939,-1.45395e-16,-1.75123,-5.50919
-0.741214,0.332326,-1.41876,-1.45439e-16,-1.75108,-5.51013
-0.741226,0.332805,-1.41814,-1.45483e-16,-1.75094,-5.51106
-0.741238,0.333276,-1.41753,-1.45525e-16,-1.75081,-5.51197
-0.74125,0.333738,-1.41693,-1.45567e-16,-1.75067,-5.51287
-0.741263,0.334192,-1.41634,-1.45608e-16,-1.75054,-5.51374
-0.741276,0.334638,-1.41577,-1.45648e-16,-1.75041,-5.51459
-0.741289,0.335076,-1.4152,-1.45688e-16,-1.75028,-5.51543
-0.741302,0.335505,-1.41465,-1.45726e-16,-1.75015,-5.51625
-0.741316,0.335926,-1.4141,-1.45764e-16,-1.75003,-5.51704
-0.74133,0.33634,-1.41357,-1.45801e-16,-1.74991,-5.51783
-0.741345,0.336745,-1.41304,-1.45837e-16,-1.74979,-5.51859
-0.74136,0.337142,-1.41253,-1.45873e-16,-1.74967,-5.51934
-0.741375,0.337532,-1.41202,-1.45908e-16,-1.74955,-5.52006
-0.74139,0.337914,-1.41153,-1.45941e-16,-1.74944,-5.52078
-0.741406,0.338288,-1.41104,-1.45975e-16,-1.74933,-5.52147
-0.741421,0.338654,-1.41057,-1.46007e-16,-1.74922,-5.52215
-0.741438,0.339013,-1.4101,-1.46039e-16,-1.74911,-5.52281
-0.741454,0.339365,-1.40964,-1.4607e-16,-1.74901,-5.52345
-0.741471,0.339709,-1.4092,-1.46101e-16,-1.74891,-5.52408
-0.741488,0.340046,-1.40876,-1.4613e-16,-1.74881,-5.52469
-0.741505,0.340375,-1.40833,-1.46159e-16,-1.74871,-5.52529
-0.741522,0.340698,-1.40791,-1.46188e-16,-1.74861,-5.52587
-0.74154,0.341013,-1.4075,-1.46215e-16,-1.74852,-5.52643
-0.741557,0.341322,-1.4071,-1.46242e-16,-1.74843,-5.52698
-0.741575,0.341623,-1.40671,-1.46269e-16,-1.74833,-5.52751
-0.741594,0.341918,-1.40633,-1.46294e-16,-1.74825,-5.52803
-0.741612,0.342205,-1.40595,-1.46319e-16,-1.74816,-5.52854
-0.74163,0.342486,-1.40559,-1.46344e-16,-1.74808,-5.52903
-0.741649,0.342761,-1.40523,-1.46368e-16,-1.74799,-5.5295
-0.741668,0.343029,-1.40488,-1.46391e-16,-1.74791,-5.52997
-0.741687,0.34329,-1.40454,-1.46413e-16,-1.74783,-5.53041
-0.741706,0.343546,-1.40421,-1.46435e-16,-1.74776,-5.53085
-0.741725,0.343794,-1.40389,-1.46457e-16,-1.74768,-5.53127
-0.741745,0.344037,-1.40357,-1.46478e-16,-1.74761,-5.53168
-0.741764,0.344274,-1.40326,-1.46498e-16,-1.74754,-5.53207
-0.741783,0.344504,-1.40296,-1.46518e-16,-1.74747,-5.53246
-0.741803,0.344729,-1.40267,-1.46537e-16,-1.7474,-5.53283
-0.741823,0.344947,-1.40239,-1.46556e-16,-1.74733,-5.53318
-0.741842,0.34516,-1.40211,-1.46574e-16,-1.74727,-5.53353
-0.741862,0.345367,-1.40184,-1.46591e-16,-1.74721,-5.53386
-0.741882,0.345569,-1.40158,-1.46608e-16,-1.74715,-5.53418
-0.741901,0.345765,-1.40132,-1.46625e-16,-1.74709,-5.53449
-0.741921,0.345955,-1.40107,-1.46641e-16,-1.74703,-5.53479
-0.741941,0.34614,-1.40083,-1.46656e-16,-1.74697,-5.53508
-0.74196,0.34632,-1.4006,-1.46672e-16,-1.74692,-5.53536
-0.74198,0.346495,-1.40037,-1.46686e-16,-1.74687,-5.53563
-0.742,0.346664,-1.40015,-1.467e-16,-1.74681,-5.53589
-0.742019,0.346829,-1.39994,-1.46714e-16,-1.74676,-5.53613
-0.742039,0.346988,-1.39973,-1.46727e-16,-1.74672,-5.53637
-0.742058,0.347143,-1.39953,-1.4674e-16,-1.74667,-5.5366
-0.742077,0.347292,-1.39933,-1.46752e-16,-1.74662,-5.53682
-0.742096,0.347437,-1.39914,-1.46764e-16,-1.74658,-5.53703
-0.742115,0.347578,-1.39896,-1.46776e-16,-1.74654,-5.53723
-0.742134,0.347714,-1.39878,-1.46787e-16,-1.74649,-5.53742
-0.742153,0.347845,-1.39861,-1.46798e-16,-1.74645,-5.53761
-0.742171,0.347972,-1.39844,-1.46808e-16,-1.74642,-5.53778
-0.742189,0.348095,-1.39828,-1.46818e-16,-1.74638,-5.53795
-0.742208,0.348213,-1.39813,-1.46828e-16,-1.74634,-5.53811
-0.742226,0.348328,-1.39798,-1.46837e-16,-1.74631,-5.53826
-0.742243,0.348438,-1.39784,-1.46846e-16,-1.74627,-5.53841
-0.742261,0.348544,-1.3977,-1.46854e-16,-1.74624,-5.53855
-0.742278,0.348647,-1.39756,-1.46862e-16,-1.74621,-5.53868
-0.742295,0.348746,-1.39743,-1.4687e-16,-1.74618,-5.5388
-0.742312,0.348841,-1.39731,-1.46878e-16,-1.74615,-5.53892
-0.742329,0.348932,-1.39719,-1.46885e-16,-1.74612,-5.53903
-0.742345,0.34902,-1.39708,-1.46892e-16,-1.7461,-5.53914
-0.742361,0.349104,-1.39697,-1.46899e-16,-1.74607,-5.53924
-0.742376,0.349185,-1.39686,-1.46905e-16,-1.74605,-5.53933
-0.742392,0.349262,-1.39676,-1.46911e-16,-1.74602,-5.53942
-0.742407,0.349337,-1.39666,-1.46917e-16,-1.746,-5.5395
-0.742422,0.349408,-1.39657,-1.46922e-16,-1.74598,-5.53958
-0.742436,0.349476,-1.39648,-1.46928e-16,-1.74596,-5.53966
-0.74245,0.349541,-1.3964,-1.46933e-16,-1.74594,-5.53973
-0.742464,0.349603,-1.39631,-1.46937e-16,-1.74592,-5.53979
-0.742478,0.349663,-1.39624,-1.46942e-16,-1.7459,-5.53985
-0.742491,0.349719,-1.39616,-1.46946e-16,-1.74588,-5.53991
-0.742504,0.349773,-1.39609,-1.4695e-16,-1.74587,-5.53996
-0.742516,0.349824,-1.39603,-1.46954e-16,-1.74585,-5.54001
-0.742528,0.349873,-1.39596,-1.46958e-16,-1.74583,-5.54005
-0.74254,0.349919,-1.3959,-1.46961e-16,-1.74582,-5.5401
-0.742551,0.349963,-1.39584,-1.46964e-16,-1.74581,-5.54014
-0.742562,0.350004,-1.39579,-1.46967e-16,-1.74579,-5.54017
-0.742573,0.350044,-1.39574,-1.4697e-16,-1.74578,-5.5402
-0.742583,0.350081,-1.39569,-1.46973e-16,-1.74577,-5.54023
-0.742593,0.350116,-1.39564,-1.46976e-16,-1.74576,-5.54026
-0.742602,0.350148,-1.3956,-1.46978e-16,-1.74575,-5.54028
-0.742611,0.350179,-1.39556,-1.4698e-16,-1.74574,-5.54031
-0.74262,0.350208,-1.39552,-1.46982e-16,-1.74573,-5.54033
-0.742628,0.350236,-1.39549,-1.46984e-16,-1.74572,-5.54035
-0.742636,0.350261,-1.39545,-1.46986e-16,-1.74572,-5.54036
-0.742644,0.350285,-1.39542,-1.46988e-16,-1.74571,-5.54038
-0.742651,0.350307,-1.39539,-1.46989e-16,-1.7457,-5.54039
-0.742658,0.350328,-1.39537,-1.46991e-16,-1.7457,-5.5404
-0.742664,0.350347,-1.39534,-1.46992e-16,-1.74569,-5.54041
-0.742671,0.350364,-1.39532,-1.46993e-16,-1.74568,-5.54042
-0.742676,0.350381,-1.3953,-1.46994e-16,-1.74568,-5.54043
-0.742682,0.350396,-1.39528,-1.46995e-16,-1.74567,-5.54043
-0.742687,0.350409,-1.39526,-1.46996e-16,-1.74567,-5.54044
-0.742691,0.350422,-1.39524,-1.46997e-16,-1.74567,-5.54044
-0.742696,0.350433,-1.39523,-1.46998e-16,-1.74566,-5.54045
-0.7427,0.350444,-1.39522,-1.46999e-16,-1.74566,-5.54045
-0.742704,0.350453,-1.3952,-1.46999e-16,-1.74566,-5.54045
-0.742707,0.350461,-1.39519,-1.47e-16,-1.74565,-5.54045
-0.74271,0.350469,-1.39518,-1.47e-16,-1.74565,-5.54046
-0.742713,0.350475,-1.39517,-1.47001e-16,-1.74565,-5.54046
-0.742715,0.350481,-1.39517,-1.47001e-16,-1.74565,-5.54046
-0.742718,0.350487,-1.39516,-1.47001e-16,-1.74565,-5.54046
-0.74272,0.350491,-1.39515,-1.47002e-16,-1.74565,-5.54046
-0.742721,0.350495,-1.39515,-1.47002e-16,-1.74564,-5.54046
-0.742723,0.350498,-1.39514,-1.47002e-16,-1.74564,-5.54046
-0.742724,0.350501,-1.39514,-1.47002e-16,-1.74564,-5.54046
-0.742725,0.350503,-1.39514,-1.47002e-16,-1.74564,-5.54046
-0.742726,0.350505,-1.39514,-1.47003e-16,-1.74564,-5.54046
-0.742727,0.350506,-1.39513,-1.47003e-16,-1.74564,-5.54046
-0.742728,0.350508,-1.39513,-1.47003e-16,-1.74564,-5.54046
-0.742728,0.350508,-1.39513,-1.47003e-16,-1.74564,-5.54046
-0.742728,0.350509,-1.39513,-1.47003e-16,-1.74564,-5.54046
-0.742729,0.350509,-1.39513,-1.47003e-16,-1.74564,-5.54046
-0.742729,0.35051,-1.39513,-1.47003e-16,-1.74564,-5.54046
-0.742729,0.35051,-1.39513,-1.47003e-16,-1.74564,-5.54046
-0.742729,0.35051,-1.39513,-1.47003e-16,-1.74564,-5.54046
-0.742729,0.35051,-1.39513,-1.47003e-16,-1.74564,-5.54046
