0.65,-0.500001,-2.2,-8.37457e-17,-1.7,-0.65
0.65,-0.500001,-2.2,-8.37457e-17,-1.7,-0.65
0.65,-0.500001,-2.2,-8.37457e-17,-1.7,-0.65
0.65,-0.500001,-2.2,-8.37457e-17,-1.7,-0.65
0.65,-0.500001,-2.2,-8.37457e-17,-1.7,-0.65
0.65,-0.500001,-2.2,-8.37457e-17,-1.7,-0.65
0.65,-0.500001,-2.2,-8.37457e-17,-1.7,-0.65
0.65,-0.500001,-2.2,-8.37457e-17,-1.7,-0.65
0.65,-0.5,-2.2,-8.37457e-17,-1.7,-0.65
0.65,-0.5,-2.2,-8.37458e-17,-1.7,-0.65
0.65,-0.5,-2.2,-8.37458e-17,-1.7,-0.65
0.65,-0.5,-2.2,-8.37459e-17,-1.7,-0.650001
0.65,-0.5,-2.2,-8.37459e-17,-1.7,-0.650001
0.649999,-0.5,-2.2,-8.3746e-17,-1.7,-0.650001
0.649999,-0.499999,-2.2,-8.37461e-17,-1.7,-0.650002
0.649999,-0.499999,-2.2,-8.37463e-17,-1.7,-0.650002
0.649999,-0.499999,-2.2,-8.37464e-17,-1.7,-0.650003
0.649998,-0.499998,-2.2,-8.37466e-17,-1.7,-0.650004
0.649998,-0.499998,-2.2,-8.37469e-17,-1.7,-0.650004
0.649997,-0.499997,-2.2,-8.37472e-17,-1.7,-0.650006
0.649996,-0.499996,-2.2,-8.37475e-17,-1.7,-0.650007
0.649996,-0.499995,-2.2,-8.37479e-17,-1.7,-0.650008
0.649995,-0.499994,-2.2,-8.37484e-17,-1.7,-0.65001
0.649994,-0.499993,-2.2,-8.37489e-17,-1.7,-0.650012
0.649993,-0.499991,-2.19999,-8.37495e-17,-1.7,-0.650014
0.649991,-0.499989,-2.19999,-8.37502e-17,-1.7,-0.650017
0.64999,-0.499987,-2.19999,-8.37509e-17,-1.70001,-0.650019
0.649988,-0.499985,-2.19999,-8.37518e-17,-1.70001,-0.650023
0.649986,-0.499983,-2.19999,-8.37527e-17,-1.70001,-0.650026
0.649984,-0.49998,-2.19999,-8.37538e-17,-1.70001,-0.65003
0.649982,-0.499977,-2.19999,-8.37549e-17,-1.70001,-0.650034
0.649979,-0.499974,-2.19999,-8.37562e-17,-1.70001,-0.650039
0.649977,-0.49997,-2.19998,-8.37577e-17,-1.70001,-0.650044
0.649974,-0.499966,-2.19998,-8.37592e-17,-1.70001,-0.65005
0.64997,-0.499962,-2.19998,-8.37609e-17,-1.70002,-0.650057
0.649967,-0.499958,-2.19998,-8.37628e-17,-1.70002,-0.650063
0.649963,-0.499952,-2.19997,-8.37648e-17,-1.70002,-0.650071
0.649958,-0.499947,-2.19997,-8.3767e-17,-1.70002,-0.650079
0.649954,-0.499941,-2.19997,-8.37694e-17,-1.70003,-0.650088
0.649949,-0.499934,-2.19996,-8.3772e-17,-1.70003,-0.650098
0.649943,-0.499927,-2.19996,-8.37747e-17,-1.70003,-0.650108
0.649937,-0.49992,-2.19995,-8.37777e-17,-1.70003,-0.650119
0.649931,-0.499912,-2.19995,-8.37809e-17,-1.70004,-0.650131
0.649924,-0.499903,-2.19994,-8.37844e-17,-1.70004,-0.650144
0.649917,-0.499894,-2.19994,-8.37881e-17,-1.70005,-0.650157
0.649909,-0.499884,-2.19993,-8.3792e-17,-1.70005,-0.650172
0.649901,-0.499873,-2.19993,-8.37962e-17,-1.70005,-0.650188
0.649892,-0.499862,-2.19992,-8.38007e-17,-1.70006,-0.650204
0.649883,-0.49985,-2.19991,-8.38055e-17,-1.70006,-0.650222
0.649873,-0.499837,-2.19991,-8.38106e-17,-1.70007,-0.650241
0.649862,-0.499823,-2.1999,-8.3816e-17,-1.70008,-0.650261
0.649851,-0.499809,-2.19989,-8.38217e-17,-1.70008,-0.650282
0.649839,-0.499794,-2.19988,-8.38278e-17,-1.70009,-0.650305
0.649827,-0.499777,-2.19987,-8.38342e-17,-1.7001,-0.650329
0.649813,-0.49976,-2.19986,-8.3841e-17,-1.7001,-0.650354
0.649799,-0.499742,-2.19985,-8.38481e-17,-1.70011,-0.650381
0.649785,-0.499723,-2.19984,-8.38557e-17,-1.70012,-0.650409
0.649769,-0.499703,-2.19983,-8.38636e-17,-1.70013,-0.650438
0.649753,-0.499682,-2.19982,-8.3872e-17,-1.70014,-0.650469
0.649736,-0.49966,-2.19981,-8.38807e-17,-1.70015,-0.650502
0.649717,-0.499637,-2.19979,-8.389e-17,-1.70016,-0.650536
0.649698,-0.499612,-2.19978,-8.38997e-17,-1.70017,-0.650572
0.649679,-0.499586,-2.19976,-8.39098e-17,-1.70018,-0.65061
0.649658,-0.49956,-2.19975,-8.39204e-17,-1.70019,-0.650649
0.649636,-0.499532,-2.19973,-8.39316e-17,-1.7002,-0.650691
0.649613,-0.499502,-2.19972,-8.39432e-17,-1.70021,-0.650734
0.649589,-0.499471,-2.1997,-8.39554e-17,-1.70023,-0.65078
0.649565,-0.499439,-2.19968,-8.39681e-17,-1.70024,-0.650827
0.649539,-0.499406,-2.19966,-8.39814e-17,-1.70026,-0.650876
0.649511,-0.499371,-2.19964,-8.39952e-17,-1.70027,-0.650928
0.649483,-0.499334,-2.19962,-8.40097e-17,-1.70029,-0.650982
0.649454,-0.499296,-2.1996,-8.40247e-17,-1.7003,-0.651038
0.649423,-0.499257,-2.19958,-8.40403e-17,-1.70032,-0.651096
0.649391,-0.499215,-2.19955,-8.40566e-17,-1.70034,-0.651157
0.649358,-0.499173,-2.19953,-8.40735e-17,-1.70036,-0.65122
0.649324,-0.499128,-2.1995,-8.40911e-17,-1.70037,-0.651285
0.649288,-0.499082,-2.19948,-8.41094e-17,-1.70039,-0.651353
0.649251,-0.499034,-2.19945,-8.41283e-17,-1.70041,-0.651424
0.649213,-0.498984,-2.19942,-8.4148e-17,-1.70044,-0.651497
0.649173,-0.498932,-2.19939,-8.41684e-17,-1.70046,-0.651574
0.649132,-0.498879,-2.19936,-8.41895e-17,-1.70048,-0.651652
0.649089,-0.498824,-2.19933,-8.42114e-17,-1.7005,-0.651734
0.649045,-0.498766,-2.1993,-8.4234e-17,-1.70053,-0.651819
0.648999,-0.498707,-2.19926,-8.42575e-17,-1.70055,-0.651906
0.648952,-0.498645,-2.19923,-8.42817e-17,-1.70058,-0.651997
0.648903,-0.498582,-2.19919,-8.43068e-17,-1.70061,-0.652091
0.648852,-0.498516,-2.19915,-8.43326e-17,-1.70064,-0.652187
0.6488,-0.498448,-2.19911,-8.43594e-17,-1.70067,-0.652287
0.648746,-0.498378,-2.19907,-8.4387e-17,-1.7007,-0.652391
0.64869,-0.498306,-2.19903,-8.44155e-17,-1.70073,-0.652497
0.648633,-0.498231,-2.19899,-8.44448e-17,-1.70076,-0.652607
0.648574,-0.498154,-2.19895,-8.44751e-17,-1.70079,-0.652721
0.648513,-0.498075,-2.1989,-8.45063e-17,-1.70083,-0.652838
0.64845,-0.497993,-2.19885,-8.45385e-17,-1.70086,-0.652959
0.648386,-0.497908,-2.19881,-8.45716e-17,-1.7009,-0.653083
0.648319,-0.497822,-2.19876,-8.46057e-17,-1.70093,-0.653211
0.648251,-0.497732,-2.1987,-8.46408e-17,-1.70097,-0.653343
0.648181,-0.49764,-2.19865,-8.46769e-17,-1.70101,-0.653478
0.648108,-0.497546,-2.1986,-8.4714e-17,-1.70105,-0.653618
0.648034,-0.497448,-2.19854,-8.47522e-17,-1.70109,-0.653761
0.647958,-0.497348,-2.19848,-8.47914e-17,-1.70114,-0.653909
0.647879,-0.497245,-2.19843,-8.48317e-17,-1.70118,-0.654061
0.647799,-0.49714,-2.19837,-8.48731e-17,-1.70123,-0.654217
0.647716,-0.497031,-2.1983,-8.49155e-17,-1.70127,-0.654377
0.647631,-0.49692,-2.19824,-8.49591e-17,-1.70132,-0.654541
0.647544,-0.496805,-2.19817,-8.50038e-17,-1.70137,-0.65471
0.647455,-0.496688,-2.19811,-8.50497e-17,-1.70142,-0.654883
0.647364,-0.496568,-2.19804,-8.50967e-17,-1.70147,-0.655061
0.64727,-0.496444,-2.19797,-8.51449e-17,-1.70152,-0.655243
0.647174,-0.496318,-2.19789,-8.51943e-17,-1.70158,-0.65543
0.647076,-0.496188,-2.19782,-8.52449e-17,-1.70163,-0.655621
0.646976,-0.496055,-2.19774,-8.52967e-17,-1.70169,-0.655818
0.646873,-0.495919,-2.19767,-8.53497e-17,-1.70175,-0.656019
0.646767,-0.495779,-2.19759,-8.5404e-17,-1.70181,-0.656225
0.64666,-0.495636,-2.1975,-8.54596e-17,-1.70187,-0.656436
0.646549,-0.49549,-2.19742,-8.55164e-17,-1.70193,-0.656652
0.646437,-0.49534,-2.19733,-8.55745e-17,-1.70199,-0.656873
0.646322,-0.495187,-2.19725,-8.56339e-17,-1.70206,-0.657099
0.646204,-0.495031,-2.19716,-8.56947e-17,-1.70213,-0.65733
0.646084,-0.49487,-2.19706,-8.57567e-17,-1.70219,-0.657567
0.645961,-0.494707,-2.19697,-8.58201e-17,-1.70226,-0.657809
0.645836,-0.494539,-2.19687,-8.58849e-17,-1.70233,-0.658056
0.645708,-0.494368,-2.19677,-8.5951e-17,-1.70241,-0.658309
0.645578,-0.494193,-2.19667,-8.60185e-17,-1.70248,-0.658567
0.645444,-0.494015,-2.19657,-8.60875e-17,-1.70256,-0.658831
0.645309,-0.493832,-2.19647,-8.61578e-17,-1.70263,-0.6591
0.64517,-0.493646,-2.19636,-8.62295e-17,-1.70271,-0.659376
0.645029,-0.493456,-2.19625,-8.63027e-17,-1.70279,-0.659656
0.644885,-0.493262,-2.19614,-8.63773e-17,-1.70288,-0.659943
0.644739,-0.493064,-2.19602,-8.64533e-17,-1.70296,-0.660236
0.644589,-0.492862,-2.19591,-8.65308e-17,-1.70305,-0.660535
0.644437,-0.492656,-2.19579,-8.66098e-17,-1.70313,-0.660839
0.644282,-0.492446,-2.19567,-8.66903e-17,-1.70322,-0.66115
0.644124,-0.492232,-2.19555,-8.67723e-17,-1.70331,-0.661467
0.643964,-0.492014,-2.19542,-8.68558e-17,-1.70341,-0.66179
0.643801,-0.491792,-2.19529,-8.69408e-17,-1.7035,-0.662119
0.643634,-0.491565,-2.19516,-8.70273e-17,-1.7036,-0.662454
0.643465,-0.491334,-2.19503,-8.71154e-17,-1.70369,-0.662796
0.643293,-0.491099,-2.19489,-8.7205e-17,-1.70379,-0.663145
0.643119,-0.490859,-2.19475,-8.72962e-17,-1.70389,-0.663499
0.642941,-0.490615,-2.19461,-8.73889e-17,-1.704,-0.663861
0.64276,-0.490367,-2.19447,-8.74832e-17,-1.7041,-0.664229
0.642577,-0.490114,-2.19432,-8.75791e-17,-1.70421,-0.664603
0.64239,-0.489856,-2.19417,-8.76765e-17,-1.70432,-0.664985
0.642201,-0.489595,-2.19402,-8.77756e-17,-1.70443,-0.665373
0.642009,-0.489328,-2.19387,-8.78762e-17,-1.70454,-0.665767
0.641814,-0.489057,-2.19371,-8.79785e-17,-1.70465,-0.666169
0.641615,-0.488782,-2.19355,-8.80824e-17,-1.70477,-0.666578
0.641414,-0.488501,-2.19339,-8.81879e-17,-1.70489,-0.666993
0.64121,-0.488216,-2.19322,-8.8295e-17,-1.70501,-0.667416
0.641003,-0.487927,-2.19306,-8.84038e-17,-1.70513,-0.667846
0.640793,-0.487632,-2.19288,-8.85142e-17,-1.70525,-0.668283
0.64058,-0.487333,-2.19271,-8.86263e-17,-1.70538,-0.668727
0.640364,-0.487029,-2.19253,-8.874e-17,-1.7055,-0.669178
0.640145,-0.48672,-2.19235,-8.88553e-17,-1.70563,-0.669637
0.639923,-0.486407,-2.19217,-8.89723e-17,-1.70577,-0.670102
0.639698,-0.486088,-2.19199,-8.9091e-17,-1.7059,-0.670576
0.63947,-0.485764,-2.1918,-8.92114e-17,-1.70603,-0.671056
0.63924,-0.485436,-2.19161,-8.93334e-17,-1.70617,-0.671545
0.639006,-0.485102,-2.19141,-8.94571e-17,-1.70631,-0.67204
0.638769,-0.484764,-2.19122,-8.95824e-17,-1.70645,-0.672544
0.638529,-0.48442,-2.19102,-8.97095e-17,-1.7066,-0.673055
0.638286,-0.484072,-2.19081,-8.98382e-17,-1.70674,-0.673573
0.638041,-0.483718,-2.19061,-8.99686e-17,-1.70689,-0.6741
0.637792,-0.483359,-2.1904,-9.01007e-17,-1.70704,-0.674634
0.637541,-0.482995,-2.19018,-9.02344e-17,-1.70719,-0.675176
0.637286,-0.482626,-2.18997,-9.03699e-17,-1.70734,-0.675725
0.637029,-0.482251,-2.18975,-9.0507e-17,-1.7075,-0.676283
0.636768,-0.481871,-2.18953,-9.06458e-17,-1.70766,-0.676848
0.636505,-0.481486,-2.1893,-9.07863e-17,-1.70782,-0.677422
0.636239,-0.481096,-2.18907,-9.09285e-17,-1.70798,-0.678003
0.63597,-0.480701,-2.18884,-9.10724e-17,-1.70814,-0.678593
0.635698,-0.4803,-2.18861,-9.12179e-17,-1.70831,-0.679191
0.635424,-0.479894,-2.18837,-9.13652e-17,-1.70848,-0.679797
0.635146,-0.479482,-2.18813,-9.15141e-17,-1.70865,-0.680411
0.634866,-0.479065,-2.18788,-9.16647e-17,-1.70882,-0.681033
0.634582,-0.478643,-2.18764,-9.18169e-17,-1.70899,-0.681663
0.634296,-0.478215,-2.18738,-9.19709e-17,-1.70917,-0.682302
0.634008,-0.477782,-2.18713,-9.21264e-17,-1.70935,-0.682949
0.633716,-0.477344,-2.18687,-9.22837e-17,-1.70953,-0.683604
0.633422,-0.4769,-2.18661,-9.24426e-17,-1.70971,-0.684268
0.633125,-0.47645,-2.18635,-9.26032e-17,-1.70989,-0.68494
0.632825,-0.475995,-2.18608,-9.27654e-17,-1.71008,-0.685621
0.632523,-0.475535,-2.18581,-9.29292e-17,-1.71027,-0.68631
0.632218,-0.475069,-2.18553,-9.30947e-17,-1.71046,-0.687007
0.63191,-0.474597,-2.18525,-9.32619e-17,-1.71065,-0.687713
0.6316,-0.47412,-2.18497,-9.34306e-17,-1.71085,-0.688428
0.631288,-0.473637,-2.18468,-9.3601e-17,-1.71105,-0.689151
0.630972,-0.473149,-2.1844,-9.3773e-17,-1.71125,-0.689883
0.630654,-0.472655,-2.1841,-9.39466e-17,-1.71145,-0.690624
0.630334,-0.472155,-2.18381,-9.41218e-17,-1.71165,-0.691373
0.630011,-0.47165,-2.18351,-9.42986e-17,-1.71186,-0.692131
0.629686,-0.47114,-2.1832,-9.44769e-17,-1.71206,-0.692897
0.629358,-0.470623,-2.1829,-9.46569e-17,-1.71227,-0.693673
0.629028,-0.470101,-2.18259,-9.48384e-17,-1.71249,-0.694457
0.628695,-0.469574,-2.18227,-9.50215e-17,-1.7127,-0.69525
0.628361,-0.46904,-2.18196,-9.52061e-17,-1.71292,-0.696051
0.628023,-0.468502,-2.18164,-9.53923e-17,-1.71313,-0.696862
0.627684,-0.467957,-2.18131,-9.558e-17,-1.71335,-0.697681
0.627342,-0.467407,-2.18098,-9.57693e-17,-1.71358,-0.69851
0.626998,-0.466851,-2.18065,-9.596e-17,-1.7138,-0.699347
0.626652,-0.466289,-2.18032,-9.61523e-17,-1.71403,-0.700193
0.626304,-0.465721,-2.17998,-9.63461e-17,-1.71425,-0.701049
0.625953,-0.465148,-2.17963,-9.65414e-17,-1.71449,-0.701913
0.625601,-0.464569,-2.17929,-9.67382e-17,-1.71472,-0.702786
0.625246,-0.463984,-2.17894,-9.69365e-17,-1.71495,-0.703669
0.62489,-0.463394,-2.17858,-9.71362e-17,-1.71519,-0.70456
0.624531,-0.462798,-2.17822,-9.73375e-17,-1.71543,-0.705461
0.62417,-0.462196,-2.17786,-9.75401e-17,-1.71567,-0.706371
0.623807,-0.461588,-2.1775,-9.77443e-17,-1.71591,-0.70729
0.623443,-0.460974,-2.17713,-9.79498e-17,-1.71615,-0.708218
0.623076,-0.460354,-2.17676,-9.81568e-17,-1.7164,-0.709156
0.622708,-0.459729,-2.17638,-9.83652e-17,-1.71665,-0.710103
0.622338,-0.459098,-2.176,-9.85751e-17,-1.7169,-0.711059
0.621965,-0.458461,-2.17561,-9.87863e-17,-1.71715,-0.712024
0.621592,-0.457818,-2.17522,-9.8999e-17,-1.71741,-0.712999
0.621216,-0.457169,-2.17483,-9.9213e-17,-1.71766,-0.713984
0.620839,-0.456514,-2.17444,-9.94284e-17,-1.71792,-0.714978
0.62046,-0.455854,-2.17404,-9.96452e-17,-1.71818,-0.715981
0.620079,-0.455187,-2.17363,-9.98634e-17,-1.71845,-0.716994
0.619697,-0.454515,-2.17322,-1.00083e-16,-1.71871,-0.718016
0.619313,-0.453836,-2.17281,-1.00304e-16,-1.71898,-0.719048
0.618928,-0.453152,-2.1724,-1.00526e-16,-1.71924,-0.72009
0.618541,-0.452462,-2.17198,-1.00749e-16,-1.71951,-0.721141
0.618153,-0.451765,-2.17155,-1.00974e-16,-1.71979,-0.722202
0.617763,-0.451063,-2.17112,-1.012e-16,-1.72006,-0.723273
0.617372,-0.450355,-2.17069,-1.01428e-16,-1.72034,-0.724353
0.616979,-0.449641,-2.17026,-1.01656e-16,-1.72062,-0.725443
0.616585,-0.448921,-2.16982,-1.01886e-16,-1.7209,-0.726543
0.61619,-0.448194,-2.16937,-1.02118e-16,-1.72118,-0.727653
0.615793,-0.447462,-2.16892,-1.0235e-16,-1.72146,-0.728773
0.615395,-0.446724,-2.16847,-1.02584e-16,-1.72175,-0.729903
0.614996,-0.445979,-2.16801,-1.02819e-16,-1.72203,-0.731042
0.614596,-0.445229,-2.16755,-1.03055e-16,-1.72232,-0.732192
0.614195,-0.444472,-2.16709,-1.03293e-16,-1.72261,-0.733352
0.613792,-0.44371,-2.16662,-1.03531e-16,-1.72291,-0.734522
0.613389,-0.442941,-2.16614,-1.03771e-16,-1.7232,-0.735702
0.612985,-0.442166,-2.16567,-1.04012e-16,-1.7235,-0.736892
0.612579,-0.441385,-2.16518,-1.04254e-16,-1.7238,-0.738092
0.612173,-0.440598,-2.1647,-1.04498e-16,-1.7241,-0.739302
0.611765,-0.439805,-2.16421,-1.04742e-16,-1.7244,-0.740523
0.611357,-0.439006,-2.16371,-1.04988e-16,-1.72471,-0.741754
0.610948,-0.4382,-2.16321,-1.05235e-16,-1.72501,-0.742995
0.610538,-0.437388,-2.16271,-1.05483e-16,-1.72532,-0.744247
0.610127,-0.436571,-2.1622,-1.05732e-16,-1.72563,-0.745509
0.609716,-0.435747,-2.16169,-1.05982e-16,-1.72594,-0.746781
0.609304,-0.434916,-2.16117,-1.06233e-16,-1.72625,-0.748064
0.608891,-0.43408,-2.16065,-1.06486e-16,-1.72657,-0.749358
0.608478,-0.433237,-2.16012,-1.06739e-16,-1.72689,-0.750662
0.608064,-0.432389,-2.15959,-1.06994e-16,-1.7272,-0.751976
0.607649,-0.431534,-2.15906,-1.07249e-16,-1.72753,-0.753302
0.607234,-0.430672,-2.15852,-1.07506e-16,-1.72785,-0.754637
0.606818,-0.429805,-2.15798,-1.07763e-16,-1.72817,-0.755984
0.606403,-0.428931,-2.15743,-1.08022e-16,-1.7285,-0.757341
0.605986,-0.428051,-2.15687,-1.08282e-16,-1.72882,-0.758709
0.605569,-0.427165,-2.15632,-1.08542e-16,-1.72915,-0.760088
0.605152,-0.426272,-2.15575,-1.08804e-16,-1.72948,-0.761478
0.604735,-0.425373,-2.15519,-1.09067e-16,-1.72982,-0.762879
0.604318,-0.424468,-2.15462,-1.0933e-16,-1.73015,-0.76429
0.6039,-0.423556,-2.15404,-1.09595e-16,-1.73048,-0.765713
0.603482,-0.422639,-2.15346,-1.0986e-16,-1.73082,-0.767146
0.603064,-0.421714,-2.15287,-1.10126e-16,-1.73116,-0.768591
0.602646,-0.420784,-2.15228,-1.10394e-16,-1.7315,-0.770047
0.602228,-0.419847,-2.15169,-1.10662e-16,-1.73184,-0.771513
0.60181,-0.418904,-2.15109,-1.10931e-16,-1.73219,-0.772991
0.601391,-0.417954,-2.15049,-1.11201e-16,-1.73253,-0.774481
0.600973,-0.416999,-2.14988,-1.11472e-16,-1.73288,-0.775981
0.600556,-0.416036,-2.14926,-1.11744e-16,-1.73323,-0.777493
0.600138,-0.415068,-2.14864,-1.12016e-16,-1.73358,-0.779016
0.59972,-0.414093,-2.14802,-1.1229e-16,-1.73393,-0.78055
0.599303,-0.413112,-2.14739,-1.12564e-16,-1.73428,-0.782096
0.598886,-0.412124,-2.14676,-1.12839e-16,-1.73463,-0.783653
0.598469,-0.41113,-2.14612,-1.13115e-16,-1.73499,-0.785222
0.598053,-0.410129,-2.14548,-1.13391e-16,-1.73535,-0.786802
0.597637,-0.409122,-2.14483,-1.13669e-16,-1.73571,-0.788394
0.597221,-0.408109,-2.14418,-1.13947e-16,-1.73607,-0.789998
0.596806,-0.407089,-2.14352,-1.14226e-16,-1.73643,-0.791613
0.596392,-0.406063,-2.14285,-1.14505e-16,-1.73679,-0.793239
0.595978,-0.40503,-2.14219,-1.14786e-16,-1.73716,-0.794878
0.595564,-0.403991,-2.14151,-1.15067e-16,-1.73752,-0.796528
0.595151,-0.402946,-2.14083,-1.15349e-16,-1.73789,-0.79819
0.594739,-0.401894,-2.14015,-1.15631e-16,-1.73826,-0.799864
0.594328,-0.400835,-2.13946,-1.15914e-16,-1.73863,-0.80155
0.593917,-0.39977,-2.13877,-1.16198e-16,-1.739,-0.803248
0.593508,-0.398699,-2.13807,-1.16483e-16,-1.73937,-0.804958
0.593099,-0.397621,-2.13736,-1.16768e-16,-1.73974,-0.806679
0.592691,-0.396537,-2.13666,-1.17054e-16,-1.74012,-0.808413
0.592284,-0.395446,-2.13594,-1.1734e-16,-1.74049,-0.810159
0.591877,-0.394349,-2.13522,-1.17627e-16,-1.74087,-0.811917
0.591472,-0.393246,-2.1345,-1.17915e-16,-1.74125,-0.813688
0.591068,-0.392135,-2.13377,-1.18203e-16,-1.74163,-0.81547
0.590665,-0.391019,-2.13303,-1.18492e-16,-1.74201,-0.817265
0.590264,-0.389896,-2.13229,-1.18781e-16,-1.74239,-0.819072
0.589863,-0.388766,-2.13154,-1.19071e-16,-1.74278,-0.820891
0.589463,-0.38763,-2.13079,-1.19361e-16,-1.74316,-0.822723
0.589065,-0.386487,-2.13004,-1.19652e-16,-1.74355,-0.824567
0.588668,-0.385338,-2.12927,-1.19943e-16,-1.74393,-0.826424
0.588273,-0.384183,-2.12851,-1.20235e-16,-1.74432,-0.828293
0.587879,-0.383021,-2.12773,-1.20528e-16,-1.74471,-0.830175
0.587486,-0.381852,-2.12695,-1.2082e-16,-1.7451,-0.832069
0.587095,-0.380677,-2.12617,-1.21114e-16,-1.74549,-0.833976
0.586705,-0.379495,-2.12538,-1.21407e-16,-1.74588,-0.835896
0.586317,-0.378307,-2.12458,-1.21701e-16,-1.74628,-0.837828
0.58593,-0.377113,-2.12378,-1.21996e-16,-1.74667,-0.839774
0.585545,-0.375912,-2.12298,-1.22291e-16,-1.74707,-0.841732
0.585162,-0.374704,-2.12217,-1.22586e-16,-1.74746,-0.843702
0.58478,-0.37349,-2.12135,-1.22882e-16,-1.74786,-0.845686
0.584401,-0.372269,-2.12053,-1.23178e-16,-1.74826,-0.847683
0.584023,-0.371042,-2.1197,-1.23474e-16,-1.74865,-0.849692
0.583646,-0.369809,-2.11886,-1.23771e-16,-1.74905,-0.851715
0.583272,-0.368569,-2.11802,-1.24068e-16,-1.74945,-0.853751
0.5829,-0.367322,-2.11718,-1.24365e-16,-1.74985,-0.855799
0.582529,-0.366069,-2.11633,-1.24663e-16,-1.75026,-0.857861
0.582161,-0.364809,-2.11547,-1.24961e-16,-1.75066,-0.859936
0.581795,-0.363543,-2.11461,-1.25259e-16,-1.75106,-0.862025
0.58143,-0.362271,-2.11374,-1.25558e-16,-1.75147,-0.864126
0.581068,-0.360991,-2.11286,-1.25856e-16,-1.75187,-0.866241
0.580708,-0.359706,-2.11198,-1.26155e-16,-1.75228,-0.868369
0.580351,-0.358414,-2.1111,-1.26454e-16,-1.75268,-0.870511
0.579995,-0.357115,-2.1102,-1.26754e-16,-1.75309,-0.872666
0.579642,-0.35581,-2.10931,-1.27053e-16,-1.7535,-0.874834
0.579291,-0.354499,-2.1084,-1.27353e-16,-1.7539,-0.877016
0.578943,-0.353181,-2.10749,-1.27653e-16,-1.75431,-0.879212
0.578597,-0.351856,-2.10658,-1.27953e-16,-1.75472,-0.881421
0.578253,-0.350526,-2.10566,-1.28253e-16,-1.75513,-0.883644
0.577912,-0.349188,-2.10473,-1.28553e-16,-1.75554,-0.88588
0.577573,-0.347844,-2.10379,-1.28853e-16,-1.75595,-0.88813
0.577237,-0.346494,-2.10285,-1.29154e-16,-1.75636,-0.890394
0.576904,-0.345138,-2.10191,-1.29454e-16,-1.75677,-0.892672
0.576573,-0.343774,-2.10096,-1.29755e-16,-1.75718,-0.894963
0.576245,-0.342405,-2.1,-1.30055e-16,-1.7576,-0.897268
0.57592,-0.341029,-2.09904,-1.30356e-16,-1.75801,-0.899588
0.575597,-0.339646,-2.09807,-1.30657e-16,-1.75842,-0.901921
0.575278,-0.338258,-2.09709,-1.30957e-16,-1.75883,-0.904268
0.574961,-0.336862,-2.09611,-1.31258e-16,-1.75925,-0.906629
0.574647,-0.335461,-2.09512,-1.31559e-16,-1.75966,-0.909004
0.574336,-0.334053,-2.09413,-1.31859e-16,-1.76007,-0.911394
0.574028,-0.332638,-2.09312,-1.3216e-16,-1.76049,-0.913797
0.573723,-0.331218,-2.09212,-1.3246e-16,-1.7609,-0.916215
0.573421,-0.32979,-2.0911,-1.32761e-16,-1.76131,-0.918647
0.573122,-0.328357,-2.09009,-1.33061e-16,-1.76173,-0.921093
0.572827,-0.326917,-2.08906,-1.33361e-16,-1.76214,-0.923554
0.572534,-0.325471,-2.08803,-1.33661e-16,-1.76256,-0.926029
0.572245,-0.324018,-2.08699,-1.33961e-16,-1.76297,-0.928518
0.571959,-0.322559,-2.08595,-1.34261e-16,-1.76339,-0.931022
0.571676,-0.321094,-2.08489,-1.3456e-16,-1.7638,-0.93354
0.571396,-0.319623,-2.08384,-1.3486e-16,-1.76421,-0.936072
0.57112,-0.318145,-2.08277,-1.35159e-16,-1.76463,-0.938619
0.570848,-0.316661,-2.0817,-1.35458e-16,-1.76504,-0.941181
0.570578,-0.315171,-2.08063,-1.35757e-16,-1.76546,-0.943758
0.570313,-0.313674,-2.07954,-1.36056e-16,-1.76587,-0.946349
0.57005,-0.312171,-2.07845,-1.36354e-16,-1.76628,-0.948954
0.569792,-0.310662,-2.07736,-1.36652e-16,-1.7667,-0.951575
0.569537,-0.309147,-2.07626,-1.3695e-16,-1.76711,-0.95421
0.569285,-0.307625,-2.07515,-1.37247e-16,-1.76752,-0.95686
0.569037,-0.306097,-2.07403,-1.37544e-16,-1.76794,-0.959525
0.568793,-0.304563,-2.07291,-1.37841e-16,-1.76835,-0.962204
0.568553,-0.303023,-2.07178,-1.38138e-16,-1.76876,-0.964899
0.568316,-0.301477,-2.07065,-1.38434e-16,-1.76917,-0.967609
0.568084,-0.299924,-2.06951,-1.3873e-16,-1.76958,-0.970333
0.567855,-0.298366,-2.06836,-1.39025e-16,-1.76999,-0.973073
0.56763,-0.296801,-2.0672,-1.3932e-16,-1.7704,-0.975827
0.567409,-0.29523,-2.06604,-1.39615e-16,-1.77081,-0.978597
0.567192,-0.293653,-2.06487,-1.39909e-16,-1.77122,-0.981382
0.566979,-0.29207,-2.0637,-1.40202e-16,-1.77163,-0.984182
0.566769,-0.290481,-2.06252,-1.40496e-16,-1.77204,-0.986997
0.566564,-0.288886,-2.06133,-1.40789e-16,-1.77245,-0.989828
0.566363,-0.287284,-2.06014,-1.41081e-16,-1.77285,-0.992673
0.566167,-0.285677,-2.05894,-1.41373e-16,-1.77326,-0.995534
0.565974,-0.284064,-2.05773,-1.41664e-16,-1.77366,-0.998411
0.565786,-0.282445,-2.05651,-1.41955e-16,-1.77407,-1.0013
0.565602,-0.280819,-2.05529,-1.42245e-16,-1.77447,-1.00421
0.565422,-0.279188,-2.05406,-1.42535e-16,-1.77487,-1.00713
0.565246,-0.277551,-2.05283,-1.42824e-16,-1.77528,-1.01007
0.565075,-0.275908,-2.05159,-1.43112e-16,-1.77568,-1.01302
0.564908,-0.274259,-2.05034,-1.434e-16,-1.77608,-1.01599
0.564746,-0.272604,-2.04908,-1.43687e-16,-1.77648,-1.01898
0.564588,-0.270943,-2.04782,-1.43974e-16,-1.77688,-1.02198
0.564434,-0.269277,-2.04655,-1.4426e-16,-1.77727,-1.02499
0.564285,-0.267604,-2.04528,-1.44545e-16,-1.77767,-1.02803
0.564141,-0.265926,-2.04399,-1.4483e-16,-1.77807,-1.03107
0.564001,-0.264242,-2.0427,-1.45114e-16,-1.77846,-1.03414
0.563866,-0.262552,-2.04141,-1.45397e-16,-1.77885,-1.03722
0.563735,-0.260856,-2.0401,-1.4568e-16,-1.77925,-1.04031
0.563609,-0.259155,-2.03879,-1.45962e-16,-1.77964,-1.04342
0.563488,-0.257447,-2.03747,-1.46243e-16,-1.78003,-1.04655
0.563371,-0.255735,-2.03615,-1.46523e-16,-1.78042,-1.04969
0.56326,-0.254016,-2.03482,-1.46802e-16,-1.7808,-1.05285
0.563153,-0.252292,-2.03348,-1.47081e-16,-1.78119,-1.05602
0.563051,-0.250562,-2.03214,-1.47359e-16,-1.78157,-1.05921
0.562954,-0.248827,-2.03078,-1.47636e-16,-1.78196,-1.06242
0.562861,-0.247085,-2.02943,-1.47912e-16,-1.78234,-1.06564
0.562774,-0.245339,-2.02806,-1.48187e-16,-1.78272,-1.06888
0.562691,-0.243587,-2.02669,-1.48462e-16,-1.7831,-1.07213
0.562614,-0.241829,-2.02531,-1.48735e-16,-1.78348,-1.07541
0.562542,-0.240066,-2.02392,-1.49008e-16,-1.78385,-1.07869
0.562474,-0.238297,-2.02252,-1.4928e-16,-1.78423,-1.082
0.562412,-0.236523,-2.02112,-1.49551e-16,-1.7846,-1.08532
0.562355,-0.234743,-2.01972,-1.49821e-16,-1.78497,-1.08865
0.562303,-0.232958,-2.0183,-1.50089e-16,-1.78534,-1.092
0.562256,-0.231167,-2.01688,-1.50357e-16,-1.78571,-1.09537
0.562214,-0.229371,-2.01545,-1.50624e-16,-1.78608,-1.09876
0.562177,-0.22757,-2.01401,-1.5089e-16,-1.78644,-1.10216
0.562146,-0.225763,-2.01257,-1.51155e-16,-1.7868,-1.10557
0.56212,-0.223952,-2.01112,-1.51419e-16,-1.78717,-1.10901
0.5621,-0.222134,-2.00966,-1.51682e-16,-1.78753,-1.11246
0.562084,-0.220312,-2.00819,-1.51943e-16,-1.78788,-1.11593
0.562074,-0.218484,-2.00672,-1.52204e-16,-1.78824,-1.11941
0.56207,-0.216651,-2.00524,-1.52463e-16,-1.78859,-1.12291
0.56207,-0.214813,-2.00376,-1.52722e-16,-1.78894,-1.12643
0.562077,-0.21297,-2.00226,-1.52979e-16,-1.78929,-1.12996
0.562088,-0.211122,-2.00076,-1.53235e-16,-1.78964,-1.13351
0.562106,-0.209268,-1.99926,-1.5349e-16,-1.78999,-1.13708
0.562128,-0.20741,-1.99774,-1.53744e-16,-1.79033,-1.14066
0.562157,-0.205546,-1.99622,-1.53996e-16,-1.79067,-1.14426
0.56219,-0.203678,-1.99469,-1.54248e-16,-1.79101,-1.14788
0.56223,-0.201804,-1.99315,-1.54498e-16,-1.79135,-1.15151
0.562275,-0.199926,-1.99161,-1.54747e-16,-1.79168,-1.15516
0.562326,-0.198042,-1.99006,-1.54994e-16,-1.79202,-1.15883
0.562382,-0.196154,-1.9885,-1.55241e-16,-1.79235,-1.16251
0.562444,-0.19426,-1.98694,-1.55486e-16,-1.79268,-1.16621
0.562512,-0.192362,-1.98536,-1.55729e-16,-1.793,-1.16993
0.562585,-0.190459,-1.98379,-1.55972e-16,-1.79333,-1.17366
0.562665,-0.188551,-1.9822,-1.56213e-16,-1.79365,-1.17741
0.56275,-0.186639,-1.98061,-1.56453e-16,-1.79397,-1.18118
0.56284,-0.184722,-1.979,-1.56691e-16,-1.79428,-1.18497
0.562937,-0.1828,-1.9774,-1.56928e-16,-1.7946,-1.18877
0.56304,-0.180873,-1.97578,-1.57164e-16,-1.79491,-1.19259
0.563148,-0.178942,-1.97416,-1.57398e-16,-1.79522,-1.19643
0.563262,-0.177006,-1.97253,-1.57631e-16,-1.79552,-1.20028
0.563383,-0.175065,-1.97089,-1.57862e-16,-1.79583,-1.20415
0.563509,-0.17312,-1.96925,-1.58092e-16,-1.79613,-1.20804
0.563641,-0.17117,-1.9676,-1.5832e-16,-1.79643,-1.21194
0.563779,-0.169216,-1.96594,-1.58547e-16,-1.79672,-1.21586
0.563923,-0.167258,-1.96427,-1.58773e-16,-1.79702,-1.2198
0.564073,-0.165294,-1.9626,-1.58996e-16,-1.79731,-1.22376
0.56423,-0.163327,-1.96092,-1.59219e-16,-1.7976,-1.22773
0.564392,-0.161355,-1.95924,-1.5944e-16,-1.79788,-1.23172
0.56456,-0.159379,-1.95754,-1.59659e-16,-1.79816,-1.23573
0.564735,-0.157398,-1.95584,-1.59876e-16,-1.79844,-1.23976
0.564915,-0.155414,-1.95413,-1.60093e-16,-1.79872,-1.2438
0.565102,-0.153425,-1.95242,-1.60307e-16,-1.79899,-1.24786
0.565295,-0.151431,-1.95069,-1.6052e-16,-1.79926,-1.25194
0.565494,-0.149434,-1.94896,-1.60731e-16,-1.79953,-1.25603
0.5657,-0.147432,-1.94723,-1.60941e-16,-1.7998,-1.26014
0.565911,-0.145427,-1.94548,-1.61148e-16,-1.80006,-1.26427
0.566129,-0.143417,-1.94373,-1.61355e-16,-1.80032,-1.26842
0.566353,-0.141403,-1.94197,-1.61559e-16,-1.80057,-1.27259
0.566583,-0.139385,-1.94021,-1.61762e-16,-1.80082,-1.27677
0.56682,-0.137363,-1.93844,-1.61963e-16,-1.80107,-1.28097
0.567063,-0.135338,-1.93666,-1.62162e-16,-1.80132,-1.28518
0.567312,-0.133308,-1.93487,-1.6236e-16,-1.80156,-1.28942
0.567568,-0.131274,-1.93308,-1.62555e-16,-1.8018,-1.29367
0.567829,-0.129237,-1.93128,-1.62749e-16,-1.80204,-1.29794
0.568098,-0.127196,-1.92947,-1.62941e-16,-1.80227,-1.30223
0.568373,-0.125151,-1.92765,-1.63132e-16,-1.8025,-1.30653
0.568654,-0.123102,-1.92583,-1.6332e-16,-1.80273,-1.31085
0.568941,-0.12105,-1.924,-1.63507e-16,-1.80295,-1.31519
0.569235,-0.118994,-1.92217,-1.63692e-16,-1.80317,-1.31955
0.569536,-0.116934,-1.92032,-1.63875e-16,-1.80339,-1.32392
0.569843,-0.114871,-1.91847,-1.64056e-16,-1.8036,-1.32832
0.570156,-0.112804,-1.91662,-1.64235e-16,-1.80381,-1.33273
0.570476,-0.110733,-1.91475,-1.64412e-16,-1.80402,-1.33715
0.570802,-0.10866,-1.91288,-1.64587e-16,-1.80422,-1.3416
0.571135,-0.106582,-1.91101,-1.6476e-16,-1.80442,-1.34606
0.571475,-0.104502,-1.90912,-1.64932e-16,-1.80462,-1.35054
0.571821,-0.102417,-1.90723,-1.65101e-16,-1.80481,-1.35504
0.572173,-0.10033,-1.90533,-1.65268e-16,-1.805,-1.35956
0.572533,-0.0982393,-1.90343,-1.65433e-16,-1.80519,-1.36409
0.572898,-0.0961453,-1.90151,-1.65597e-16,-1.80537,-1.36864
0.573271,-0.0940481,-1.89959,-1.65758e-16,-1.80555,-1.37321
0.57365,-0.0919477,-1.89767,-1.65917e-16,-1.80572,-1.3778
0.574036,-0.0898442,-1.89574,-1.66074e-16,-1.80589,-1.3824
0.574428,-0.0877376,-1.8938,-1.66229e-16,-1.80606,-1.38703
0.574827,-0.0856279,-1.89185,-1.66382e-16,-1.80622,-1.39167
0.575233,-0.0835151,-1.8899,-1.66533e-16,-1.80638,-1.39633
0.575645,-0.0813994,-1.88794,-1.66681e-16,-1.80654,-1.401
0.576064,-0.0792808,-1.88597,-1.66828e-16,-1.80669,-1.4057
0.57649,-0.0771592,-1.884,-1.66972e-16,-1.80684,-1.41041
0.576922,-0.0750347,-1.88202,-1.67114e-16,-1.80698,-1.41514
0.577361,-0.0729075,-1.88003,-1.67254e-16,-1.80712,-1.41989
0.577807,-0.0707774,-1.87804,-1.67392e-16,-1.80726,-1.42465
0.57826,-0.0686446,-1.87604,-1.67528e-16,-1.80739,-1.42944
0.578719,-0.0665091,-1.87403,-1.67661e-16,-1.80752,-1.43424
0.579185,-0.0643709,-1.87202,-1.67792e-16,-1.80765,-1.43906
0.579658,-0.0622301,-1.87,-1.67921e-16,-1.80777,-1.4439
0.580138,-0.0600867,-1.86797,-1.68047e-16,-1.80789,-1.44875
0.580624,-0.0579407,-1.86594,-1.68172e-16,-1.808,-1.45363
0.581118,-0.0557923,-1.8639,-1.68294e-16,-1.80811,-1.45852
0.581618,-0.0536414,-1.86185,-1.68413e-16,-1.80821,-1.46343
0.582125,-0.051488,-1.8598,-1.68531e-16,-1.80831,-1.46836
0.582638,-0.0493323,-1.85774,-1.68646e-16,-1.80841,-1.4733
0.583159,-0.0471743,-1.85568,-1.68758e-16,-1.8085,-1.47826
0.583686,-0.0450139,-1.85361,-1.68868e-16,-1.80859,-1.48325
0.584221,-0.0428513,-1.85153,-1.68976e-16,-1.80868,-1.48825
0.584762,-0.0406865,-1.84945,-1.69082e-16,-1.80876,-1.49326
0.58531,-0.0385196,-1.84736,-1.69185e-16,-1.80884,-1.4983
0.585865,-0.0363505,-1.84526,-1.69286e-16,-1.80891,-1.50335
0.586426,-0.0341793,-1.84316,-1.69384e-16,-1.80898,-1.50842
0.586995,-0.0320061,-1.84105,-1.6948e-16,-1.80904,-1.51351
0.58757,-0.0298309,-1.83893,-1.69573e-16,-1.8091,-1.51862
0.588153,-0.0276538,-1.83681,-1.69664e-16,-1.80916,-1.52375
0.588742,-0.0254747,-1.83468,-1.69752e-16,-1.80921,-1.52889
0.589338,-0.0232938,-1.83255,-1.69838e-16,-1.80926,-1.53405
0.589941,-0.0211111,-1.83041,-1.69921e-16,-1.8093,-1.53923
0.590552,-0.0189266,-1.82827,-1.70002e-16,-1.80934,-1.54443
0.591168,-0.0167404,-1.82611,-1.7008e-16,-1.80937,-1.54965
0.591792,-0.0145525,-1.82396,-1.70156e-16,-1.8094,-1.55488
0.592423,-0.012363,-1.82179,-1.70229e-16,-1.80943,-1.56013
0.593061,-0.0101719,-1.81963,-1.70299e-16,-1.80945,-1.5654
0.593706,-0.0079792,-1.81745,-1.70367e-16,-1.80947,-1.57069
0.594357,-0.00578504,-1.81527,-1.70433e-16,-1.80948,-1.576
0.595016,-0.00358943,-1.81308,-1.70496e-16,-1.80949,-1.58133
0.595682,-0.00139241,-1.81089,-1.70556e-16,-1.8095,-1.58667
0.596354,0.000805964,-1.80869,-1.70613e-16,-1.8095,-1.59203
0.597034,0.00300565,-1.80649,-1.70668e-16,-1.8095,-1.59741
0.59772,0.00520661,-1.80428,-1.7072e-16,-1.80949,-1.60281
0.598413,0.00740878,-1.80207,-1.70769e-16,-1.80948,-1.60822
0.599114,0.00961212,-1.79985,-1.70816e-16,-1.80946,-1.61366
0.599821,0.0118166,-1.79762,-1.7086e-16,-1.80944,-1.61911
0.600536,0.0140221,-1.79539,-1.70902e-16,-1.80941,-1.62458
0.601257,0.0162287,-1.79315,-1.7094e-16,-1.80938,-1.63007
0.601985,0.0184362,-1.79091,-1.70976e-16,-1.80935,-1.63557
0.602721,0.0206447,-1.78866,-1.71009e-16,-1.80931,-1.6411
0.603463,0.0228541,-1.78641,-1.7104e-16,-1.80927,-1.64664
0.604212,0.0250643,-1.78415,-1.71067e-16,-1.80922,-1.6522
0.604968,0.0272752,-1.78189,-1.71092e-16,-1.80917,-1.65778
0.605732,0.029487,-1.77962,-1.71114e-16,-1.80911,-1.66338
0.606502,0.0316993,-1.77735,-1.71133e-16,-1.80905,-1.66899
0.607279,0.0339124,-1.77507,-1.7115e-16,-1.80899,-1.67462
0.608063,0.036126,-1.77279,-1.71163e-16,-1.80892,-1.68028
0.608855,0.0383401,-1.7705,-1.71174e-16,-1.80884,-1.68595
0.609653,0.0405548,-1.76821,-1.71182e-16,-1.80876,-1.69163
0.610458,0.0427698,-1.76591,-1.71187e-16,-1.80868,-1.69734
0.61127,0.0449853,-1.76361,-1.71189e-16,-1.80859,-1.70306
0.612089,0.0472011,-1.7613,-1.71188e-16,-1.8085,-1.70881
0.612916,0.0494171,-1.75899,-1.71184e-16,-1.80841,-1.71457
0.613749,0.0516334,-1.75667,-1.71178e-16,-1.80831,-1.72035
0.614589,0.0538499,-1.75435,-1.71168e-16,-1.8082,-1.72614
0.615436,0.0560665,-1.75203,-1.71156e-16,-1.80809,-1.73196
0.61629,0.0582831,-1.7497,-1.71141e-16,-1.80798,-1.73779
0.617152,0.0604998,-1.74736,-1.71122e-16,-1.80786,-1.74364
0.61802,0.0627164,-1.74502,-1.71101e-16,-1.80774,-1.74951
0.618895,0.064933,-1.74268,-1.71077e-16,-1.80761,-1.7554
0.619777,0.0671494,-1.74033,-1.71049e-16,-1.80748,-1.76131
0.620666,0.0693656,-1.73798,-1.71019e-16,-1.80735,-1.76723
0.621562,0.0715815,-1.73563,-1.70986e-16,-1.80721,-1.77317
0.622465,0.0737972,-1.73327,-1.7095e-16,-1.80706,-1.77913
0.623375,0.0760125,-1.7309,-1.70911e-16,-1.80692,-1.78511
0.624292,0.0782274,-1.72854,-1.70868e-16,-1.80676,-1.79111
0.625216,0.0804418,-1.72617,-1.70823e-16,-1.80661,-1.79712
0.626147,0.0826556,-1.72379,-1.70775e-16,-1.80645,-1.80316
0.627085,0.0848689,-1.72141,-1.70723e-16,-1.80628,-1.80921
0.62803,0.0870816,-1.71903,-1.70669e-16,-1.80611,-1.81528
0.628982,0.0892936,-1.71664,-1.70611e-16,-1.80594,-1.82136
0.629941,0.0915048,-1.71425,-1.7055e-16,-1.80576,-1.82747
0.630907,0.0937152,-1.71186,-1.70487e-16,-1.80557,-1.83359
0.63188,0.0959248,-1.70946,-1.7042e-16,-1.80539,-1.83973
0.632859,0.0981334,-1.70706,-1.7035e-16,-1.8052,-1.84589
0.633846,0.100341,-1.70466,-1.70277e-16,-1.805,-1.85207
0.63484,0.102548,-1.70225,-1.702e-16,-1.8048,-1.85827
0.63584,0.104753,-1.69984,-1.70121e-16,-1.8046,-1.86448
0.636848,0.106957,-1.69743,-1.70038e-16,-1.80439,-1.87071
0.637862,0.109161,-1.69501,-1.69953e-16,-1.80418,-1.87696
0.638883,0.111362,-1.6926,-1.69864e-16,-1.80396,-1.88323
0.639912,0.113563,-1.69017,-1.69772e-16,-1.80374,-1.88952
0.640947,0.115762,-1.68775,-1.69676e-16,-1.80351,-1.89582
0.641989,0.11796,-1.68532,-1.69578e-16,-1.80328,-1.90215
0.643038,0.120156,-1.68289,-1.69476e-16,-1.80305,-1.90849
0.644094,0.12235,-1.68046,-1.69371e-16,-1.80281,-1.91485
0.645157,0.124543,-1.67803,-1.69263e-16,-1.80257,-1.92122
0.646226,0.126734,-1.67559,-1.69152e-16,-1.80233,-1.92762
0.647303,0.128924,-1.67315,-1.69038e-16,-1.80208,-1.93403
0.648386,0.131111,-1.67071,-1.6892e-16,-1.80182,-1.94046
0.649476,0.133297,-1.66827,-1.68799e-16,-1.80156,-1.94691
0.650574,0.135481,-1.66582,-1.68675e-16,-1.8013,-1.95338
0.651677,0.137662,-1.66337,-1.68547e-16,-1.80104,-1.95986
0.652788,0.139842,-1.66093,-1.68416e-16,-1.80077,-1.96636
0.653906,0.142019,-1.65848,-1.68282e-16,-1.80049,-1.97288
0.65503,0.144194,-1.65602,-1.68145e-16,-1.80022,-1.97942
0.656161,0.146366,-1.65357,-1.68004e-16,-1.79994,-1.98598
0.657299,0.148536,-1.65111,-1.6786e-16,-1.79965,-1.99255
0.658444,0.150704,-1.64866,-1.67713e-16,-1.79936,-1.99914
0.659595,0.152869,-1.6462,-1.67562e-16,-1.79907,-2.00575
0.660754,0.155031,-1.64374,-1.67409e-16,-1.79877,-2.01238
0.661919,0.157191,-1.64128,-1.67251e-16,-1.79847,-2.01902
0.66309,0.159347,-1.63882,-1.67091e-16,-1.79817,-2.02568
0.664268,0.161501,-1.63636,-1.66927e-16,-1.79786,-2.03236
0.665453,0.163652,-1.6339,-1.6676e-16,-1.79755,-2.03906
0.666645,0.1658,-1.63143,-1.6659e-16,-1.79723,-2.04577
0.667843,0.167945,-1.62897,-1.66416e-16,-1.79691,-2.0525
0.669048,0.170086,-1.62651,-1.66239e-16,-1.79659,-2.05925
0.67026,0.172224,-1.62404,-1.66058e-16,-1.79627,-2.06602
0.671478,0.174359,-1.62158,-1.65874e-16,-1.79594,-2.0728
0.672702,0.17649,-1.61912,-1.65687e-16,-1.79561,-2.0796
0.673934,0.178617,-1.61665,-1.65496e-16,-1.79527,-2.08641
0.675171,0.180741,-1.61419,-1.65302e-16,-1.79493,-2.09325
0.676415,0.182862,-1.61173,-1.65105e-16,-1.79459,-2.1001
0.677666,0.184978,-1.60926,-1.64904e-16,-1.79424,-2.10696
0.678923,0.18709,-1.6068,-1.647e-16,-1.79389,-2.11385
0.680187,0.189199,-1.60434,-1.64493e-16,-1.79354,-2.12075
0.681457,0.191303,-1.60188,-1.64282e-16,-1.79318,-2.12766
0.682733,0.193403,-1.59942,-1.64068e-16,-1.79282,-2.1346
0.684016,0.195499,-1.59696,-1.6385e-16,-1.79246,-2.14154
0.685305,0.19759,-1.59451,-1.63629e-16,-1.7921,-2.14851
0.6866,0.199677,-1.59205,-1.63405e-16,-1.79173,-2.15549
0.687902,0.201759,-1.5896,-1.63177e-16,-1.79136,-2.16249
0.68921,0.203837,-1.58715,-1.62946e-16,-1.79098,-2.1695
0.690524,0.20591,-1.5847,-1.62712e-16,-1.79061,-2.17653
0.691844,0.207978,-1.58225,-1.62474e-16,-1.79023,-2.18358
0.693171,0.210041,-1.5798,-1.62233e-16,-1.78984,-2.19064
0.694503,0.212099,-1.57736,-1.61988e-16,-1.78946,-2.19772
0.695842,0.214152,-1.57492,-1.6174e-16,-1.78907,-2.20481
0.697187,0.2162,-1.57248,-1.61489e-16,-1.78868,-2.21192
0.698538,0.218242,-1.57004,-1.61234e-16,-1.78829,-2.21904
0.699895,0.220279,-1.56761,-1.60976e-16,-1.78789,-2.22618
0.701258,0.22231,-1.56518,-1.60715e-16,-1.78749,-2.23333
0.702626,0.224336,-1.56275,-1.6045e-16,-1.78709,-2.2405
0.704001,0.226356,-1.56033,-1.60181e-16,-1.78669,-2.24768
0.705382,0.22837,-1.55791,-1.5991e-16,-1.78628,-2.25488
0.706768,0.230378,-1.55549,-1.59635e-16,-1.78587,-2.26209
0.708161,0.23238,-1.55308,-1.59357e-16,-1.78546,-2.26932
0.709559,0.234377,-1.55067,-1.59075e-16,-1.78505,-2.27656
0.710963,0.236366,-1.54827,-1.5879e-16,-1.78463,-2.28382
0.712372,0.23835,-1.54587,-1.58501e-16,-1.78422,-2.29109
0.713788,0.240327,-1.54347,-1.5821e-16,-1.7838,-2.29838
0.715209,0.242298,-1.54108,-1.57915e-16,-1.78338,-2.30567
0.716635,0.244261,-1.53869,-1.57616e-16,-1.78295,-2.31299
0.718067,0.246219,-1.53631,-1.57314e-16,-1.78253,-2.32031
0.719505,0.248169,-1.53393,-1.57009e-16,-1.7821,-2.32765
0.720948,0.250112,-1.53156,-1.56701e-16,-1.78167,-2.33501
0.722397,0.252049,-1.52919,-1.56389e-16,-1.78124,-2.34238
0.723851,0.253978,-1.52683,-1.56074e-16,-1.78081,-2.34976
0.72531,0.2559,-1.52448,-1.55755e-16,-1.78038,-2.35715
0.726775,0.257815,-1.52213,-1.55434e-16,-1.77994,-2.36456
0.728245,0.259722,-1.51979,-1.55109e-16,-1.77951,-2.37198
0.729721,0.261622,-1.51745,-1.5478e-16,-1.77907,-2.37941
0.731201,0.263514,-1.51512,-1.54449e-16,-1.77863,-2.38685
0.732687,0.265398,-1.51279,-1.54114e-16,-1.77819,-2.39431
0.734178,0.267275,-1.51047,-1.53776e-16,-1.77775,-2.40178
0.735674,0.269143,-1.50816,-1.53434e-16,-1.77731,-2.40926
0.737175,0.271003,-1.50586,-1.5309e-16,-1.77686,-2.41676
0.738682,0.272856,-1.50356,-1.52742e-16,-1.77642,-2.42426
0.740193,0.2747,-1.50127,-1.52391e-16,-1.77597,-2.43178
0.741709,0.276535,-1.49899,-1.52036e-16,-1.77553,-2.43931
0.74323,0.278363,-1.49672,-1.51679e-16,-1.77508,-2.44686
0.744756,0.280181,-1.49445,-1.51318e-16,-1.77463,-2.45441
0.746286,0.281991,-1.49219,-1.50954e-16,-1.77418,-2.46197
0.747822,0.283792,-1.48994,-1.50587e-16,-1.77373,-2.46955
0.749362,0.285585,-1.4877,-1.50216e-16,-1.77328,-2.47714
0.750906,0.287368,-1.48546,-1.49843e-16,-1.77283,-2.48473
0.752456,0.289143,-1.48324,-1.49466e-16,-1.77238,-2.49234
0.75401,0.290908,-1.48102,-1.49086e-16,-1.77193,-2.49996
0.755568,0.292664,-1.47881,-1.48703e-16,-1.77148,-2.50759
0.757131,0.29441,-1.47662,-1.48317e-16,-1.77103,-2.51523
0.758699,0.296147,-1.47443,-1.47927e-16,-1.77057,-2.52288
0.760271,0.297875,-1.47225,-1.47535e-16,-1.77012,-2.53054
0.761847,0.299593,-1.47008,-1.47139e-16,-1.76967,-2.53821
0.763427,0.301301,-1.46792,-1.46741e-16,-1.76922,-2.54589
0.765012,0.302999,-1.46577,-1.46339e-16,-1.76877,-2.55358
0.766601,0.304687,-1.46363,-1.45934e-16,-1.76831,-2.56128
0.768194,0.306365,-1.4615,-1.45526e-16,-1.76786,-2.56899
0.769792,0.308034,-1.45938,-1.45115e-16,-1.76741,-2.57671
0.771393,0.309691,-1.45727,-1.44701e-16,-1.76696,-2.58444
0.772999,0.311339,-1.45517,-1.44284e-16,-1.76651,-2.59217
0.774608,0.312976,-1.45309,-1.43864e-16,-1.76606,-2.59992
0.776221,0.314603,-1.45101,-1.43441e-16,-1.76561,-2.60767
0.777839,0.316219,-1.44895,-1.43015e-16,-1.76517,-2.61544
0.77946,0.317824,-1.44689,-1.42586e-16,-1.76472,-2.62321
0.781085,0.319418,-1.44485,-1.42154e-16,-1.76427,-2.63099
0.782714,0.321002,-1.44282,-1.41719e-16,-1.76383,-2.63877
0.784346,0.322574,-1.44081,-1.41281e-16,-1.76338,-2.64657
0.785982,0.324136,-1.4388,-1.4084e-16,-1.76294,-2.65437
0.787622,0.325686,-1.43681,-1.40397e-16,-1.7625,-2.66218
0.789265,0.327225,-1.43483,-1.3995e-16,-1.76205,-2.67
0.790912,0.328753,-1.43286,-1.39501e-16,-1.76161,-2.67783
0.792562,0.330269,-1.43091,-1.39048e-16,-1.76118,-2.68566
0.794216,0.331774,-1.42896,-1.38593e-16,-1.76074,-2.6935
0.795873,0.333267,-1.42704,-1.38135e-16,-1.7603,-2.70135
0.797533,0.334749,-1.42512,-1.37674e-16,-1.75987,-2.70921
0.799197,0.336218,-1.42322,-1.3721e-16,-1.75944,-2.71707
0.800864,0.337676,-1.42133,-1.36743e-16,-1.75901,-2.72493
0.802534,0.339122,-1.41945,-1.36274e-16,-1.75858,-2.73281
0.804207,0.340556,-1.41759,-1.35802e-16,-1.75815,-2.74069
0.805883,0.341978,-1.41575,-1.35327e-16,-1.75772,-2.74858
0.807563,0.343387,-1.41391,-1.34849e-16,-1.7573,-2.75647
0.809245,0.344784,-1.41209,-1.34369e-16,-1.75688,-2.76437
0.81093,0.346169,-1.41029,-1.33886e-16,-1.75646,-2.77228
0.812619,0.347542,-1.4085,-1.334e-16,-1.75604,-2.78019
0.81431,0.348902,-1.40673,-1.32911e-16,-1.75563,-2.7881
0.816004,0.350249,-1.40497,-1.3242e-16,-1.75521,-2.79603
0.8177,0.351584,-1.40322,-1.31926e-16,-1.7548,-2.80395
0.8194,0.352906,-1.40149,-1.31429e-16,-1.7544,-2.81189
0.821102,0.354215,-1.39978,-1.3093e-16,-1.75399,-2.81982
0.822807,0.355511,-1.39808,-1.30428e-16,-1.75359,-2.82777
0.824514,0.356794,-1.39639,-1.29924e-16,-1.75319,-2.83571
0.826224,0.358065,-1.39473,-1.29417e-16,-1.75279,-2.84367
0.827937,0.359322,-1.39308,-1.28907e-16,-1.7524,-2.85162
0.829652,0.360566,-1.39144,-1.28395e-16,-1.75201,-2.85959
0.831369,0.361796,-1.38982,-1.2788e-16,-1.75162,-2.86755
0.833089,0.363014,-1.38822,-1.27363e-16,-1.75123,-2.87552
0.834811,0.364218,-1.38663,-1.26843e-16,-1.75085,-2.8835
0.836535,0.365408,-1.38506,-1.26321e-16,-1.75047,-2.89148
0.838262,0.366585,-1.38351,-1.25796e-16,-1.75009,-2.89946
0.839991,0.367749,-1.38197,-1.25269e-16,-1.74972,-2.90745
0.841722,0.368899,-1.38045,-1.24739e-16,-1.74935,-2.91544
0.843455,0.370035,-1.37895,-1.24206e-16,-1.74898,-2.92343
0.84519,0.371157,-1.37746,-1.23672e-16,-1.74862,-2.93143
0.846927,0.372265,-1.37599,-1.23135e-16,-1.74826,-2.93943
0.848667,0.37336,-1.37454,-1.22595e-16,-1.7479,-2.94743
0.850408,0.374441,-1.37311,-1.22053e-16,-1.74755,-2.95544
0.852151,0.375507,-1.37169,-1.21509e-16,-1.7472,-2.96345
0.853896,0.37656,-1.37029,-1.20962e-16,-1.74685,-2.97146
0.855643,0.377598,-1.36891,-1.20413e-16,-1.74651,-2.97948
0.857392,0.378622,-1.36755,-1.19862e-16,-1.74617,-2.9875
0.859142,0.379632,-1.36621,-1.19308e-16,-1.74584,-2.99552
0.860894,0.380628,-1.36488,-1.18752e-16,-1.74551,-3.00355
0.862648,0.38161,-1.36357,-1.18194e-16,-1.74518,-3.01157
0.864403,0.382577,-1.36228,-1.17633e-16,-1.74486,-3.0196
0.866161,0.383529,-1.36101,-1.1707e-16,-1.74454,-3.02764
0.867919,0.384467,-1.35976,-1.16505e-16,-1.74423,-3.03567
0.86968,0.385391,-1.35853,-1.15938e-16,-1.74392,-3.04371
0.871441,0.3863,-1.35731,-1.15368e-16,-1.74361,-3.05175
0.873204,0.387194,-1.35612,-1.14796e-16,-1.74331,-3.05979
0.874969,0.388074,-1.35494,-1.14222e-16,-1.74301,-3.06783
0.876735,0.388939,-1.35378,-1.13646e-16,-1.74272,-3.07588
0.878503,0.389789,-1.35264,-1.13067e-16,-1.74243,-3.08392
0.880271,0.390624,-1.35152,-1.12487e-16,-1.74215,-3.09197
0.882041,0.391445,-1.35042,-1.11904e-16,-1.74187,-3.10002
0.883813,0.39225,-1.34934,-1.11319e-16,-1.74159,-3.10807
0.885585,0.393041,-1.34828,-1.10732e-16,-1.74132,-3.11613
0.887359,0.393817,-1.34724,-1.10143e-16,-1.74106,-3.12418
0.889134,0.394577,-1.34622,-1.09552e-16,-1.74079,-3.13224
0.89091,0.395323,-1.34521,-1.08958e-16,-1.74054,-3.1403
0.892687,0.396054,-1.34423,-1.08363e-16,-1.74029,-3.14835
0.894465,0.396769,-1.34327,-1.07765e-16,-1.74004,-3.15642
0.896245,0.397469,-1.34233,-1.07166e-16,-1.7398,-3.16448
0.898025,0.398155,-1.3414,-1.06564e-16,-1.73956,-3.17254
0.899806,0.398825,-1.3405,-1.0596e-16,-1.73933,-3.1806
0.901589,0.399479,-1.33962,-1.05355e-16,-1.7391,-3.18867
0.903372,0.400119,-1.33876,-1.04747e-16,-1.73888,-3.19674
0.905156,0.400743,-1.33792,-1.04137e-16,-1.73866,-3.2048
0.906941,0.401352,-1.33709,-1.03525e-16,-1.73845,-3.21287
0.908727,0.401945,-1.33629,-1.02912e-16,-1.73824,-3.22094
0.910513,0.402523,-1.33551,-1.02296e-16,-1.73804,-3.22901
0.912301,0.403086,-1.33475,-1.01678e-16,-1.73784,-3.23708
0.914089,0.403633,-1.33401,-1.01059e-16,-1.73765,-3.24515
0.915878,0.404165,-1.33329,-1.00437e-16,-1.73746,-3.25322
0.917668,0.404681,-1.3326,-9.98137e-17,-1.73728,-3.2613
0.919458,0.405182,-1.33192,-9.91883e-17,-1.7371,-3.26937
0.921249,0.405667,-1.33126,-9.85609e-17,-1.73693,-3.27744
0.923041,0.406137,-1.33063,-9.79317e-17,-1.73676,-3.28552
0.924834,0.406591,-1.33001,-9.73005e-17,-1.7366,-3.29359
0.926627,0.40703,-1.32942,-9.66675e-17,-1.73645,-3.30167
0.92842,0.407453,-1.32885,-9.60326e-17,-1.7363,-3.30975
0.930215,0.40786,-1.32829,-9.53958e-17,-1.73615,-3.31782
0.932009,0.408252,-1.32776,-9.47572e-17,-1.73602,-3.3259
0.933805,0.408628,-1.32725,-9.41167e-17,-1.73588,-3.33398
0.9356,0.408988,-1.32677,-9.34744e-17,-1.73575,-3.34206
0.937397,0.409333,-1.3263,-9.28302e-17,-1.73563,-3.35014
0.939193,0.409662,-1.32585,-9.21842e-17,-1.73551,-3.35822
0.94099,0.409975,-1.32543,-9.15364e-17,-1.7354,-3.3663
0.942788,0.410272,-1.32502,-9.08868e-17,-1.7353,-3.37438
0.944586,0.410554,-1.32464,-9.02354e-17,-1.7352,-3.38246
0.946384,0.41082,-1.32428,-8.95823e-17,-1.7351,-3.39054
0.948182,0.41107,-1.32394,-8.89274e-17,-1.73501,-3.39862
0.949981,0.411305,-1.32362,-8.82707e-17,-1.73493,-3.4067
0.95178,0.411523,-1.32333,-8.76122e-17,-1.73485,-3.41478
0.95358,0.411726,-1.32305,-8.69521e-17,-1.73478,-3.42286
0.955379,0.411913,-1.3228,-8.62902e-17,-1.73471,-3.43095
0.957179,0.412084,-1.32256,-8.56266e-17,-1.73465,-3.43903
0.958978,0.412239,-1.32235,-8.49613e-17,-1.73459,-3.44711
0.960778,0.412378,-1.32216,-8.42943e-17,-1.73454,-3.45519
0.962578,0.412502,-1.322,-8.36257e-17,-1.7345,-3.46327
0.964378,0.41261,-1.32185,-8.29553e-17,-1.73446,-3.47135
0.966178,0.412702,-1.32173,-8.22834e-17,-1.73443,-3.47943
0.967978,0.412778,-1.32162,-8.16098e-17,-1.7344,-3.48751
0.969778,0.412838,-1.32154,-8.09346e-17,-1.73438,-3.49558
0.971578,0.412882,-1.32148,-8.02577e-17,-1.73436,-3.50366
0.973377,0.412911,-1.32144,-7.95793e-17,-1.73435,-3.51174
0.975177,0.412923,-1.32142,-7.88993e-17,-1.73435,-3.51981
0.976976,0.41292,-1.32143,-7.82177e-17,-1.73435,-3.52789
0.978775,0.412901,-1.32145,-7.75346e-17,-1.73436,-3.53596
0.980574,0.412866,-1.3215,-7.68499e-17,-1.73437,-3.54404
0.982373,0.412816,-1.32157,-7.61637e-17,-1.73439,-3.55211
0.984171,0.412749,-1.32166,-7.5476e-17,-1.73441,-3.56018
0.985969,0.412667,-1.32177,-7.47868e-17,-1.73444,-3.56825
0.987766,0.412569,-1.32191,-7.40961e-17,-1.73447,-3.57632
0.989563,0.412455,-1.32206,-7.3404e-17,-1.73452,-3.58438
0.99136,0.412325,-1.32224,-7.27104e-17,-1.73456,-3.59245
0.993156,0.41218,-1.32243,-7.20153e-17,-1.73461,-3.60051
0.994951,0.412019,-1.32265,-7.13189e-17,-1.73467,-3.60857
0.996746,0.411842,-1.32289,-7.0621e-17,-1.73474,-3.61663
0.99854,0.41165,-1.32315,-6.99218e-17,-1.7348,-3.62469
1.00033,0.411442,-1.32344,-6.92211e-17,-1.73488,-3.63275
1.00213,0.411218,-1.32374,-6.85192e-17,-1.73496,-3.6408
1.00392,0.410978,-1.32407,-6.78158e-17,-1.73504,-3.64885
1.00571,0.410723,-1.32441,-6.71112e-17,-1.73514,-3.6569
1.0075,0.410453,-1.32478,-6.64053e-17,-1.73523,-3.66495
1.00929,0.410167,-1.32517,-6.5698e-17,-1.73533,-3.67299
1.01108,0.409865,-1.32558,-6.49895e-17,-1.73544,-3.68103
1.01287,0.409548,-1.32601,-6.42798e-17,-1.73555,-3.68907
1.01465,0.409215,-1.32646,-6.35688e-17,-1.73567,-3.69711
1.01644,0.408867,-1.32693,-6.28565e-17,-1.7358,-3.70514
1.01822,0.408504,-1.32742,-6.21431e-17,-1.73593,-3.71317
1.02001,0.408125,-1.32794,-6.14285e-17,-1.73606,-3.7212
1.02179,0.407731,-1.32847,-6.07127e-17,-1.7362,-3.72922
1.02357,0.407322,-1.32902,-5.99958e-17,-1.73635,-3.73724
1.02535,0.406897,-1.3296,-5.92778e-17,-1.7365,-3.74525
1.02713,0.406457,-1.33019,-5.85586e-17,-1.73665,-3.75327
1.02891,0.406002,-1.33081,-5.78384e-17,-1.73681,-3.76127
1.03068,0.405532,-1.33145,-5.71171e-17,-1.73698,-3.76928
1.03246,0.405047,-1.3321,-5.63947e-17,-1.73715,-3.77728
1.03423,0.404547,-1.33278,-5.56713e-17,-1.73733,-3.78527
1.036,0.404032,-1.33347,-5.49469e-17,-1.73751,-3.79327
1.03777,0.403502,-1.33419,-5.42215e-17,-1.73769,-3.80125
1.03954,0.402957,-1.33493,-5.34951e-17,-1.73788,-3.80923
1.04131,0.402398,-1.33568,-5.27678e-17,-1.73808,-3.81721
1.04307,0.401823,-1.33646,-5.20395e-17,-1.73828,-3.82519
1.04484,0.401234,-1.33725,-5.13103e-17,-1.73849,-3.83315
1.0466,0.40063,-1.33807,-5.05802e-17,-1.7387,-3.84112
1.04836,0.400012,-1.3389,-4.98493e-17,-1.73891,-3.84907
1.05011,0.399379,-1.33975,-4.91174e-17,-1.73913,-3.85703
1.05187,0.398732,-1.34063,-4.83848e-17,-1.73936,-3.86497
1.05362,0.39807,-1.34152,-4.76513e-17,-1.73959,-3.87291
1.05538,0.397394,-1.34243,-4.69171e-17,-1.73982,-3.88085
1.05713,0.396704,-1.34336,-4.61821e-17,-1.74006,-3.88878
1.05887,0.395999,-1.34431,-4.54463e-17,-1.7403,-3.8967
1.06062,0.39528,-1.34527,-4.47098e-17,-1.74055,-3.90462
1.06236,0.394547,-1.34626,-4.39726e-17,-1.7408,-3.91253
1.06411,0.393801,-1.34726,-4.32347e-17,-1.74106,-3.92043
1.06584,0.39304,-1.34828,-4.24961e-17,-1.74132,-3.92833
1.06758,0.392265,-1.34932,-4.17569e-17,-1.74159,-3.93622
1.06932,0.391477,-1.35038,-4.10171e-17,-1.74186,-3.94411
1.07105,0.390675,-1.35145,-4.02767e-17,-1.74213,-3.95198
1.07278,0.389859,-1.35255,-3.95357e-17,-1.74241,-3.95986
1.0745,0.38903,-1.35366,-3.87942e-17,-1.74269,-3.96772
1.07623,0.388187,-1.35479,-3.80521e-17,-1.74297,-3.97557
1.07795,0.38733,-1.35593,-3.73095e-17,-1.74326,-3.98342
1.07967,0.386461,-1.3571,-3.65664e-17,-1.74356,-3.99126
1.08139,0.385578,-1.35828,-3.58228e-17,-1.74385,-3.99909
1.0831,0.384682,-1.35947,-3.50788e-17,-1.74416,-4.00692
1.08481,0.383773,-1.36069,-3.43344e-17,-1.74446,-4.01474
1.08652,0.382851,-1.36192,-3.35896e-17,-1.74477,-4.02254
1.08823,0.381916,-1.36316,-3.28444e-17,-1.74508,-4.03034
1.08993,0.380968,-1.36443,-3.20988e-17,-1.7454,-4.03813
1.09163,0.380008,-1.36571,-3.13529e-17,-1.74571,-4.04592
1.09333,0.379034,-1.367,-3.06067e-17,-1.74604,-4.05369
1.09502,0.378048,-1.36831,-2.98602e-17,-1.74636,-4.06146
1.09671,0.37705,-1.36964,-2.91135e-17,-1.74669,-4.06921
1.0984,0.37604,-1.37098,-2.83665e-17,-1.74702,-4.07696
1.10008,0.375017,-1.37234,-2.76193e-17,-1.74736,-4.0847
1.10176,0.373981,-1.37372,-2.68718e-17,-1.7477,-4.09242
1.10344,0.372934,-1.37511,-2.61242e-17,-1.74804,-4.10014
1.10512,0.371875,-1.37651,-2.53765e-17,-1.74838,-4.10785
1.10679,0.370804,-1.37793,-2.46286e-17,-1.74873,-4.11555
1.10845,0.369721,-1.37936,-2.38807e-17,-1.74908,-4.12324
1.11012,0.368626,-1.38081,-2.31326e-17,-1.74944,-4.13092
1.11178,0.367519,-1.38227,-2.23845e-17,-1.74979,-4.13859
1.11344,0.366401,-1.38375,-2.16363e-17,-1.75015,-4.14624
1.11509,0.365272,-1.38524,-2.08881e-17,-1.75051,-4.15389
1.11674,0.364131,-1.38674,-2.014e-17,-1.75088,-4.16153
1.11839,0.362979,-1.38826,-1.93918e-17,-1.75124,-4.16915
1.12003,0.361816,-1.38979,-1.86437e-17,-1.75161,-4.17677
1.12167,0.360642,-1.39134,-1.78957e-17,-1.75198,-4.18437
1.12331,0.359457,-1.3929,-1.71478e-17,-1.75235,-4.19196
1.12494,0.358261,-1.39447,-1.64e-17,-1.75273,-4.19955
1.12657,0.357054,-1.39605,-1.56523e-17,-1.75311,-4.20712
1.12819,0.355837,-1.39765,-1.49048e-17,-1.75349,-4.21467
1.12981,0.354609,-1.39926,-1.41575e-17,-1.75387,-4.22222
1.13143,0.35337,-1.40088,-1.34104e-17,-1.75425,-4.22976
1.13304,0.352122,-1.40252,-1.26635e-17,-1.75464,-4.23728
1.13465,0.350863,-1.40416,-1.19169e-17,-1.75503,-4.24479
1.13625,0.349594,-1.40582,-1.11706e-17,-1.75542,-4.25229
1.13785,0.348314,-1.40749,-1.04245e-17,-1.75581,-4.25977
1.13945,0.347025,-1.40917,-9.67882e-18,-1.7562,-4.26725
1.14104,0.345726,-1.41087,-8.93344e-18,-1.75659,-4.27471
1.14263,0.344418,-1.41257,-8.18842e-18,-1.75699,-4.28216
1.14421,0.3431,-1.41429,-7.44378e-18,-1.75739,-4.28959
1.14579,0.341772,-1.41601,-6.69955e-18,-1.75779,-4.29702
1.14736,0.340435,-1.41775,-5.95575e-18,-1.75818,-4.30443
1.14893,0.339088,-1.4195,-5.2124e-18,-1.75859,-4.31182
1.1505,0.337733,-1.42126,-4.46951e-18,-1.75899,-4.31921
1.15206,0.336368,-1.42302,-3.72712e-18,-1.75939,-4.32658
1.15362,0.334994,-1.4248,-2.98524e-18,-1.7598,-4.33393
1.15517,0.333612,-1.42659,-2.2439e-18,-1.7602,-4.34128
1.15672,0.332221,-1.42839,-1.5031e-18,-1.76061,-4.34861
1.15826,0.330821,-1.4302,-7.62886e-19,-1.76102,-4.35592
1.1598,0.329412,-1.43201,-2.32647e-20,-1.76142,-4.36322
1.16134,0.327995,-1.43384,7.15741e-19,-1.76183,-4.37051
1.16287,0.326569,-1.43567,1.45411e-18,-1.76224,-4.37779
1.16439,0.325136,-1.43752,2.19182e-18,-1.76265,-4.38505
1.16591,0.323694,-1.43937,2.92886e-18,-1.76306,-4.39229
1.16743,0.322244,-1.44123,3.6652e-18,-1.76348,-4.39952
1.16894,0.320786,-1.4431,4.40083e-18,-1.76389,-4.40674
1.17044,0.31932,-1.44498,5.13572e-18,-1.7643,-4.41394
1.17194,0.317847,-1.44686,5.86986e-18,-1.76471,-4.42113
1.17344,0.316366,-1.44876,6.60322e-18,-1.76512,-4.4283
1.17493,0.314877,-1.45066,7.33579e-18,-1.76554,-4.43546
1.17642,0.313381,-1.45257,8.06755e-18,-1.76595,-4.4426
1.1779,0.311878,-1.45449,8.79847e-18,-1.76636,-4.44973
1.17938,0.310367,-1.45641,9.52855e-18,-1.76678,-4.45684
1.18085,0.308849,-1.45834,1.02578e-17,-1.76719,-4.46394
1.18232,0.307325,-1.46028,1.09861e-17,-1.7676,-4.47102
1.18378,0.305793,-1.46222,1.17135e-17,-1.76802,-4.47809
1.18524,0.304254,-1.46418,1.244e-17,-1.76843,-4.48514
1.18669,0.302709,-1.46613,1.31656e-17,-1.76884,-4.49218
1.18813,0.301157,-1.4681,1.38902e-17,-1.76926,-4.4992
1.18958,0.299599,-1.47007,1.46138e-17,-1.76967,-4.50621
1.19101,0.298034,-1.47205,1.53365e-17,-1.77008,-4.5132
1.19244,0.296462,-1.47403,1.60581e-17,-1.77049,-4.52017
1.19387,0.294885,-1.47602,1.67787e-17,-1.7709,-4.52713
1.19529,0.293301,-1.47801,1.74983e-17,-1.77131,-4.53407
1.19671,0.291711,-1.48001,1.82168e-17,-1.77172,-4.541
1.19812,0.290115,-1.48202,1.89342e-17,-1.77213,-4.54791
1.19952,0.288514,-1.48403,1.96506e-17,-1.77254,-4.55481
1.20092,0.286906,-1.48604,2.03658e-17,-1.77295,-4.56169
1.20232,0.285293,-1.48806,2.108e-17,-1.77335,-4.56855
1.20371,0.283675,-1.49009,2.1793e-17,-1.77376,-4.5754
1.20509,0.28205,-1.49212,2.25048e-17,-1.77417,-4.58223
1.20647,0.280421,-1.49415,2.32155e-17,-1.77457,-4.58904
1.20784,0.278786,-1.49619,2.3925e-17,-1.77497,-4.59584
1.20921,0.277145,-1.49823,2.46333e-17,-1.77538,-4.60262
1.21058,0.2755,-1.50028,2.53405e-17,-1.77578,-4.60939
1.21193,0.273849,-1.50233,2.60464e-17,-1.77618,-4.61614
1.21329,0.272194,-1.50438,2.6751e-17,-1.77658,-4.62287
1.21463,0.270534,-1.50644,2.74544e-17,-1.77697,-4.62959
1.21597,0.268868,-1.5085,2.81566e-17,-1.77737,-4.63629
1.21731,0.267198,-1.51057,2.88575e-17,-1.77777,-4.64297
1.21864,0.265524,-1.51264,2.95571e-17,-1.77816,-4.64964
1.21997,0.263845,-1.51471,3.02554e-17,-1.77855,-4.65629
1.22129,0.262161,-1.51678,3.09524e-17,-1.77894,-4.66292
1.2226,0.260473,-1.51886,3.1648e-17,-1.77933,-4.66954
1.22391,0.258781,-1.52094,3.23424e-17,-1.77972,-4.67614
1.22521,0.257084,-1.52303,3.30354e-17,-1.78011,-4.68272
1.22651,0.255383,-1.52511,3.3727e-17,-1.7805,-4.68929
1.2278,0.253678,-1.5272,3.44173e-17,-1.78088,-4.69584
1.22909,0.251969,-1.52929,3.51062e-17,-1.78126,-4.70238
1.23037,0.250256,-1.53139,3.57938e-17,-1.78164,-4.70889
1.23165,0.248539,-1.53348,3.64799e-17,-1.78202,-4.7154
1.23292,0.246819,-1.53558,3.71646e-17,-1.7824,-4.72188
1.23418,0.245094,-1.53768,3.78479e-17,-1.78277,-4.72835
1.23544,0.243366,-1.53978,3.85298e-17,-1.78315,-4.7348
1.2367,0.241635,-1.54188,3.92102e-17,-1.78352,-4.74123
1.23795,0.2399,-1.54399,3.98892e-17,-1.78389,-4.74765
1.23919,0.238161,-1.5461,4.05668e-17,-1.78426,-4.75405
1.24043,0.236419,-1.5482,4.12429e-17,-1.78462,-4.76044
1.24166,0.234674,-1.55031,4.19175e-17,-1.78499,-4.7668
1.24289,0.232925,-1.55242,4.25906e-17,-1.78535,-4.77315
1.24411,0.231173,-1.55454,4.32622e-17,-1.78571,-4.77949
1.24532,0.229418,-1.55665,4.39324e-17,-1.78607,-4.78581
1.24653,0.22766,-1.55876,4.4601e-17,-1.78642,-4.79211
1.24774,0.225899,-1.56088,4.52681e-17,-1.78678,-4.79839
1.24894,0.224136,-1.56299,4.59336e-17,-1.78713,-4.80466
1.25013,0.222369,-1.56511,4.65977e-17,-1.78748,-4.81091
1.25132,0.2206,-1.56723,4.72601e-17,-1.78783,-4.81714
1.2525,0.218827,-1.56934,4.79211e-17,-1.78817,-4.82336
1.25368,0.217053,-1.57146,4.85804e-17,-1.78851,-4.82956
1.25485,0.215275,-1.57358,4.92382e-17,-1.78886,-4.83575
1.25602,0.213495,-1.5757,4.98944e-17,-1.78919,-4.84191
1.25718,0.211713,-1.57782,5.0549e-17,-1.78953,-4.84806
1.25833,0.209928,-1.57994,5.1202e-17,-1.78986,-4.8542
1.25948,0.208141,-1.58206,5.18533e-17,-1.7902,-4.86031
1.26062,0.206351,-1.58417,5.25031e-17,-1.79053,-4.86641
1.26176,0.20456,-1.58629,5.31512e-17,-1.79085,-4.8725
1.26289,0.202766,-1.58841,5.37977e-17,-1.79118,-4.87857
1.26402,0.20097,-1.59053,5.44426e-17,-1.7915,-4.88462
1.26514,0.199172,-1.59265,5.50857e-17,-1.79182,-4.89065
1.26626,0.197372,-1.59476,5.57273e-17,-1.79214,-4.89667
1.26737,0.19557,-1.59688,5.63671e-17,-1.79245,-4.90267
1.26847,0.193767,-1.59899,5.70053e-17,-1.79276,-4.90865
1.26957,0.191961,-1.60111,5.76417e-17,-1.79307,-4.91462
1.27067,0.190154,-1.60322,5.82765e-17,-1.79338,-4.92056
1.27175,0.188345,-1.60534,5.89096e-17,-1.79368,-4.9265
1.27284,0.186535,-1.60745,5.95409e-17,-1.79398,-4.93241
1.27391,0.184723,-1.60956,6.01706e-17,-1.79428,-4.93831
1.27498,0.182909,-1.61167,6.07985e-17,-1.79458,-4.9442
1.27605,0.181094,-1.61378,6.14246e-17,-1.79487,-4.95006
1.27711,0.179278,-1.61589,6.20491e-17,-1.79516,-4.95591
1.27816,0.17746,-1.61799,6.26717e-17,-1.79545,-4.96175
1.27921,0.175641,-1.6201,6.32926e-17,-1.79574,-4.96756
1.28026,0.173821,-1.6222,6.39117e-17,-1.79602,-4.97336
1.2813,0.172,-1.6243,6.45291e-17,-1.7963,-4.97914
1.28233,0.170177,-1.6264,6.51447e-17,-1.79658,-4.98491
1.28335,0.168354,-1.6285,6.57584e-17,-1.79685,-4.99066
1.28438,0.166529,-1.6306,6.63704e-17,-1.79713,-4.99639
1.28539,0.164704,-1.63269,6.69805e-17,-1.79739,-5.00211
1.2864,0.162877,-1.63478,6.75889e-17,-1.79766,-5.0078
1.28741,0.16105,-1.63687,6.81954e-17,-1.79792,-5.01349
1.28841,0.159222,-1.63896,6.88001e-17,-1.79819,-5.01915
1.2894,0.157393,-1.64105,6.94029e-17,-1.79844,-5.0248
1.29039,0.155564,-1.64313,7.00039e-17,-1.7987,-5.03043
1.29137,0.153734,-1.64522,7.06031e-17,-1.79895,-5.03605
1.29235,0.151903,-1.6473,7.12004e-17,-1.7992,-5.04165
1.29332,0.150072,-1.64937,7.17958e-17,-1.79945,-5.04723
1.29428,0.14824,-1.65145,7.23893e-17,-1.79969,-5.05279
1.29524,0.146408,-1.65352,7.2981e-17,-1.79993,-5.05834
1.2962,0.144576,-1.65559,7.35708e-17,-1.80017,-5.06387
1.29715,0.142743,-1.65766,7.41587e-17,-1.8004,-5.06939
1.29809,0.14091,-1.65972,7.47446e-17,-1.80063,-5.07489
1.29903,0.139077,-1.66179,7.53287e-17,-1.80086,-5.08037
1.29996,0.137243,-1.66385,7.59109e-17,-1.80109,-5.08583
1.30089,0.135409,-1.6659,7.64911e-17,-1.80131,-5.09128
1.30181,0.133576,-1.66796,7.70694e-17,-1.80153,-5.09671
1.30273,0.131742,-1.67001,7.76458e-17,-1.80175,-5.10213
1.30364,0.129908,-1.67205,7.82203e-17,-1.80196,-5.10753
1.30454,0.128074,-1.6741,7.87928e-17,-1.80217,-5.11291
1.30544,0.126241,-1.67614,7.93633e-17,-1.80238,-5.11827
1.30634,0.124407,-1.67818,7.99319e-17,-1.80259,-5.12362
1.30723,0.122574,-1.68021,8.04985e-17,-1.80279,-5.12895
1.30811,0.120741,-1.68225,8.10632e-17,-1.80299,-5.13427
1.30899,0.118908,-1.68427,8.16258e-17,-1.80318,-5.13957
1.30986,0.117076,-1.6863,8.21865e-17,-1.80338,-5.14485
1.31073,0.115244,-1.68832,8.27452e-17,-1.80357,-5.15011
1.31159,0.113412,-1.69034,8.3302e-17,-1.80375,-5.15536
1.31244,0.111581,-1.69236,8.38567e-17,-1.80394,-5.16059
1.31329,0.10975,-1.69437,8.44094e-17,-1.80412,-5.16581
1.31414,0.10792,-1.69638,8.49601e-17,-1.8043,-5.17101
1.31498,0.106091,-1.69838,8.55088e-17,-1.80447,-5.17619
1.31581,0.104262,-1.70038,8.60555e-17,-1.80464,-5.18135
1.31664,0.102434,-1.70238,8.66001e-17,-1.80481,-5.1865
1.31746,0.100606,-1.70437,8.71427e-17,-1.80498,-5.19163
1.31828,0.0987795,-1.70636,8.76833e-17,-1.80514,-5.19675
1.31909,0.0969537,-1.70834,8.82219e-17,-1.8053,-5.20185
1.3199,0.0951287,-1.71033,8.87584e-17,-1.80545,-5.20693
1.3207,0.0933047,-1.7123,8.92928e-17,-1.80561,-5.21199
1.3215,0.0914815,-1.71428,8.98252e-17,-1.80576,-5.21704
1.32229,0.0896594,-1.71625,9.03555e-17,-1.80591,-5.22208
1.32307,0.0878383,-1.71821,9.08838e-17,-1.80605,-5.22709
1.32385,0.0860183,-1.72017,9.141e-17,-1.80619,-5.23209
1.32463,0.0841994,-1.72213,9.19342e-17,-1.80633,-5.23707
1.3254,0.0823816,-1.72408,9.24562e-17,-1.80647,-5.24204
1.32616,0.080565,-1.72603,9.29762e-17,-1.8066,-5.24699
1.32692,0.0787497,-1.72798,9.34941e-17,-1.80673,-5.25192
1.32767,0.0769356,-1.72992,9.40099e-17,-1.80685,-5.25684
1.32842,0.0751228,-1.73185,9.45236e-17,-1.80698,-5.26174
1.32916,0.0733114,-1.73379,9.50352e-17,-1.8071,-5.26662
1.3299,0.0715014,-1.73571,9.55448e-17,-1.80721,-5.27149
1.33063,0.0696928,-1.73764,9.60522e-17,-1.80733,-5.27634
1.33136,0.0678857,-1.73955,9.65575e-17,-1.80744,-5.28118
1.33208,0.0660801,-1.74147,9.70607e-17,-1.80755,-5.28599
1.33279,0.064276,-1.74338,9.75618e-17,-1.80765,-5.29079
1.3335,0.0624736,-1.74528,9.80607e-17,-1.80775,-5.29558
1.33421,0.0606727,-1.74718,9.85576e-17,-1.80785,-5.30035
1.33491,0.0588735,-1.74908,9.90523e-17,-1.80795,-5.3051
1.3356,0.057076,-1.75097,9.95449e-17,-1.80804,-5.30984
1.33629,0.0552803,-1.75285,1.00035e-16,-1.80813,-5.31455
1.33698,0.0534863,-1.75473,1.00524e-16,-1.80822,-5.31926
1.33766,0.0516941,-1.75661,1.0101e-16,-1.8083,-5.32394
1.33833,0.0499038,-1.75848,1.01494e-16,-1.80839,-5.32861
1.339,0.0481154,-1.76035,1.01976e-16,-1.80846,-5.33327
1.33966,0.0463289,-1.76221,1.02456e-16,-1.80854,-5.3379
1.34032,0.0445443,-1.76407,1.02933e-16,-1.80861,-5.34252
1.34097,0.0427618,-1.76592,1.03409e-16,-1.80868,-5.34713
1.34162,0.0409812,-1.76777,1.03882e-16,-1.80875,-5.35172
1.34226,0.0392027,-1.76961,1.04353e-16,-1.80881,-5.35629
1.3429,0.0374264,-1.77145,1.04822e-16,-1.80887,-5.36084
1.34353,0.0356521,-1.77328,1.05289e-16,-1.80893,-5.36538
1.34416,0.0338801,-1.77511,1.05754e-16,-1.80899,-5.36991
1.34478,0.0321102,-1.77693,1.06216e-16,-1.80904,-5.37441
1.3454,0.0303426,-1.77875,1.06677e-16,-1.80909,-5.3789
1.34601,0.0285772,-1.78056,1.07135e-16,-1.80913,-5.38338
1.34662,0.0268142,-1.78236,1.07591e-16,-1.80918,-5.38783
1.34722,0.0250535,-1.78417,1.08045e-16,-1.80922,-5.39228
1.34782,0.0232952,-1.78596,1.08496e-16,-1.80926,-5.3967
1.34841,0.0215392,-1.78775,1.08946e-16,-1.80929,-5.40111
1.34899,0.0197858,-1.78954,1.09393e-16,-1.80932,-5.4055
1.34958,0.0180348,-1.79132,1.09838e-16,-1.80935,-5.40988
1.35015,0.0162863,-1.79309,1.10281e-16,-1.80938,-5.41424
1.35072,0.0145403,-1.79486,1.10722e-16,-1.80941,-5.41858
1.35129,0.0127969,-1.79663,1.11161e-16,-1.80943,-5.42291
1.35185,0.0110562,-1.79839,1.11597e-16,-1.80945,-5.42722
1.35241,0.00931804,-1.80014,1.12032e-16,-1.80946,-5.43152
1.35296,0.00758258,-1.80189,1.12464e-16,-1.80947,-5.4358
1.35351,0.00584982,-1.80363,1.12894e-16,-1.80948,-5.44006
1.35405,0.00411979,-1.80537,1.13321e-16,-1.80949,-5.44431
1.35458,0.00239252,-1.8071,1.13747e-16,-1.8095,-5.44854
1.35512,0.000668059,-1.80883,1.1417e-16,-1.8095,-5.45276
1.35564,-0.00105358,-1.81055,1.14591e-16,-1.8095,-5.45695
1.35616,-0.00277236,-1.81227,1.1501e-16,-1.8095,-5.46114
1.35668,-0.00448825,-1.81398,1.15427e-16,-1.80949,-5.4653
1.35719,-0.00620122,-1.81568,1.15842e-16,-1.80948,-5.46946
1.3577,-0.00791124,-1.81738,1.16254e-16,-1.80947,-5.47359
1.3582,-0.00961829,-1.81908,1.16665e-16,-1.80946,-5.47771
1.3587,-0.0113223,-1.82076,1.17073e-16,-1.80944,-5.48181
1.3592,-0.0130233,-1.82245,1.17479e-16,-1.80942,-5.4859
1.35968,-0.0147212,-1.82412,1.17882e-16,-1.8094,-5.48997
1.36017,-0.0164161,-1.8258,1.18284e-16,-1.80938,-5.49403
1.36065,-0.0181077,-1.82746,1.18683e-16,-1.80935,-5.49806
1.36112,-0.0197963,-1.82912,1.1908e-16,-1.80932,-5.50209
1.36159,-0.0214816,-1.83077,1.19475e-16,-1.80929,-5.5061
1.36205,-0.0231638,-1.83242,1.19868e-16,-1.80926,-5.51009
1.36251,-0.0248427,-1.83407,1.20259e-16,-1.80922,-5.51406
1.36297,-0.0265183,-1.8357,1.20647e-16,-1.80919,-5.51802
1.36342,-0.0281906,-1.83733,1.21034e-16,-1.80914,-5.52197
1.36386,-0.0298596,-1.83896,1.21418e-16,-1.8091,-5.52589
1.36431,-0.0315252,-1.84058,1.218e-16,-1.80906,-5.52981
1.36474,-0.0331875,-1.84219,1.22179e-16,-1.80901,-5.5337
1.36517,-0.0348463,-1.8438,1.22557e-16,-1.80896,-5.53758
1.3656,-0.0365017,-1.84541,1.22933e-16,-1.8089,-5.54145
1.36602,-0.0381537,-1.847,1.23306e-16,-1.80885,-5.5453
1.36644,-0.0398021,-1.84859,1.23677e-16,-1.80879,-5.54913
1.36686,-0.041447,-1.85018,1.24046e-16,-1.80873,-5.55295
1.36727,-0.0430884,-1.85176,1.24413e-16,-1.80867,-5.55675
1.36767,-0.0447262,-1.85333,1.24777e-16,-1.80861,-5.56054
1.36807,-0.0463604,-1.8549,1.2514e-16,-1.80854,-5.56431
1.36847,-0.047991,-1.85646,1.255e-16,-1.80847,-5.56806
1.36886,-0.049618,-1.85802,1.25858e-16,-1.8084,-5.5718
1.36924,-0.0512412,-1.85957,1.26214e-16,-1.80833,-5.57553
1.36963,-0.0528608,-1.86111,1.26568e-16,-1.80825,-5.57924
1.37001,-0.0544766,-1.86265,1.2692e-16,-1.80817,-5.58293
1.37038,-0.0560887,-1.86418,1.27269e-16,-1.80809,-5.58661
1.37075,-0.057697,-1.86571,1.27617e-16,-1.80801,-5.59027
1.37111,-0.0593015,-1.86723,1.27962e-16,-1.80793,-5.59391
1.37147,-0.0609021,-1.86874,1.28305e-16,-1.80784,-5.59754
1.37183,-0.0624989,-1.87025,1.28646e-16,-1.80775,-5.60116
1.37218,-0.0640919,-1.87175,1.28985e-16,-1.80766,-5.60476
1.37253,-0.0656809,-1.87325,1.29322e-16,-1.80757,-5.60834
1.37287,-0.067266,-1.87474,1.29657e-16,-1.80748,-5.61191
1.37321,-0.0688472,-1.87623,1.29989e-16,-1.80738,-5.61546
1.37355,-0.0704244,-1.87771,1.3032e-16,-1.80728,-5.619
1.37388,-0.0719976,-1.87918,1.30648e-16,-1.80718,-5.62253
1.3742,-0.0735668,-1.88065,1.30974e-16,-1.80708,-5.62603
1.37453,-0.0751319,-1.88211,1.31298e-16,-1.80698,-5.62952
1.37484,-0.076693,-1.88356,1.3162e-16,-1.80687,-5.633
1.37516,-0.0782499,-1.88501,1.3194e-16,-1.80676,-5.63646
1.37547,-0.0798028,-1.88646,1.32258e-16,-1.80665,-5.63991
1.37577,-0.0813515,-1.88789,1.32573e-16,-1.80654,-5.64334
1.37608,-0.0828961,-1.88932,1.32887e-16,-1.80643,-5.64675
1.37637,-0.0844365,-1.89075,1.33199e-16,-1.80631,-5.65015
1.37667,-0.0859727,-1.89217,1.33508e-16,-1.8062,-5.65354
1.37696,-0.0875047,-1.89358,1.33815e-16,-1.80608,-5.65691
1.37724,-0.0890324,-1.89499,1.34121e-16,-1.80596,-5.66026
1.37752,-0.0905559,-1.89639,1.34424e-16,-1.80583,-5.6636
1.3778,-0.0920751,-1.89779,1.34725e-16,-1.80571,-5.66693
1.37807,-0.0935899,-1.89917,1.35024e-16,-1.80558,-5.67024
1.37834,-0.0951005,-1.90056,1.35321e-16,-1.80546,-5.67353
1.37861,-0.0966067,-1.90194,1.35616e-16,-1.80533,-5.67681
1.37887,-0.0981085,-1.90331,1.35909e-16,-1.8052,-5.68007
1.37913,-0.0996059,-1.90467,1.362e-16,-1.80507,-5.68332
1.37938,-0.101099,-1.90603,1.36489e-16,-1.80493,-5.68656
1.37964,-0.102588,-1.90738,1.36776e-16,-1.8048,-5.68977
1.37988,-0.104072,-1.90873,1.37061e-16,-1.80466,-5.69298
1.38012,-0.105551,-1.91007,1.37343e-16,-1.80452,-5.69617
1.38036,-0.107026,-1.91141,1.37624e-16,-1.80438,-5.69934
1.3806,-0.108497,-1.91274,1.37903e-16,-1.80424,-5.7025
1.38083,-0.109963,-1.91406,1.3818e-16,-1.8041,-5.70565
1.38106,-0.111425,-1.91538,1.38454e-16,-1.80395,-5.70878
1.38128,-0.112882,-1.91669,1.38727e-16,-1.80381,-5.71189
1.3815,-0.114334,-1.91799,1.38998e-16,-1.80366,-5.71499
1.38172,-0.115782,-1.91929,1.39267e-16,-1.80351,-5.71807
1.38193,-0.117225,-1.92059,1.39534e-16,-1.80336,-5.72114
1.38214,-0.118664,-1.92187,1.39799e-16,-1.80321,-5.7242
1.38235,-0.120098,-1.92315,1.40061e-16,-1.80306,-5.72724
1.38255,-0.121527,-1.92443,1.40322e-16,-1.8029,-5.73027
1.38275,-0.122951,-1.9257,1.40581e-16,-1.80275,-5.73328
1.38295,-0.124371,-1.92696,1.40838e-16,-1.80259,-5.73627
1.38314,-0.125786,-1.92822,1.41093e-16,-1.80243,-5.73926
1.38333,-0.127196,-1.92947,1.41347e-16,-1.80227,-5.74222
1.38352,-0.128602,-1.93071,1.41598e-16,-1.80211,-5.74518
1.3837,-0.130003,-1.93195,1.41847e-16,-1.80195,-5.74812
1.38388,-0.131399,-1.93319,1.42094e-16,-1.80179,-5.75104
1.38405,-0.13279,-1.93441,1.4234e-16,-1.80162,-5.75395
1.38422,-0.134176,-1.93564,1.42583e-16,-1.80146,-5.75684
1.38439,-0.135557,-1.93685,1.42825e-16,-1.80129,-5.75972
1.38456,-0.136934,-1.93806,1.43065e-16,-1.80113,-5.76259
1.38472,-0.138306,-1.93926,1.43303e-16,-1.80096,-5.76544
1.38488,-0.139672,-1.94046,1.43539e-16,-1.80079,-5.76828
1.38503,-0.141034,-1.94165,1.43773e-16,-1.80062,-5.7711
1.38519,-0.142391,-1.94284,1.44005e-16,-1.80045,-5.77391
1.38533,-0.143743,-1.94402,1.44235e-16,-1.80027,-5.7767
1.38548,-0.14509,-1.94519,1.44464e-16,-1.8001,-5.77948
1.38562,-0.146432,-1.94636,1.44691e-16,-1.79993,-5.78224
1.38576,-0.147769,-1.94752,1.44916e-16,-1.79975,-5.785
1.3859,-0.149101,-1.94868,1.45139e-16,-1.79958,-5.78773
1.38603,-0.150428,-1.94983,1.4536e-16,-1.7994,-5.79045
1.38616,-0.15175,-1.95097,1.45579e-16,-1.79922,-5.79316
1.38629,-0.153067,-1.95211,1.45797e-16,-1.79904,-5.79586
1.38642,-0.154379,-1.95324,1.46012e-16,-1.79886,-5.79854
1.38654,-0.155685,-1.95437,1.46226e-16,-1.79868,-5.8012
1.38666,-0.156987,-1.95549,1.46438e-16,-1.7985,-5.80385
1.38677,-0.158284,-1.9566,1.46649e-16,-1.79832,-5.80649
1.38688,-0.159575,-1.95771,1.46857e-16,-1.79814,-5.80911
1.38699,-0.160861,-1.95881,1.47064e-16,-1.79795,-5.81172
1.3871,-0.162142,-1.95991,1.47269e-16,-1.79777,-5.81432
1.38721,-0.163418,-1.961,1.47473e-16,-1.79758,-5.8169
1.38731,-0.164689,-1.96209,1.47674e-16,-1.7974,-5.81947
1.38741,-0.165955,-1.96317,1.47874e-16,-1.79721,-5.82202
1.3875,-0.167215,-1.96424,1.48072e-16,-1.79702,-5.82456
1.38759,-0.16847,-1.96531,1.48268e-16,-1.79684,-5.82708
1.38768,-0.16972,-1.96637,1.48463e-16,-1.79665,-5.8296
1.38777,-0.170965,-1.96742,1.48656e-16,-1.79646,-5.83209
1.38786,-0.172204,-1.96847,1.48847e-16,-1.79627,-5.83458
1.38794,-0.173438,-1.96952,1.49037e-16,-1.79608,-5.83705
1.38802,-0.174667,-1.97056,1.49225e-16,-1.79589,-5.8395
1.3881,-0.175891,-1.97159,1.49411e-16,-1.7957,-5.84195
1.38817,-0.177109,-1.97262,1.49595e-16,-1.79551,-5.84437
1.38824,-0.178322,-1.97364,1.49778e-16,-1.79532,-5.84679
1.38831,-0.179529,-1.97465,1.49959e-16,-1.79512,-5.84919
1.38838,-0.180732,-1.97566,1.50139e-16,-1.79493,-5.85158
1.38844,-0.181929,-1.97667,1.50317e-16,-1.79474,-5.85395
1.38851,-0.18312,-1.97767,1.50493e-16,-1.79455,-5.85631
1.38857,-0.184306,-1.97866,1.50667e-16,-1.79435,-5.85866
1.38862,-0.185487,-1.97964,1.5084e-16,-1.79416,-5.86099
1.38868,-0.186663,-1.98063,1.51012e-16,-1.79396,-5.86331
1.38873,-0.187833,-1.9816,1.51182e-16,-1.79377,-5.86562
1.38878,-0.188997,-1.98257,1.5135e-16,-1.79357,-5.86791
1.38883,-0.190157,-1.98353,1.51517e-16,-1.79338,-5.87019
1.38888,-0.19131,-1.98449,1.51682e-16,-1.79318,-5.87246
1.38892,-0.192459,-1.98544,1.51845e-16,-1.79299,-5.87471
1.38896,-0.193602,-1.98639,1.52007e-16,-1.79279,-5.87695
1.389,-0.194739,-1.98733,1.52167e-16,-1.79259,-5.87917
1.38904,-0.195871,-1.98827,1.52326e-16,-1.7924,-5.88139
1.38907,-0.196997,-1.9892,1.52484e-16,-1.7922,-5.88358
1.3891,-0.198118,-1.99012,1.52639e-16,-1.792,-5.88577
1.38913,-0.199234,-1.99104,1.52794e-16,-1.79181,-5.88794
1.38916,-0.200344,-1.99195,1.52946e-16,-1.79161,-5.8901
1.38919,-0.201448,-1.99286,1.53098e-16,-1.79141,-5.89225
1.38921,-0.202547,-1.99376,1.53247e-16,-1.79122,-5.89438
1.38924,-0.20364,-1.99466,1.53396e-16,-1.79102,-5.8965
1.38926,-0.204728,-1.99555,1.53543e-16,-1.79082,-5.89861
1.38928,-0.205811,-1.99643,1.53688e-16,-1.79062,-5.9007
1.38929,-0.206887,-1.99731,1.53832e-16,-1.79043,-5.90278
1.38931,-0.207958,-1.99819,1.53974e-16,-1.79023,-5.90485
1.38932,-0.209024,-1.99906,1.54115e-16,-1.79003,-5.9069
1.38933,-0.210084,-1.99992,1.54255e-16,-1.78984,-5.90894
1.38934,-0.211138,-2.00078,1.54393e-16,-1.78964,-5.91097
1.38935,-0.212187,-2.00163,1.5453e-16,-1.78944,-5.91299
1.38935,-0.21323,-2.00247,1.54665e-16,-1.78924,-5.91499
1.38936,-0.214268,-2.00332,1.54799e-16,-1.78905,-5.91698
1.38936,-0.2153,-2.00415,1.54932e-16,-1.78885,-5.91895
1.38936,-0.216326,-2.00498,1.55063e-16,-1.78865,-5.92092
1.38936,-0.217347,-2.00581,1.55192e-16,-1.78846,-5.92287
1.38935,-0.218362,-2.00662,1.55321e-16,-1.78826,-5.92481
1.38935,-0.219372,-2.00744,1.55448e-16,-1.78807,-5.92673
1.38934,-0.220375,-2.00825,1.55574e-16,-1.78787,-5.92864
1.38934,-0.221373,-2.00905,1.55698e-16,-1.78767,-5.93054
1.38933,-0.222366,-2.00985,1.55821e-16,-1.78748,-5.93243
1.38931,-0.223353,-2.01064,1.55943e-16,-1.78728,-5.9343
1.3893,-0.224334,-2.01142,1.56063e-16,-1.78709,-5.93616
1.38929,-0.225309,-2.0122,1.56182e-16,-1.7869,-5.93801
1.38927,-0.226279,-2.01298,1.563e-16,-1.7867,-5.93985
1.38926,-0.227243,-2.01375,1.56417e-16,-1.78651,-5.94167
1.38924,-0.228201,-2.01452,1.56532e-16,-1.78631,-5.94348
1.38922,-0.229154,-2.01527,1.56646e-16,-1.78612,-5.94528
1.3892,-0.230101,-2.01603,1.56759e-16,-1.78593,-5.94707
1.38918,-0.231042,-2.01678,1.5687e-16,-1.78574,-5.94884
1.38915,-0.231977,-2.01752,1.56981e-16,-1.78554,-5.9506
1.38913,-0.232907,-2.01826,1.5709e-16,-1.78535,-5.95235
1.3891,-0.233831,-2.01899,1.57197e-16,-1.78516,-5.95409
1.38907,-0.234749,-2.01972,1.57304e-16,-1.78497,-5.95581
1.38904,-0.235662,-2.02044,1.57409e-16,-1.78478,-5.95752
1.38901,-0.236569,-2.02116,1.57513e-16,-1.78459,-5.95922
1.38898,-0.23747,-2.02187,1.57616e-16,-1.7844,-5.96091
1.38895,-0.238365,-2.02258,1.57718e-16,-1.78421,-5.96258
1.38892,-0.239254,-2.02328,1.57819e-16,-1.78403,-5.96424
1.38888,-0.240138,-2.02398,1.57918e-16,-1.78384,-5.96589
1.38885,-0.241016,-2.02467,1.58017e-16,-1.78365,-5.96753
1.38881,-0.241888,-2.02535,1.58114e-16,-1.78346,-5.96915
1.38877,-0.242754,-2.02603,1.5821e-16,-1.78328,-5.97077
1.38874,-0.243615,-2.02671,1.58305e-16,-1.78309,-5.97237
1.3887,-0.24447,-2.02738,1.58398e-16,-1.78291,-5.97395
1.38865,-0.245319,-2.02804,1.58491e-16,-1.78272,-5.97553
1.38861,-0.246162,-2.0287,1.58583e-16,-1.78254,-5.9771
1.38857,-0.247,-2.02936,1.58673e-16,-1.78236,-5.97865
1.38853,-0.247831,-2.03001,1.58762e-16,-1.78218,-5.98019
1.38848,-0.248657,-2.03065,1.58851e-16,-1.78199,-5.98172
1.38844,-0.249477,-2.03129,1.58938e-16,-1.78181,-5.98323
1.38839,-0.250291,-2.03193,1.59024e-16,-1.78163,-5.98474
1.38835,-0.2511,-2.03255,1.59109e-16,-1.78145,-5.98623
1.3883,-0.251902,-2.03318,1.59193e-16,-1.78128,-5.98771
1.38825,-0.252699,-2.0338,1.59276e-16,-1.7811,-5.98918
1.3882,-0.25349,-2.03441,1.59358e-16,-1.78092,-5.99063
1.38815,-0.254275,-2.03502,1.59439e-16,-1.78075,-5.99208
1.3881,-0.255054,-2.03562,1.59519e-16,-1.78057,-5.99351
1.38805,-0.255828,-2.03622,1.59598e-16,-1.78039,-5.99493
1.388,-0.256595,-2.03682,1.59676e-16,-1.78022,-5.99634
1.38795,-0.257357,-2.03741,1.59753e-16,-1.78005,-5.99773
1.38789,-0.258113,-2.03799,1.59829e-16,-1.77988,-5.99912
1.38784,-0.258863,-2.03857,1.59904e-16,-1.7797,-6.00049
1.38779,-0.259607,-2.03914,1.59978e-16,-1.77953,-6.00186
1.38773,-0.260346,-2.03971,1.60051e-16,-1.77936,-6.00321
1.38768,-0.261078,-2.04027,1.60123e-16,-1.7792,-6.00454
1.38762,-0.261805,-2.04083,1.60194e-16,-1.77903,-6.00587
1.38756,-0.262526,-2.04139,1.60265e-16,-1.77886,-6.00719
1.38751,-0.263241,-2.04194,1.60334e-16,-1.77869,-6.00849
1.38745,-0.26395,-2.04248,1.60402e-16,-1.77853,-6.00978
1.38739,-0.264653,-2.04302,1.6047e-16,-1.77836,-6.01106
1.38734,-0.265351,-2.04355,1.60536e-16,-1.7782,-6.01233
1.38728,-0.266042,-2.04408,1.60602e-16,-1.77804,-6.01359
1.38722,-0.266728,-2.04461,1.60667e-16,-1.77788,-6.01483
1.38716,-0.267408,-2.04513,1.60731e-16,-1.77772,-6.01607
1.3871,-0.268082,-2.04564,1.60794e-16,-1.77756,-6.01729
1.38704,-0.26875,-2.04615,1.60856e-16,-1.7774,-6.0185
1.38698,-0.269412,-2.04665,1.60918e-16,-1.77724,-6.0197
1.38692,-0.270069,-2.04715,1.60978e-16,-1.77709,-6.02089
1.38686,-0.270719,-2.04765,1.61038e-16,-1.77693,-6.02206
1.3868,-0.271364,-2.04814,1.61097e-16,-1.77678,-6.02323
1.38674,-0.272003,-2.04863,1.61155e-16,-1.77662,-6.02438
1.38668,-0.272635,-2.04911,1.61212e-16,-1.77647,-6.02553
1.38662,-0.273262,-2.04958,1.61268e-16,-1.77632,-6.02666
1.38656,-0.273884,-2.05005,1.61324e-16,-1.77617,-6.02778
1.3865,-0.274499,-2.05052,1.61379e-16,-1.77602,-6.02889
1.38643,-0.275108,-2.05098,1.61433e-16,-1.77587,-6.02998
1.38637,-0.275712,-2.05144,1.61486e-16,-1.77573,-6.03107
1.38631,-0.276309,-2.05189,1.61538e-16,-1.77558,-6.03215
1.38625,-0.276901,-2.05234,1.6159e-16,-1.77544,-6.03321
1.38619,-0.277487,-2.05278,1.61641e-16,-1.77529,-6.03426
1.38613,-0.278067,-2.05322,1.61691e-16,-1.77515,-6.0353
1.38607,-0.278641,-2.05365,1.6174e-16,-1.77501,-6.03633
1.386,-0.279209,-2.05408,1.61789e-16,-1.77487,-6.03735
1.38594,-0.279772,-2.0545,1.61837e-16,-1.77473,-6.03836
1.38588,-0.280328,-2.05492,1.61884e-16,-1.77459,-6.03936
1.38582,-0.280879,-2.05534,1.61931e-16,-1.77446,-6.04034
1.38576,-0.281423,-2.05575,1.61977e-16,-1.77432,-6.04132
1.3857,-0.281962,-2.05615,1.62022e-16,-1.77419,-6.04228
1.38564,-0.282495,-2.05655,1.62066e-16,-1.77406,-6.04324
1.38558,-0.283022,-2.05695,1.6211e-16,-1.77392,-6.04418
1.38551,-0.283543,-2.05734,1.62153e-16,-1.77379,-6.04511
1.38545,-0.284059,-2.05772,1.62195e-16,-1.77366,-6.04603
1.38539,-0.284568,-2.05811,1.62237e-16,-1.77354,-6.04694
1.38533,-0.285072,-2.05848,1.62278e-16,-1.77341,-6.04783
1.38527,-0.285569,-2.05885,1.62318e-16,-1.77329,-6.04872
1.38521,-0.286061,-2.05922,1.62358e-16,-1.77316,-6.0496
1.38516,-0.286547,-2.05959,1.62397e-16,-1.77304,-6.05046
1.3851,-0.287028,-2.05994,1.62435e-16,-1.77292,-6.05132
1.38504,-0.287502,-2.0603,1.62473e-16,-1.7728,-6.05216
1.38498,-0.287971,-2.06065,1.6251e-16,-1.77268,-6.05299
1.38492,-0.288433,-2.06099,1.62547e-16,-1.77256,-6.05382
1.38486,-0.28889,-2.06133,1.62582e-16,-1.77244,-6.05463
1.38481,-0.289342,-2.06167,1.62618e-16,-1.77233,-6.05543
1.38475,-0.289787,-2.062,1.62652e-16,-1.77222,-6.05622
1.38469,-0.290227,-2.06233,1.62687e-16,-1.7721,-6.057
1.38463,-0.290661,-2.06265,1.6272e-16,-1.77199,-6.05777
1.38458,-0.291089,-2.06297,1.62753e-16,-1.77188,-6.05853
1.38452,-0.291512,-2.06329,1.62785e-16,-1.77177,-6.05928
1.38447,-0.291928,-2.0636,1.62817e-16,-1.77167,-6.06002
1.38441,-0.29234,-2.0639,1.62849e-16,-1.77156,-6.06074
1.38436,-0.292745,-2.0642,1.62879e-16,-1.77146,-6.06146
1.38431,-0.293145,-2.0645,1.62909e-16,-1.77135,-6.06217
1.38425,-0.29354,-2.06479,1.62939e-16,-1.77125,-6.06287
1.3842,-0.293928,-2.06508,1.62968e-16,-1.77115,-6.06355
1.38415,-0.294312,-2.06536,1.62997e-16,-1.77105,-6.06423
1.38409,-0.294689,-2.06564,1.63025e-16,-1.77095,-6.0649
1.38404,-0.295062,-2.06592,1.63052e-16,-1.77086,-6.06555
1.38399,-0.295428,-2.06619,1.63079e-16,-1.77076,-6.0662
1.38394,-0.29579,-2.06646,1.63106e-16,-1.77067,-6.06684
1.38389,-0.296146,-2.06672,1.63132e-16,-1.77057,-6.06747
1.38384,-0.296496,-2.06698,1.63157e-16,-1.77048,-6.06808
1.38379,-0.296841,-2.06723,1.63182e-16,-1.77039,-6.06869
1.38374,-0.297181,-2.06748,1.63207e-16,-1.7703,-6.06929
1.3837,-0.297515,-2.06773,1.63231e-16,-1.77022,-6.06988
1.38365,-0.297844,-2.06797,1.63255e-16,-1.77013,-6.07046
1.3836,-0.298168,-2.06821,1.63278e-16,-1.77004,-6.07103
1.38356,-0.298487,-2.06845,1.63301e-16,-1.76996,-6.07159
1.38351,-0.2988,-2.06868,1.63323e-16,-1.76988,-6.07214
1.38346,-0.299109,-2.06891,1.63345e-16,-1.7698,-6.07268
1.38342,-0.299412,-2.06913,1.63366e-16,-1.76972,-6.07321
1.38338,-0.29971,-2.06935,1.63387e-16,-1.76964,-6.07374
1.38333,-0.300003,-2.06956,1.63408e-16,-1.76956,-6.07425
1.38329,-0.300291,-2.06978,1.63428e-16,-1.76949,-6.07476
1.38325,-0.300574,-2.06998,1.63448e-16,-1.76941,-6.07526
1.38321,-0.300852,-2.07019,1.63467e-16,-1.76934,-6.07574
1.38316,-0.301125,-2.07039,1.63486e-16,-1.76926,-6.07622
1.38312,-0.301393,-2.07059,1.63504e-16,-1.76919,-6.07669
1.38308,-0.301657,-2.07078,1.63523e-16,-1.76912,-6.07715
1.38304,-0.301915,-2.07097,1.6354e-16,-1.76905,-6.07761
1.38301,-0.302169,-2.07116,1.63558e-16,-1.76899,-6.07805
1.38297,-0.302418,-2.07134,1.63575e-16,-1.76892,-6.07849
1.38293,-0.302662,-2.07152,1.63591e-16,-1.76886,-6.07892
1.38289,-0.302902,-2.07169,1.63608e-16,-1.76879,-6.07934
1.38286,-0.303137,-2.07187,1.63624e-16,-1.76873,-6.07975
1.38282,-0.303368,-2.07204,1.63639e-16,-1.76867,-6.08015
1.38279,-0.303594,-2.0722,1.63654e-16,-1.76861,-6.08055
1.38275,-0.303815,-2.07236,1.63669e-16,-1.76855,-6.08094
1.38272,-0.304032,-2.07252,1.63684e-16,-1.76849,-6.08132
1.38268,-0.304245,-2.07268,1.63698e-16,-1.76843,-6.08169
1.38265,-0.304453,-2.07283,1.63712e-16,-1.76838,-6.08205
1.38262,-0.304657,-2.07298,1.63726e-16,-1.76832,-6.08241
1.38259,-0.304857,-2.07313,1.63739e-16,-1.76827,-6.08276
1.38256,-0.305052,-2.07327,1.63752e-16,-1.76822,-6.0831
1.38253,-0.305244,-2.07341,1.63764e-16,-1.76817,-6.08343
1.3825,-0.305431,-2.07355,1.63777e-16,-1.76811,-6.08376
1.38247,-0.305614,-2.07368,1.63789e-16,-1.76807,-6.08408
1.38244,-0.305793,-2.07381,1.63801e-16,-1.76802,-6.08439
1.38241,-0.305968,-2.07394,1.63812e-16,-1.76797,-6.0847
1.38238,-0.306139,-2.07406,1.63823e-16,-1.76792,-6.085
1.38236,-0.306306,-2.07419,1.63834e-16,-1.76788,-6.08529
1.38233,-0.30647,-2.0743,1.63845e-16,-1.76784,-6.08557
1.3823,-0.306629,-2.07442,1.63855e-16,-1.76779,-6.08585
1.38228,-0.306785,-2.07453,1.63865e-16,-1.76775,-6.08612
1.38225,-0.306937,-2.07465,1.63875e-16,-1.76771,-6.08639
1.38223,-0.307085,-2.07475,1.63885e-16,-1.76767,-6.08665
1.38221,-0.30723,-2.07486,1.63894e-16,-1.76763,-6.0869
1.38218,-0.307371,-2.07496,1.63903e-16,-1.76759,-6.08715
1.38216,-0.307509,-2.07506,1.63912e-16,-1.76755,-6.08739
1.38214,-0.307643,-2.07516,1.63921e-16,-1.76752,-6.08762
1.38212,-0.307773,-2.07526,1.63929e-16,-1.76748,-6.08785
1.3821,-0.307901,-2.07535,1.63937e-16,-1.76745,-6.08807
1.38208,-0.308025,-2.07544,1.63945e-16,-1.76741,-6.08828
1.38206,-0.308145,-2.07553,1.63953e-16,-1.76738,-6.08849
1.38204,-0.308263,-2.07561,1.6396e-16,-1.76735,-6.0887
1.38202,-0.308377,-2.0757,1.63968e-16,-1.76732,-6.0889
1.382,-0.308488,-2.07578,1.63975e-16,-1.76729,-6.08909
1.38198,-0.308596,-2.07586,1.63981e-16,-1.76726,-6.08928
1.38197,-0.308701,-2.07593,1.63988e-16,-1.76723,-6.08946
1.38195,-0.308803,-2.07601,1.63995e-16,-1.7672,-6.08964
1.38193,-0.308902,-2.07608,1.64001e-16,-1.76718,-6.08981
1.38192,-0.308998,-2.07615,1.64007e-16,-1.76715,-6.08998
1.3819,-0.309091,-2.07622,1.64013e-16,-1.76713,-6.09014
1.38189,-0.309182,-2.07628,1.64018e-16,-1.7671,-6.0903
1.38187,-0.30927,-2.07635,1.64024e-16,-1.76708,-6.09045
1.38186,-0.309355,-2.07641,1.64029e-16,-1.76705,-6.0906
1.38184,-0.309437,-2.07647,1.64035e-16,-1.76703,-6.09074
1.38183,-0.309517,-2.07653,1.6404e-16,-1.76701,-6.09088
1.38182,-0.309594,-2.07658,1.64044e-16,-1.76699,-6.09102
1.3818,-0.309669,-2.07664,1.64049e-16,-1.76697,-6.09115
1.38179,-0.309741,-2.07669,1.64054e-16,-1.76695,-6.09127
1.38178,-0.309811,-2.07674,1.64058e-16,-1.76693,-6.09139
1.38177,-0.309879,-2.07679,1.64062e-16,-1.76691,-6.09151
1.38176,-0.309944,-2.07684,1.64066e-16,-1.76689,-6.09163
1.38175,-0.310007,-2.07688,1.6407e-16,-1.76688,-6.09174
1.38174,-0.310068,-2.07693,1.64074e-16,-1.76686,-6.09184
1.38173,-0.310127,-2.07697,1.64078e-16,-1.76684,-6.09194
1.38172,-0.310183,-2.07701,1.64081e-16,-1.76683,-6.09204
1.38171,-0.310237,-2.07705,1.64084e-16,-1.76681,-6.09214
1.3817,-0.31029,-2.07709,1.64088e-16,-1.7668,-6.09223
1.38169,-0.31034,-2.07713,1.64091e-16,-1.76678,-6.09231
1.38168,-0.310389,-2.07716,1.64094e-16,-1.76677,-6.0924
1.38167,-0.310435,-2.07719,1.64097e-16,-1.76676,-6.09248
1.38167,-0.31048,-2.07723,1.641e-16,-1.76675,-6.09256
1.38166,-0.310523,-2.07726,1.64102e-16,-1.76674,-6.09263
1.38165,-0.310564,-2.07729,1.64105e-16,-1.76672,-6.0927
1.38165,-0.310604,-2.07732,1.64107e-16,-1.76671,-6.09277
1.38164,-0.310642,-2.07734,1.6411e-16,-1.7667,-6.09284
1.38163,-0.310678,-2.07737,1.64112e-16,-1.76669,-6.0929
1.38163,-0.310713,-2.0774,1.64114e-16,-1.76668,-6.09296
1.38162,-0.310746,-2.07742,1.64116e-16,-1.76667,-6.09302
1.38162,-0.310777,-2.07744,1.64118e-16,-1.76667,-6.09307
1.38161,-0.310808,-2.07746,1.6412e-16,-1.76666,-6.09313
1.38161,-0.310836,-2.07749,1.64122e-16,-1.76665,-6.09318
1.3816,-0.310864,-2.07751,1.64123e-16,-1.76664,-6.09322
1.3816,-0.31089,-2.07752,1.64125e-16,-1.76663,-6.09327
1.38159,-0.310915,-2.07754,1.64126e-16,-1.76663,-6.09331
1.38159,-0.310939,-2.07756,1.64128e-16,-1.76662,-6.09335
1.38159,-0.310961,-2.07758,1.64129e-16,-1.76662,-6.09339
1.38158,-0.310982,-2.07759,1.64131e-16,-1.76661,-6.09343
1.38158,-0.311002,-2.07761,1.64132e-16,-1.7666,-6.09346
1.38157,-0.311021,-2.07762,1.64133e-16,-1.7666,-6.0935
1.38157,-0.311039,-2.07763,1.64134e-16,-1.76659,-6.09353
1.38157,-0.311056,-2.07765,1.64135e-16,-1.76659,-6.09356
1.38157,-0.311073,-2.07766,1.64136e-16,-1.76658,-6.09359
1.38156,-0.311088,-2.07767,1.64137e-16,-1.76658,-6.09361
1.38156,-0.311102,-2.07768,1.64138e-16,-1.76658,-6.09364
1.38156,-0.311115,-2.07769,1.64139e-16,-1.76657,-6.09366
1.38156,-0.311128,-2.0777,1.6414e-16,-1.76657,-6.09368
1.38155,-0.31114,-2.07771,1.6414e-16,-1.76657,-6.0937
1.38155,-0.311151,-2.07771,1.64141e-16,-1.76656,-6.09372
1.38155,-0.311161,-2.07772,1.64142e-16,-1.76656,-6.09374
1.38155,-0.31117,-2.07773,1.64142e-16,-1.76656,-6.09376
1.38155,-0.311179,-2.07773,1.64143e-16,-1.76656,-6.09377
1.38155,-0.311187,-2.07774,1.64143e-16,-1.76655,-6.09379
1.38155,-0.311195,-2.07775,1.64144e-16,-1.76655,-6.0938
1.38154,-0.311202,-2.07775,1.64144e-16,-1.76655,-6.09381
1.38154,-0.311209,-2.07776,1.64144e-16,-1.76655,-6.09382
1.38154,-0.311215,-2.07776,1.64145e-16,-1.76655,-6.09383
1.38154,-0.31122,-2.07776,1.64145e-16,-1.76654,-6.09384
1.38154,-0.311225,-2.07777,1.64146e-16,-1.76654,-6.09385
1.38154,-0.31123,-2.07777,1.64146e-16,-1.76654,-6.09386
1.38154,-0.311234,-2.07777,1.64146e-16,-1.76654,-6.09387
1.38154,-0.311238,-2.07778,1.64146e-16,-1.76654,-6.09387
1.38154,-0.311242,-2.07778,1.64147e-16,-1.76654,-6.09388
1.38154,-0.311245,-2.07778,1.64147e-16,-1.76654,-6.09389
1.38154,-0.311248,-2.07778,1.64147e-16,-1.76654,-6.09389
1.38154,-0.31125,-2.07779,1.64147e-16,-1.76654,-6.0939
1.38154,-0.311252,-2.07779,1.64147e-16,-1.76654,-6.0939
1.38154,-0.311254,-2.07779,1.64147e-16,-1.76654,-6.0939
1.38153,-0.311256,-2.07779,1.64147e-16,-1.76653,-6.09391
1.38153,-0.311258,-2.07779,1.64147e-16,-1.76653,-6.09391
1.38153,-0.311259,-2.07779,1.64148e-16,-1.76653,-6.09391
1.38153,-0.31126,-2.07779,1.64148e-16,-1.76653,-6.09391
1.38153,-0.311261,-2.07779,1.64148e-16,-1.76653,-6.09391
1.38153,-0.311262,-2.07779,1.64148e-16,-1.76653,-6.09392
1.38153,-0.311263,-2.0778,1.64148e-16,-1.76653,-6.09392
1.38153,-0.311263,-2.0778,1.64148e-16,-1.76653,-6.09392
1.38153,-0.311264,-2.0778,1.64148e-16,-1.76653,-6.09392
1.38153,-0.311264,-2.0778,1.64148e-16,-1.76653,-6.09392
1.38153,-0.311265,-2.0778,1.64148e-16,-1.76653,-6.09392
1.38153,-0.311265,-2.0778,1.64148e-16,-1.76653,-6.09392
1.38153,-0.311265,-2.0778,1.64148e-16,-1.76653,-6.09392
1.38153,-0.311265,-2.0778,1.64148e-16,-1.76653,-6.09392
1.38153,-0.311265,-2.0778,1.64148e-16,-1.76653,-6.09392
1.38153,-0.311265,-2.0778,1.64148e-16,-1.76653,-6.09392
1.38153,-0.311266,-2.0778,1.64148e-16,-1.76653,-6.09392
1.38153,-0.311266,-2.0778,1.64148e-16,-1.76653,-6.09392
1.38153,-0.311266,-2.0778,1.64148e-16,-1.76653,-6.09392
1.38153,-0.311266,-2.0778,1.64148e-16,-1.76653,-6.09392
1.38153,-0.311266,-2.0778,1.64148e-16,-1.76653,-6.09392
1.38153,-0.311266,-2.0778,1.64148e-16,-1.76653,-6.09392
1.38153,-0.311266,-2.0778,1.64148e-16,-1.76653,-6.09392
1.38153,-0.311266,-2.0778,1.64148e-16,-1.76653,-6.09392
