0.4,-0.100001,-1.9,-7.23775e-17,-1.8,-0.4
0.4,-0.100001,-1.9,-7.23775e-17,-1.8,-0.4
0.4,-0.100001,-1.9,-7.23775e-17,-1.8,-0.4
0.4,-0.100001,-1.9,-7.23775e-17,-1.8,-0.4
0.4,-0.100001,-1.9,-7.23775e-17,-1.8,-0.4
0.4,-0.100001,-1.9,-7.23775e-17,-1.8,-0.400001
0.399999,-0.100001,-1.9,-7.23774e-17,-1.8,-0.400002
0.399998,-0.100001,-1.9,-7.23773e-17,-1.8,-0.400005
0.399997,-0.100002,-1.9,-7.23771e-17,-1.8,-0.400008
0.399996,-0.100003,-1.9,-7.23768e-17,-1.8,-0.400012
0.399993,-0.100004,-1.9,-7.23764e-17,-1.8,-0.400019
0.39999,-0.100006,-1.90001,-7.23759e-17,-1.8,-0.400027
0.399986,-0.100008,-1.90001,-7.23753e-17,-1.8,-0.400039
0.399981,-0.100011,-1.90001,-7.23744e-17,-1.8,-0.400053
0.399975,-0.100014,-1.90001,-7.23733e-17,-1.8,-0.400072
0.399967,-0.100019,-1.90002,-7.2372e-17,-1.8,-0.400094
0.399957,-0.100024,-1.90002,-7.23704e-17,-1.8,-0.400122
0.399945,-0.10003,-1.90003,-7.23685e-17,-1.8,-0.400155
0.399932,-0.100038,-1.90003,-7.23662e-17,-1.8,-0.400194
0.399915,-0.100047,-1.90004,-7.23635e-17,-1.8,-0.400241
0.399896,-0.100057,-1.90005,-7.23603e-17,-1.79999,-0.400295
0.399874,-0.100069,-1.90006,-7.23567e-17,-1.79999,-0.400358
0.399849,-0.100083,-1.90008,-7.23525e-17,-1.79999,-0.40043
0.39982,-0.100098,-1.90009,-7.23477e-17,-1.79999,-0.400512
0.399787,-0.100116,-1.90011,-7.23422e-17,-1.79999,-0.400606
0.39975,-0.100136,-1.90012,-7.23361e-17,-1.79999,-0.400711
0.399708,-0.100159,-1.90014,-7.23292e-17,-1.79999,-0.400829
0.399662,-0.100184,-1.90017,-7.23215e-17,-1.79998,-0.400961
0.39961,-0.100212,-1.90019,-7.23129e-17,-1.79998,-0.401108
0.399553,-0.100243,-1.90022,-7.23034e-17,-1.79998,-0.401271
0.399489,-0.100277,-1.90025,-7.2293e-17,-1.79998,-0.401451
0.39942,-0.100315,-1.90029,-7.22815e-17,-1.79997,-0.401648
0.399344,-0.100356,-1.90032,-7.22689e-17,-1.79997,-0.401864
0.39926,-0.100401,-1.90037,-7.22551e-17,-1.79996,-0.4021
0.39917,-0.10045,-1.90041,-7.22401e-17,-1.79996,-0.402358
0.399071,-0.100503,-1.90046,-7.22238e-17,-1.79995,-0.402637
0.398965,-0.100561,-1.90051,-7.22062e-17,-1.79995,-0.402939
0.39885,-0.100623,-1.90057,-7.21872e-17,-1.79994,-0.403266
0.398726,-0.10069,-1.90063,-7.21666e-17,-1.79994,-0.403617
0.398593,-0.100762,-1.90069,-7.21446e-17,-1.79993,-0.403996
0.39845,-0.100839,-1.90076,-7.21209e-17,-1.79992,-0.404401
0.398297,-0.100922,-1.90084,-7.20956e-17,-1.79992,-0.404835
0.398133,-0.10101,-1.90092,-7.20686e-17,-1.79991,-0.405299
0.397959,-0.101104,-1.901,-7.20398e-17,-1.7999,-0.405793
0.397773,-0.101204,-1.9011,-7.20091e-17,-1.79989,-0.406319
0.397576,-0.10131,-1.90119,-7.19765e-17,-1.79988,-0.406877
0.397367,-0.101423,-1.90129,-7.19419e-17,-1.79987,-0.407469
0.397146,-0.101542,-1.9014,-7.19053e-17,-1.79986,-0.408096
0.396912,-0.101668,-1.90152,-7.18666e-17,-1.79985,-0.408759
0.396665,-0.1018,-1.90164,-7.18258e-17,-1.79984,-0.409459
0.396404,-0.10194,-1.90177,-7.17827e-17,-1.79983,-0.410196
0.39613,-0.102087,-1.9019,-7.17374e-17,-1.79981,-0.410972
0.395842,-0.102241,-1.90204,-7.16898e-17,-1.7998,-0.411787
0.395539,-0.102403,-1.90219,-7.16397e-17,-1.79978,-0.412643
0.395222,-0.102573,-1.90234,-7.15873e-17,-1.79977,-0.41354
0.394889,-0.10275,-1.9025,-7.15324e-17,-1.79975,-0.414479
0.394541,-0.102936,-1.90267,-7.1475e-17,-1.79973,-0.415461
0.394178,-0.10313,-1.90285,-7.1415e-17,-1.79972,-0.416487
0.393799,-0.103331,-1.90303,-7.13524e-17,-1.7997,-0.417557
0.393403,-0.103542,-1.90322,-7.12871e-17,-1.79968,-0.418673
0.392991,-0.10376,-1.90342,-7.12191e-17,-1.79966,-0.419834
0.392563,-0.103988,-1.90362,-7.11484e-17,-1.79964,-0.421042
0.392117,-0.104223,-1.90384,-7.10749e-17,-1.79961,-0.422296
0.391655,-0.104468,-1.90406,-7.09986e-17,-1.79959,-0.423599
0.391175,-0.104721,-1.90429,-7.09195e-17,-1.79957,-0.424949
0.390677,-0.104984,-1.90453,-7.08375e-17,-1.79954,-0.426349
0.390162,-0.105255,-1.90477,-7.07526e-17,-1.79952,-0.427797
0.389629,-0.105535,-1.90503,-7.06647e-17,-1.79949,-0.429294
0.389077,-0.105824,-1.90529,-7.05739e-17,-1.79946,-0.430842
0.388508,-0.106122,-1.90556,-7.04801e-17,-1.79944,-0.432439
0.38792,-0.106429,-1.90584,-7.03834e-17,-1.79941,-0.434087
0.387314,-0.106745,-1.90612,-7.02836e-17,-1.79938,-0.435786
0.386689,-0.10707,-1.90642,-7.01808e-17,-1.79935,-0.437535
0.386046,-0.107405,-1.90672,-7.0075e-17,-1.79931,-0.439336
0.385384,-0.107748,-1.90703,-6.99661e-17,-1.79928,-0.441187
0.384703,-0.1081,-1.90735,-6.98542e-17,-1.79925,-0.443089
0.384003,-0.108461,-1.90767,-6.97392e-17,-1.79921,-0.445042
0.383285,-0.108831,-1.90801,-6.96211e-17,-1.79918,-0.447046
0.382547,-0.10921,-1.90835,-6.95001e-17,-1.79914,-0.449102
0.381791,-0.109597,-1.9087,-6.93759e-17,-1.7991,-0.451208
0.381016,-0.109993,-1.90906,-6.92487e-17,-1.79906,-0.453365
0.380222,-0.110398,-1.90942,-6.91184e-17,-1.79902,-0.455573
0.379409,-0.110812,-1.90979,-6.89851e-17,-1.79898,-0.457831
0.378577,-0.111234,-1.91017,-6.88487e-17,-1.79894,-0.460141
0.377726,-0.111664,-1.91056,-6.87092e-17,-1.7989,-0.462501
0.376856,-0.112103,-1.91096,-6.85667e-17,-1.79885,-0.464912
0.375966,-0.112551,-1.91136,-6.84211e-17,-1.79881,-0.467374
0.375058,-0.113006,-1.91177,-6.82724e-17,-1.79876,-0.469886
0.37413,-0.11347,-1.91219,-6.81206e-17,-1.79872,-0.472449
0.373183,-0.113942,-1.91261,-6.79657e-17,-1.79867,-0.475062
0.372216,-0.114423,-1.91304,-6.78078e-17,-1.79862,-0.477726
0.371231,-0.114911,-1.91348,-6.76468e-17,-1.79857,-0.480441
0.370226,-0.115407,-1.91393,-6.74827e-17,-1.79852,-0.483206
0.369201,-0.115911,-1.91438,-6.73154e-17,-1.79847,-0.486021
0.368157,-0.116423,-1.91484,-6.71451e-17,-1.79841,-0.488887
0.367094,-0.116943,-1.9153,-6.69717e-17,-1.79836,-0.491803
0.366011,-0.11747,-1.91577,-6.67952e-17,-1.7983,-0.494769
0.364908,-0.118005,-1.91625,-6.66156e-17,-1.79825,-0.497785
0.363786,-0.118548,-1.91674,-6.64329e-17,-1.79819,-0.500852
0.362644,-0.119098,-1.91723,-6.62471e-17,-1.79813,-0.503968
0.361483,-0.119655,-1.91773,-6.60581e-17,-1.79807,-0.507135
0.360301,-0.12022,-1.91823,-6.58661e-17,-1.79801,-0.510352
0.3591,-0.120791,-1.91874,-6.56709e-17,-1.79795,-0.513619
0.357879,-0.12137,-1.91926,-6.54726e-17,-1.79789,-0.516936
0.356638,-0.121956,-1.91978,-6.52712e-17,-1.79783,-0.520302
0.355377,-0.122549,-1.92031,-6.50667e-17,-1.79776,-0.523719
0.354096,-0.123149,-1.92084,-6.4859e-17,-1.79769,-0.527185
0.352795,-0.123755,-1.92138,-6.46482e-17,-1.79763,-0.530701
0.351473,-0.124368,-1.92193,-6.44343e-17,-1.79756,-0.534267
0.350132,-0.124988,-1.92248,-6.42172e-17,-1.79749,-0.537882
0.34877,-0.125614,-1.92304,-6.3997e-17,-1.79742,-0.541547
0.347388,-0.126247,-1.9236,-6.37737e-17,-1.79735,-0.545261
0.345986,-0.126885,-1.92416,-6.35472e-17,-1.79728,-0.549025
0.344563,-0.12753,-1.92474,-6.33175e-17,-1.79721,-0.552838
0.34312,-0.128181,-1.92531,-6.30848e-17,-1.79713,-0.556701
0.341657,-0.128838,-1.92589,-6.28488e-17,-1.79706,-0.560613
0.340172,-0.129501,-1.92648,-6.26097e-17,-1.79698,-0.564574
0.338667,-0.130169,-1.92707,-6.23674e-17,-1.7969,-0.568584
0.337142,-0.130844,-1.92767,-6.2122e-17,-1.79682,-0.572644
0.335596,-0.131523,-1.92827,-6.18734e-17,-1.79674,-0.576753
0.334029,-0.132208,-1.92887,-6.16217e-17,-1.79666,-0.58091
0.332441,-0.132898,-1.92948,-6.13667e-17,-1.79658,-0.585117
0.330832,-0.133594,-1.93009,-6.11087e-17,-1.7965,-0.589372
0.329202,-0.134294,-1.93071,-6.08474e-17,-1.79642,-0.593677
0.327551,-0.135,-1.93133,-6.05829e-17,-1.79633,-0.59803
0.325879,-0.13571,-1.93196,-6.03153e-17,-1.79625,-0.602432
0.324186,-0.136425,-1.93258,-6.00445e-17,-1.79616,-0.606882
0.322472,-0.137144,-1.93321,-5.97705e-17,-1.79607,-0.611381
0.320737,-0.137868,-1.93385,-5.94933e-17,-1.79598,-0.615929
0.31898,-0.138596,-1.93449,-5.92129e-17,-1.79589,-0.620525
0.317202,-0.139329,-1.93513,-5.89294e-17,-1.7958,-0.62517
0.315402,-0.140065,-1.93577,-5.86426e-17,-1.79571,-0.629863
0.313581,-0.140805,-1.93642,-5.83527e-17,-1.79562,-0.634604
0.311738,-0.141549,-1.93707,-5.80595e-17,-1.79552,-0.639394
0.309874,-0.142296,-1.93773,-5.77632e-17,-1.79543,-0.644231
0.307988,-0.143047,-1.93838,-5.74637e-17,-1.79533,-0.649117
0.30608,-0.143802,-1.93904,-5.71609e-17,-1.79524,-0.654051
0.304151,-0.144559,-1.9397,-5.6855e-17,-1.79514,-0.659033
0.302199,-0.14532,-1.94036,-5.65458e-17,-1.79504,-0.664063
0.300226,-0.146083,-1.94103,-5.62334e-17,-1.79494,-0.669141
0.298231,-0.146849,-1.94169,-5.59179e-17,-1.79484,-0.674266
0.296213,-0.147618,-1.94236,-5.55991e-17,-1.79474,-0.67944
0.294174,-0.148389,-1.94303,-5.52771e-17,-1.79464,-0.684661
0.292112,-0.149162,-1.9437,-5.49519e-17,-1.79454,-0.68993
0.290028,-0.149938,-1.94437,-5.46235e-17,-1.79443,-0.695246
0.287922,-0.150715,-1.94504,-5.42919e-17,-1.79433,-0.70061
0.285793,-0.151494,-1.94572,-5.39571e-17,-1.79423,-0.706021
0.283642,-0.152275,-1.94639,-5.3619e-17,-1.79412,-0.71148
0.281469,-0.153057,-1.94707,-5.32778e-17,-1.79401,-0.716986
0.279273,-0.15384,-1.94775,-5.29333e-17,-1.79391,-0.722539
0.277055,-0.154625,-1.94842,-5.25856e-17,-1.7938,-0.72814
0.274813,-0.15541,-1.9491,-5.22347e-17,-1.79369,-0.733787
0.27255,-0.156197,-1.94978,-5.18806e-17,-1.79358,-0.739482
0.270263,-0.156983,-1.95045,-5.15233e-17,-1.79347,-0.745224
0.267953,-0.157771,-1.95113,-5.11627e-17,-1.79336,-0.751013
0.265621,-0.158558,-1.95181,-5.0799e-17,-1.79325,-0.756849
0.263266,-0.159345,-1.95248,-5.0432e-17,-1.79314,-0.762731
0.260887,-0.160132,-1.95316,-5.00619e-17,-1.79303,-0.768661
0.258486,-0.160919,-1.95383,-4.96885e-17,-1.79291,-0.774637
0.256062,-0.161706,-1.95451,-4.9312e-17,-1.7928,-0.78066
0.253614,-0.162491,-1.95518,-4.89322e-17,-1.79269,-0.78673
0.251143,-0.163276,-1.95585,-4.85492e-17,-1.79257,-0.792846
0.248649,-0.164059,-1.95652,-4.81631e-17,-1.79246,-0.799009
0.246132,-0.164841,-1.95719,-4.77737e-17,-1.79235,-0.805218
0.243591,-0.165622,-1.95785,-4.73811e-17,-1.79223,-0.811474
0.241027,-0.166401,-1.95852,-4.69854e-17,-1.79212,-0.817776
0.238439,-0.167178,-1.95918,-4.65865e-17,-1.792,-0.824124
0.235828,-0.167952,-1.95984,-4.61844e-17,-1.79188,-0.830519
0.233194,-0.168725,-1.96049,-4.57791e-17,-1.79177,-0.83696
0.230535,-0.169495,-1.96115,-4.53707e-17,-1.79165,-0.843447
0.227853,-0.170262,-1.9618,-4.4959e-17,-1.79154,-0.849981
0.225148,-0.171026,-1.96245,-4.45443e-17,-1.79142,-0.85656
0.222418,-0.171786,-1.96309,-4.41263e-17,-1.7913,-0.863186
0.219665,-0.172544,-1.96373,-4.37052e-17,-1.79119,-0.869857
0.216888,-0.173297,-1.96437,-4.3281e-17,-1.79107,-0.876575
0.214087,-0.174047,-1.965,-4.28536e-17,-1.79096,-0.883338
0.211262,-0.174792,-1.96563,-4.24231e-17,-1.79084,-0.890148
0.208414,-0.175534,-1.96626,-4.19895e-17,-1.79073,-0.897003
0.205541,-0.17627,-1.96688,-4.15528e-17,-1.79061,-0.903905
0.202644,-0.177002,-1.9675,-4.11129e-17,-1.7905,-0.910852
0.199724,-0.177729,-1.96811,-4.067e-17,-1.79038,-0.917844
0.196779,-0.17845,-1.96872,-4.02239e-17,-1.79027,-0.924883
0.19381,-0.179166,-1.96932,-3.97748e-17,-1.79015,-0.931967
0.190817,-0.179876,-1.96992,-3.93226e-17,-1.79004,-0.939097
0.1878,-0.18058,-1.97051,-3.88673e-17,-1.78993,-0.946273
0.184759,-0.181277,-1.97109,-3.8409e-17,-1.78981,-0.953494
0.181694,-0.181968,-1.97167,-3.79477e-17,-1.7897,-0.960761
0.178604,-0.182653,-1.97224,-3.74833e-17,-1.78959,-0.968073
0.17549,-0.18333,-1.97281,-3.70159e-17,-1.78948,-0.975432
0.172352,-0.184,-1.97337,-3.65455e-17,-1.78937,-0.982835
0.16919,-0.184662,-1.97393,-3.60721e-17,-1.78926,-0.990284
0.166003,-0.185316,-1.97447,-3.55957e-17,-1.78916,-0.997779
0.162792,-0.185963,-1.97501,-3.51163e-17,-1.78905,-1.00532
0.159557,-0.186601,-1.97554,-3.4634e-17,-1.78894,-1.01291
0.156297,-0.18723,-1.97607,-3.41488e-17,-1.78884,-1.02054
0.153014,-0.18785,-1.97659,-3.36607e-17,-1.78874,-1.02821
0.149706,-0.188462,-1.9771,-3.31696e-17,-1.78863,-1.03594
0.146374,-0.189063,-1.9776,-3.26757e-17,-1.78853,-1.0437
0.143017,-0.189656,-1.97809,-3.21788e-17,-1.78843,-1.05152
0.139636,-0.190238,-1.97857,-3.16792e-17,-1.78833,-1.05938
0.136231,-0.190809,-1.97905,-3.11767e-17,-1.78824,-1.06728
0.132802,-0.19137,-1.97951,-3.06714e-17,-1.78814,-1.07523
0.129349,-0.191921,-1.97997,-3.01633e-17,-1.78805,-1.08323
0.125871,-0.19246,-1.98042,-2.96524e-17,-1.78796,-1.09127
0.122369,-0.192988,-1.98085,-2.91388e-17,-1.78787,-1.09936
0.118843,-0.193504,-1.98128,-2.86224e-17,-1.78778,-1.10749
0.115293,-0.194008,-1.9817,-2.81033e-17,-1.78769,-1.11567
0.111719,-0.194499,-1.98211,-2.75816e-17,-1.78761,-1.12389
0.108121,-0.194978,-1.9825,-2.70572e-17,-1.78752,-1.13216
0.104498,-0.195444,-1.98289,-2.65302e-17,-1.78744,-1.14048
0.100852,-0.195897,-1.98326,-2.60005e-17,-1.78736,-1.14884
0.0971823,-0.196337,-1.98362,-2.54683e-17,-1.78729,-1.15725
0.0934883,-0.196762,-1.98398,-2.49335e-17,-1.78721,-1.1657
0.0897706,-0.197174,-1.98431,-2.43962e-17,-1.78714,-1.1742
0.0860291,-0.197571,-1.98464,-2.38564e-17,-1.78707,-1.18275
0.0822639,-0.197953,-1.98496,-2.33141e-17,-1.787,-1.19134
0.078475,-0.198321,-1.98526,-2.27694e-17,-1.78694,-1.19998
0.0746627,-0.198673,-1.98555,-2.22223e-17,-1.78688,-1.20866
0.0708268,-0.199009,-1.98583,-2.16728e-17,-1.78682,-1.21739
0.0669675,-0.199329,-1.98609,-2.1121e-17,-1.78676,-1.22617
0.0630848,-0.199633,-1.98634,-2.05669e-17,-1.78671,-1.23499
0.0591789,-0.199921,-1.98658,-2.00105e-17,-1.78666,-1.24386
0.0552499,-0.200191,-1.9868,-1.94518e-17,-1.78661,-1.25278
0.0512977,-0.200445,-1.98701,-1.8891e-17,-1.78656,-1.26174
0.0473226,-0.20068,-1.9872,-1.8328e-17,-1.78652,-1.27075
0.0433246,-0.200898,-1.98738,-1.77629e-17,-1.78648,-1.27981
0.0393039,-0.201098,-1.98754,-1.71957e-17,-1.78645,-1.28891
0.0352604,-0.201279,-1.98769,-1.66264e-17,-1.78641,-1.29806
0.0311945,-0.201441,-1.98783,-1.60552e-17,-1.78639,-1.30726
0.0271062,-0.201585,-1.98794,-1.5482e-17,-1.78636,-1.31651
0.0229957,-0.201708,-1.98805,-1.49069e-17,-1.78634,-1.3258
0.0188633,-0.201812,-1.98813,-1.433e-17,-1.78632,-1.33514
0.0147091,-0.201896,-1.9882,-1.37513e-17,-1.7863,-1.34453
0.0105335,-0.201959,-1.98825,-1.31709e-17,-1.78629,-1.35396
0.00633668,-0.202002,-1.98829,-1.25889e-17,-1.78629,-1.36344
0.00211897,-0.202023,-1.9883,-1.20052e-17,-1.78628,-1.37297
-0.00211932,-0.202023,-1.9883,-1.14201e-17,-1.78628,-1.38254
-0.00637782,-0.202001,-1.98829,-1.08335e-17,-1.78629,-1.39216
-0.0106562,-0.201958,-1.98825,-1.02456e-17,-1.78629,-1.40182
-0.014954,-0.201891,-1.9882,-9.65643e-18,-1.78631,-1.41153
-0.019271,-0.201803,-1.98812,-9.06606e-18,-1.78632,-1.42129
-0.0236065,-0.201691,-1.98803,-8.47458e-18,-1.78634,-1.43109
-0.0279603,-0.201556,-1.98792,-7.88211e-18,-1.78637,-1.44093
-0.0323318,-0.201398,-1.98779,-7.28871e-18,-1.78639,-1.45082
-0.0367206,-0.201216,-1.98764,-6.6945e-18,-1.78643,-1.46075
-0.0411261,-0.20101,-1.98747,-6.09957e-18,-1.78646,-1.47072
-0.0455479,-0.200779,-1.98728,-5.50401e-18,-1.7865,-1.48073
-0.0499854,-0.200524,-1.98707,-4.90793e-18,-1.78655,-1.49079
-0.0544381,-0.200245,-1.98684,-4.31143e-18,-1.7866,-1.50089
-0.0589053,-0.19994,-1.98659,-3.71463e-18,-1.78665,-1.51102
-0.0633866,-0.19961,-1.98632,-3.11761e-18,-1.78671,-1.5212
-0.0678814,-0.199255,-1.98603,-2.5205e-18,-1.78677,-1.53142
-0.072389,-0.198874,-1.98572,-1.92339e-18,-1.78684,-1.54167
-0.0769088,-0.198467,-1.98538,-1.32641e-18,-1.78691,-1.55196
-0.0814402,-0.198035,-1.98502,-7.29665e-19,-1.78699,-1.56229
-0.0859827,-0.197576,-1.98465,-1.33262e-19,-1.78707,-1.57265
-0.0905355,-0.197091,-1.98425,4.62683e-19,-1.78716,-1.58305
-0.0950979,-0.196579,-1.98382,1.05806e-18,-1.78725,-1.59349
-0.0996695,-0.196041,-1.98338,1.65275e-18,-1.78734,-1.60396
-0.104249,-0.195476,-1.98291,2.24664e-18,-1.78744,-1.61446
-0.108837,-0.194884,-1.98242,2.83962e-18,-1.78754,-1.62499
-0.113432,-0.194266,-1.98191,3.43157e-18,-1.78765,-1.63555
-0.118033,-0.19362,-1.98138,4.02239e-18,-1.78776,-1.64615
-0.12264,-0.192947,-1.98082,4.61196e-18,-1.78787,-1.65678
-0.127252,-0.192248,-1.98024,5.20016e-18,-1.78799,-1.66743
-0.131869,-0.191521,-1.97964,5.78689e-18,-1.78812,-1.67811
-0.136489,-0.190767,-1.97901,6.37203e-18,-1.78825,-1.68882
-0.141112,-0.189985,-1.97836,6.95549e-18,-1.78838,-1.69956
-0.145738,-0.189177,-1.97769,7.53714e-18,-1.78851,-1.71032
-0.150366,-0.188341,-1.97699,8.11688e-18,-1.78865,-1.72111
-0.154995,-0.187478,-1.97628,8.69462e-18,-1.7888,-1.73192
-0.159624,-0.186588,-1.97553,9.27024e-18,-1.78895,-1.74276
-0.164253,-0.18567,-1.97477,9.84365e-18,-1.7891,-1.75362
-0.168882,-0.184726,-1.97398,1.04147e-17,-1.78925,-1.7645
-0.173509,-0.183754,-1.97317,1.09834e-17,-1.78941,-1.7754
-0.178134,-0.182756,-1.97233,1.15496e-17,-1.78958,-1.78632
-0.182757,-0.18173,-1.97147,1.21132e-17,-1.78974,-1.79727
-0.187377,-0.180678,-1.97059,1.26741e-17,-1.78991,-1.80823
-0.191993,-0.179598,-1.96968,1.32322e-17,-1.79008,-1.81921
-0.196604,-0.178492,-1.96875,1.37874e-17,-1.79026,-1.83021
-0.201211,-0.17736,-1.9678,1.43397e-17,-1.79044,-1.84122
-0.205813,-0.176201,-1.96682,1.4889e-17,-1.79062,-1.85226
-0.210409,-0.175016,-1.96582,1.54352e-17,-1.79081,-1.8633
-0.214999,-0.173804,-1.9648,1.59781e-17,-1.79099,-1.87437
-0.219582,-0.172566,-1.96375,1.65179e-17,-1.79119,-1.88545
-0.224158,-0.171302,-1.96268,1.70543e-17,-1.79138,-1.89654
-0.228727,-0.170013,-1.96159,1.75874e-17,-1.79157,-1.90765
-0.233287,-0.168698,-1.96047,1.8117e-17,-1.79177,-1.91878
-0.237839,-0.167357,-1.95933,1.86431e-17,-1.79197,-1.92991
-0.242383,-0.16599,-1.95817,1.91656e-17,-1.79218,-1.94106
-0.246917,-0.164598,-1.95698,1.96845e-17,-1.79238,-1.95222
-0.251441,-0.163182,-1.95577,2.01998e-17,-1.79259,-1.9634
-0.255956,-0.16174,-1.95454,2.07113e-17,-1.7928,-1.97458
-0.260461,-0.160273,-1.95328,2.12191e-17,-1.79301,-1.98578
-0.264955,-0.158781,-1.952,2.17231e-17,-1.79322,-1.99699
-0.269439,-0.157265,-1.9507,2.22232e-17,-1.79343,-2.00822
-0.273912,-0.155724,-1.94937,2.27195e-17,-1.79365,-2.01945
-0.278374,-0.154159,-1.94802,2.32118e-17,-1.79386,-2.0307
-0.282825,-0.15257,-1.94665,2.37003e-17,-1.79408,-2.04195
-0.287264,-0.150957,-1.94525,2.41847e-17,-1.7943,-2.05322
-0.291691,-0.149319,-1.94384,2.46652e-17,-1.79452,-2.0645
-0.296107,-0.147658,-1.94239,2.51416e-17,-1.79474,-2.0758
-0.300511,-0.145973,-1.94093,2.5614e-17,-1.79496,-2.0871
-0.304903,-0.144264,-1.93944,2.60823e-17,-1.79518,-2.09842
-0.309283,-0.142532,-1.93793,2.65466e-17,-1.7954,-2.10974
-0.31365,-0.140777,-1.9364,2.70067e-17,-1.79562,-2.12108
-0.318005,-0.138998,-1.93484,2.74627e-17,-1.79584,-2.13243
-0.322347,-0.137197,-1.93326,2.79146e-17,-1.79606,-2.1438
-0.326676,-0.135372,-1.93166,2.83622e-17,-1.79629,-2.15517
-0.330992,-0.133525,-1.93003,2.88057e-17,-1.79651,-2.16656
-0.335294,-0.131655,-1.92838,2.92449e-17,-1.79673,-2.17795
-0.339583,-0.129763,-1.92671,2.96798e-17,-1.79695,-2.18936
-0.343858,-0.127849,-1.92502,3.01104e-17,-1.79717,-2.20078
-0.348119,-0.125913,-1.9233,3.05366e-17,-1.79739,-2.21221
-0.352365,-0.123955,-1.92156,3.09585e-17,-1.79761,-2.22364
-0.356596,-0.121976,-1.9198,3.13761e-17,-1.79782,-2.23509
-0.360812,-0.119976,-1.91801,3.17891e-17,-1.79804,-2.24654
-0.365013,-0.117955,-1.91621,3.21978e-17,-1.79825,-2.25801
-0.369198,-0.115913,-1.91438,3.26019e-17,-1.79847,-2.26948
-0.373367,-0.113851,-1.91253,3.30016e-17,-1.79868,-2.28095
-0.37752,-0.111768,-1.91066,3.33967e-17,-1.79889,-2.29243
-0.381656,-0.109666,-1.90876,3.37873e-17,-1.7991,-2.30392
-0.385775,-0.107545,-1.90685,3.41732e-17,-1.7993,-2.31541
-0.389877,-0.105405,-1.90491,3.45546e-17,-1.7995,-2.32691
-0.393961,-0.103245,-1.90295,3.49313e-17,-1.79971,-2.33841
-0.398027,-0.101068,-1.90097,3.53034e-17,-1.7999,-2.34991
-0.402074,-0.0988719,-1.89897,3.56708e-17,-1.8001,-2.36141
-0.406103,-0.0966585,-1.89695,3.60334e-17,-1.80029,-2.37291
-0.410113,-0.0944278,-1.89491,3.63914e-17,-1.80048,-2.38441
-0.414103,-0.0921802,-1.89285,3.67446e-17,-1.80067,-2.3959
-0.418073,-0.089916,-1.89077,3.70931e-17,-1.80086,-2.4074
-0.422024,-0.0876358,-1.88867,3.74368e-17,-1.80104,-2.41889
-0.425954,-0.0853398,-1.88655,3.77757e-17,-1.80121,-2.43037
-0.429863,-0.0830286,-1.88442,3.81098e-17,-1.80139,-2.44185
-0.433751,-0.0807025,-1.88226,3.84392e-17,-1.80156,-2.45333
-0.437617,-0.078362,-1.88009,3.87637e-17,-1.80172,-2.46479
-0.441462,-0.0760075,-1.87789,3.90834e-17,-1.80189,-2.47624
-0.445285,-0.0736395,-1.87568,3.93983e-17,-1.80204,-2.48769
-0.449085,-0.0712585,-1.87346,3.97083e-17,-1.8022,-2.49912
-0.452863,-0.0688648,-1.87121,4.00136e-17,-1.80235,-2.51054
-0.456617,-0.066459,-1.86895,4.0314e-17,-1.80249,-2.52194
-0.460348,-0.0640415,-1.86668,4.06096e-17,-1.80263,-2.53333
-0.464056,-0.0616128,-1.86438,4.09004e-17,-1.80277,-2.54471
-0.46774,-0.0591734,-1.86208,4.11864e-17,-1.8029,-2.55606
-0.471399,-0.0567237,-1.85975,4.14676e-17,-1.80303,-2.5674
-0.475035,-0.0542643,-1.85742,4.17441e-17,-1.80315,-2.57872
-0.478646,-0.0517955,-1.85506,4.20157e-17,-1.80327,-2.59001
-0.482232,-0.049318,-1.8527,4.22827e-17,-1.80338,-2.60129
-0.485793,-0.0468321,-1.85032,4.25449e-17,-1.80349,-2.61254
-0.489328,-0.0443383,-1.84793,4.28023e-17,-1.80359,-2.62376
-0.492838,-0.0418372,-1.84552,4.30551e-17,-1.80369,-2.63496
-0.496323,-0.0393292,-1.84311,4.33033e-17,-1.80378,-2.64614
-0.499782,-0.0368147,-1.84068,4.35468e-17,-1.80386,-2.65728
-0.503215,-0.0342942,-1.83824,4.37857e-17,-1.80394,-2.6684
-0.506622,-0.0317683,-1.83579,4.402e-17,-1.80402,-2.67948
-0.510003,-0.0292372,-1.83332,4.42497e-17,-1.80409,-2.69054
-0.513357,-0.0267016,-1.83085,4.4475e-17,-1.80415,-2.70156
-0.516685,-0.0241619,-1.82837,4.46957e-17,-1.80421,-2.71255
-0.519986,-0.0216184,-1.82588,4.49121e-17,-1.80426,-2.72351
-0.523261,-0.0190716,-1.82338,4.5124e-17,-1.80431,-2.73443
-0.52651,-0.016522,-1.82087,4.53315e-17,-1.80435,-2.74532
-0.529731,-0.0139699,-1.81835,4.55348e-17,-1.80438,-2.75617
-0.532926,-0.0114158,-1.81583,4.57337e-17,-1.80441,-2.76698
-0.536095,-0.00886009,-1.81329,4.59284e-17,-1.80443,-2.77776
-0.539236,-0.0063031,-1.81075,4.6119e-17,-1.80445,-2.78849
-0.542351,-0.00374524,-1.80821,4.63053e-17,-1.80446,-2.79919
-0.54544,-0.00118688,-1.80565,4.64876e-17,-1.80447,-2.80985
-0.548501,0.00137165,-1.8031,4.66658e-17,-1.80447,-2.82046
-0.551537,0.00392999,-1.80053,4.684e-17,-1.80446,-2.83103
-0.554546,0.00648782,-1.79796,4.70103e-17,-1.80445,-2.84157
-0.557528,0.00904481,-1.79539,4.71767e-17,-1.80443,-2.85206
-0.560484,0.0116007,-1.79281,4.73392e-17,-1.80441,-2.8625
-0.563414,0.0141551,-1.79022,4.74979e-17,-1.80438,-2.87291
-0.566318,0.0167079,-1.78764,4.76529e-17,-1.80434,-2.88327
-0.569196,0.0192587,-1.78504,4.78042e-17,-1.8043,-2.89358
-0.572049,0.0218072,-1.78245,4.79518e-17,-1.80426,-2.90386
-0.574876,0.0243534,-1.77985,4.80959e-17,-1.8042,-2.91408
-0.577678,0.0268969,-1.77725,4.82365e-17,-1.80414,-2.92427
-0.580454,0.0294375,-1.77464,4.83735e-17,-1.80408,-2.93441
-0.583205,0.031975,-1.77204,4.85072e-17,-1.80401,-2.9445
-0.585932,0.0345093,-1.76943,4.86375e-17,-1.80394,-2.95455
-0.588634,0.03704,-1.76681,4.87644e-17,-1.80385,-2.96455
-0.591312,0.039567,-1.7642,4.88881e-17,-1.80377,-2.97451
-0.593965,0.04209,-1.76159,4.90086e-17,-1.80368,-2.98443
-0.596594,0.0446089,-1.75897,4.91259e-17,-1.80358,-2.99429
-0.599199,0.0471235,-1.75635,4.92402e-17,-1.80348,-3.00412
-0.60178,0.0496336,-1.75373,4.93513e-17,-1.80337,-3.01389
-0.604338,0.052139,-1.75111,4.94595e-17,-1.80325,-3.02362
-0.606872,0.0546395,-1.74849,4.95647e-17,-1.80313,-3.0333
-0.609383,0.0571348,-1.74587,4.9667e-17,-1.80301,-3.04294
-0.611871,0.0596249,-1.74325,4.97664e-17,-1.80288,-3.05253
-0.614336,0.0621096,-1.74063,4.9863e-17,-1.80274,-3.06207
-0.616778,0.0645885,-1.73801,4.99569e-17,-1.8026,-3.07157
-0.619197,0.0670617,-1.7354,5.0048e-17,-1.80246,-3.08102
-0.621594,0.0695289,-1.73278,5.01365e-17,-1.80231,-3.09042
-0.623969,0.0719899,-1.73016,5.02223e-17,-1.80215,-3.09977
-0.626321,0.0744445,-1.72755,5.03055e-17,-1.80199,-3.10908
-0.628651,0.0768927,-1.72493,5.03863e-17,-1.80183,-3.11834
-0.63096,0.0793341,-1.72232,5.04645e-17,-1.80166,-3.12755
-0.633247,0.0817688,-1.71971,5.05403e-17,-1.80148,-3.13671
-0.635512,0.0841964,-1.7171,5.06137e-17,-1.8013,-3.14583
-0.637756,0.0866169,-1.7145,5.06847e-17,-1.80112,-3.15489
-0.639979,0.08903,-1.7119,5.07534e-17,-1.80093,-3.16391
-0.642181,0.0914357,-1.7093,5.08199e-17,-1.80073,-3.17288
-0.644362,0.0938337,-1.7067,5.08841e-17,-1.80053,-3.1818
-0.646522,0.0962239,-1.70411,5.09462e-17,-1.80033,-3.19067
-0.648661,0.0986062,-1.70152,5.10061e-17,-1.80012,-3.19949
-0.65078,0.10098,-1.69893,5.10638e-17,-1.79991,-3.20826
-0.652879,0.103346,-1.69635,5.11196e-17,-1.7997,-3.21698
-0.654957,0.105704,-1.69377,5.11733e-17,-1.79948,-3.22566
-0.657016,0.108053,-1.6912,5.1225e-17,-1.79925,-3.23428
-0.659054,0.110394,-1.68863,5.12748e-17,-1.79902,-3.24285
-0.661073,0.112725,-1.68607,5.13226e-17,-1.79879,-3.25137
-0.663072,0.115048,-1.68351,5.13686e-17,-1.79856,-3.25985
-0.665051,0.117361,-1.68095,5.14128e-17,-1.79832,-3.26827
-0.667012,0.119666,-1.67841,5.14552e-17,-1.79807,-3.27664
-0.668953,0.121961,-1.67586,5.14958e-17,-1.79782,-3.28496
-0.670875,0.124246,-1.67333,5.15347e-17,-1.79757,-3.29323
-0.672778,0.126522,-1.6708,5.15719e-17,-1.79732,-3.30145
-0.674662,0.128789,-1.66827,5.16074e-17,-1.79706,-3.30962
-0.676527,0.131045,-1.66575,5.16414e-17,-1.7968,-3.31774
-0.678374,0.133291,-1.66324,5.16737e-17,-1.79654,-3.32581
-0.680203,0.135528,-1.66074,5.17046e-17,-1.79627,-3.33382
-0.682013,0.137754,-1.65824,5.17339e-17,-1.796,-3.34179
-0.683805,0.139969,-1.65575,5.17617e-17,-1.79572,-3.3497
-0.685579,0.142174,-1.65327,5.17881e-17,-1.79544,-3.35756
-0.687335,0.144369,-1.6508,5.1813e-17,-1.79516,-3.36537
-0.689073,0.146553,-1.64833,5.18366e-17,-1.79488,-3.37312
-0.690794,0.148726,-1.64587,5.18589e-17,-1.7946,-3.38083
-0.692497,0.150888,-1.64342,5.18798e-17,-1.79431,-3.38848
-0.694182,0.153039,-1.64098,5.18994e-17,-1.79402,-3.39608
-0.69585,0.155179,-1.63854,5.19178e-17,-1.79372,-3.40363
-0.697501,0.157307,-1.63612,5.19349e-17,-1.79343,-3.41112
-0.699135,0.159424,-1.6337,5.19509e-17,-1.79313,-3.41856
-0.700752,0.16153,-1.6313,5.19656e-17,-1.79283,-3.42595
-0.702352,0.163624,-1.6289,5.19793e-17,-1.79252,-3.43329
-0.703935,0.165706,-1.62651,5.19918e-17,-1.79222,-3.44057
-0.705502,0.167777,-1.62413,5.20033e-17,-1.79191,-3.4478
-0.707052,0.169835,-1.62177,5.20136e-17,-1.7916,-3.45498
-0.708585,0.171881,-1.61941,5.2023e-17,-1.79129,-3.4621
-0.710102,0.173916,-1.61706,5.20314e-17,-1.79098,-3.46917
-0.711603,0.175938,-1.61473,5.20387e-17,-1.79066,-3.47619
-0.713088,0.177947,-1.6124,5.20452e-17,-1.79035,-3.48315
-0.714557,0.179945,-1.61008,5.20507e-17,-1.79003,-3.49006
-0.71601,0.181929,-1.60778,5.20553e-17,-1.78971,-3.49691
-0.717447,0.183901,-1.60549,5.2059e-17,-1.78939,-3.50371
-0.718868,0.18586,-1.60321,5.20619e-17,-1.78907,-3.51046
-0.720274,0.187807,-1.60094,5.2064e-17,-1.78874,-3.51715
-0.721664,0.18974,-1.59868,5.20652e-17,-1.78842,-3.52379
-0.723039,0.191661,-1.59643,5.20657e-17,-1.78809,-3.53038
-0.724398,0.193568,-1.5942,5.20655e-17,-1.78777,-3.53691
-0.725742,0.195462,-1.59198,5.20645e-17,-1.78744,-3.54338
-0.727071,0.197343,-1.58977,5.20627e-17,-1.78711,-3.5498
-0.728385,0.19921,-1.58757,5.20604e-17,-1.78678,-3.55617
-0.729684,0.201064,-1.58539,5.20573e-17,-1.78645,-3.56248
-0.730968,0.202904,-1.58322,5.20536e-17,-1.78612,-3.56873
-0.732237,0.20473,-1.58106,5.20493e-17,-1.78579,-3.57493
-0.733492,0.206543,-1.57892,5.20444e-17,-1.78546,-3.58108
-0.734732,0.208342,-1.57679,5.20389e-17,-1.78513,-3.58717
-0.735957,0.210127,-1.57467,5.20328e-17,-1.7848,-3.59321
-0.737168,0.211898,-1.57257,5.20262e-17,-1.78447,-3.59918
-0.738365,0.213654,-1.57048,5.20191e-17,-1.78414,-3.60511
-0.739547,0.215397,-1.56841,5.20115e-17,-1.7838,-3.61098
-0.740715,0.217125,-1.56635,5.20034e-17,-1.78347,-3.61679
-0.741869,0.218839,-1.5643,5.19949e-17,-1.78314,-3.62255
-0.743009,0.220538,-1.56227,5.19859e-17,-1.78281,-3.62825
-0.744134,0.222223,-1.56026,5.19764e-17,-1.78248,-3.6339
-0.745246,0.223893,-1.55826,5.19666e-17,-1.78215,-3.63949
-0.746345,0.225549,-1.55627,5.19564e-17,-1.78182,-3.64502
-0.747429,0.22719,-1.5543,5.19458e-17,-1.78149,-3.6505
-0.7485,0.228815,-1.55235,5.19348e-17,-1.78116,-3.65592
-0.749557,0.230426,-1.55041,5.19236e-17,-1.78083,-3.66129
-0.7506,0.232022,-1.54848,5.19119e-17,-1.78051,-3.6666
-0.75163,0.233603,-1.54658,5.19e-17,-1.78018,-3.67185
-0.752647,0.235169,-1.54469,5.18878e-17,-1.77986,-3.67705
-0.753651,0.236719,-1.54281,5.18754e-17,-1.77953,-3.68219
-0.754641,0.238254,-1.54095,5.18626e-17,-1.77921,-3.68727
-0.755618,0.239774,-1.53911,5.18496e-17,-1.77889,-3.6923
-0.756582,0.241278,-1.53729,5.18364e-17,-1.77857,-3.69727
-0.757532,0.242767,-1.53548,5.1823e-17,-1.77825,-3.70218
-0.75847,0.24424,-1.53369,5.18094e-17,-1.77793,-3.70704
-0.759395,0.245697,-1.53192,5.17956e-17,-1.77761,-3.71184
-0.760307,0.247139,-1.53016,5.17816e-17,-1.7773,-3.71658
-0.761206,0.248564,-1.52842,5.17675e-17,-1.77699,-3.72127
-0.762092,0.249974,-1.5267,5.17532e-17,-1.77668,-3.72589
-0.762966,0.251368,-1.525,5.17388e-17,-1.77637,-3.73047
-0.763827,0.252746,-1.52331,5.17242e-17,-1.77606,-3.73498
-0.764676,0.254108,-1.52165,5.17096e-17,-1.77575,-3.73944
-0.765512,0.255453,-1.52,5.16949e-17,-1.77545,-3.74384
-0.766335,0.256782,-1.51837,5.16801e-17,-1.77515,-3.74818
-0.767146,0.258095,-1.51676,5.16652e-17,-1.77485,-3.75247
-0.767945,0.259392,-1.51516,5.16502e-17,-1.77456,-3.75669
-0.768732,0.260672,-1.51359,5.16353e-17,-1.77426,-3.76086
-0.769506,0.261936,-1.51203,5.16202e-17,-1.77397,-3.76498
-0.770268,0.263183,-1.5105,5.16052e-17,-1.77368,-3.76903
-0.771018,0.264414,-1.50898,5.15902e-17,-1.77339,-3.77303
-0.771756,0.265628,-1.50748,5.15751e-17,-1.77311,-3.77697
-0.772481,0.266825,-1.506,5.15601e-17,-1.77283,-3.78085
-0.773195,0.268005,-1.50454,5.15451e-17,-1.77255,-3.78467
-0.773897,0.269169,-1.5031,5.15301e-17,-1.77227,-3.78844
-0.774587,0.270315,-1.50168,5.15151e-17,-1.772,-3.79215
-0.775265,0.271445,-1.50028,5.15002e-17,-1.77173,-3.7958
-0.775931,0.272557,-1.4989,5.14854e-17,-1.77146,-3.79939
-0.776586,0.273653,-1.49754,5.14706e-17,-1.7712,-3.80293
-0.777228,0.274731,-1.49621,5.14559e-17,-1.77094,-3.8064
-0.777859,0.275792,-1.49489,5.14413e-17,-1.77068,-3.80982
-0.778479,0.276836,-1.49359,5.14268e-17,-1.77042,-3.81318
-0.779087,0.277863,-1.49231,5.14124e-17,-1.77017,-3.81648
-0.779683,0.278872,-1.49105,5.13981e-17,-1.76993,-3.81973
-0.780268,0.279864,-1.48982,5.13839e-17,-1.76968,-3.82291
-0.780841,0.280838,-1.4886,5.13699e-17,-1.76944,-3.82604
-0.781403,0.281795,-1.48741,5.13559e-17,-1.7692,-3.82911
-0.781953,0.282734,-1.48623,5.13422e-17,-1.76897,-3.83212
-0.782492,0.283656,-1.48508,5.13286e-17,-1.76874,-3.83507
-0.78302,0.28456,-1.48395,5.13151e-17,-1.76851,-3.83796
-0.783536,0.285446,-1.48284,5.13018e-17,-1.76829,-3.8408
-0.784041,0.286315,-1.48175,5.12887e-17,-1.76807,-3.84357
-0.784535,0.287166,-1.48069,5.12758e-17,-1.76785,-3.84629
-0.785018,0.287999,-1.47964,5.1263e-17,-1.76764,-3.84895
-0.785489,0.288814,-1.47862,5.12505e-17,-1.76744,-3.85155
-0.785949,0.289611,-1.47762,5.12381e-17,-1.76723,-3.85409
-0.786398,0.290391,-1.47664,5.12259e-17,-1.76703,-3.85657
-0.786837,0.291152,-1.47569,5.1214e-17,-1.76684,-3.859
-0.787264,0.291895,-1.47475,5.12023e-17,-1.76665,-3.86136
-0.78768,0.29262,-1.47384,5.11908e-17,-1.76646,-3.86367
-0.788085,0.293327,-1.47295,5.11795e-17,-1.76628,-3.86592
-0.788479,0.294016,-1.47208,5.11685e-17,-1.7661,-3.86811
-0.788862,0.294687,-1.47124,5.11577e-17,-1.76593,-3.87024
-0.789234,0.295339,-1.47042,5.11471e-17,-1.76576,-3.87231
-0.789595,0.295974,-1.46962,5.11368e-17,-1.76559,-3.87432
-0.789946,0.29659,-1.46884,5.11267e-17,-1.76543,-3.87628
-0.790286,0.297188,-1.46809,5.11169e-17,-1.76527,-3.87817
-0.790615,0.297768,-1.46735,5.11074e-17,-1.76512,-3.88001
-0.790933,0.29833,-1.46664,5.10981e-17,-1.76497,-3.88179
-0.791242,0.298874,-1.46596,5.1089e-17,-1.76483,-3.88351
-0.791539,0.299401,-1.46529,5.10803e-17,-1.76469,-3.88518
-0.791827,0.29991,-1.46465,5.10718e-17,-1.76456,-3.88679
-0.792104,0.300401,-1.46403,5.10635e-17,-1.76443,-3.88834
-0.792371,0.300875,-1.46343,5.10556e-17,-1.7643,-3.88984
-0.792628,0.301331,-1.46285,5.10479e-17,-1.76418,-3.89128
-0.792875,0.301771,-1.46229,5.10404e-17,-1.76407,-3.89267
-0.793113,0.302194,-1.46176,5.10333e-17,-1.76395,-3.89401
-0.793341,0.3026,-1.46124,5.10263e-17,-1.76384,-3.89529
-0.79356,0.30299,-1.46075,5.10197e-17,-1.76374,-3.89652
-0.79377,0.303364,-1.46028,5.10133e-17,-1.76364,-3.8977
-0.79397,0.303722,-1.45982,5.10072e-17,-1.76355,-3.89883
-0.794162,0.304065,-1.45939,5.10013e-17,-1.76345,-3.89991
-0.794345,0.304392,-1.45897,5.09956e-17,-1.76337,-3.90094
-0.79452,0.304704,-1.45858,5.09903e-17,-1.76328,-3.90192
-0.794686,0.305001,-1.4582,5.09851e-17,-1.7632,-3.90286
-0.794844,0.305285,-1.45784,5.09802e-17,-1.76313,-3.90375
-0.794994,0.305554,-1.4575,5.09755e-17,-1.76305,-3.9046
-0.795137,0.305809,-1.45718,5.09711e-17,-1.76299,-3.90541
-0.795271,0.306051,-1.45687,5.09669e-17,-1.76292,-3.90617
-0.795399,0.30628,-1.45658,5.09629e-17,-1.76286,-3.90689
-0.79552,0.306496,-1.4563,5.09591e-17,-1.7628,-3.90757
-0.795633,0.3067,-1.45604,5.09556e-17,-1.76275,-3.90821
-0.79574,0.306892,-1.4558,5.09522e-17,-1.76269,-3.90882
-0.79584,0.307073,-1.45557,5.0949e-17,-1.76264,-3.90938
-0.795935,0.307242,-1.45536,5.09461e-17,-1.7626,-3.90992
-0.796023,0.307401,-1.45516,5.09433e-17,-1.76256,-3.91041
-0.796105,0.307549,-1.45497,5.09407e-17,-1.76252,-3.91088
-0.796182,0.307687,-1.45479,5.09383e-17,-1.76248,-3.91132
-0.796253,0.307816,-1.45463,5.0936e-17,-1.76244,-3.91172
-0.79632,0.307935,-1.45448,5.09339e-17,-1.76241,-3.9121
-0.796381,0.308046,-1.45434,5.0932e-17,-1.76238,-3.91244
-0.796438,0.308148,-1.45421,5.09302e-17,-1.76235,-3.91276
-0.79649,0.308242,-1.45409,5.09285e-17,-1.76233,-3.91306
-0.796538,0.308328,-1.45398,5.0927e-17,-1.7623,-3.91333
-0.796582,0.308407,-1.45388,5.09256e-17,-1.76228,-3.91358
-0.796622,0.30848,-1.45378,5.09243e-17,-1.76226,-3.91381
-0.796658,0.308545,-1.4537,5.09231e-17,-1.76225,-3.91401
-0.796691,0.308605,-1.45362,5.09221e-17,-1.76223,-3.9142
-0.796721,0.308659,-1.45356,5.09211e-17,-1.76222,-3.91437
-0.796748,0.308707,-1.45349,5.09203e-17,-1.7622,-3.91452
-0.796772,0.30875,-1.45344,5.09195e-17,-1.76219,-3.91466
-0.796793,0.308789,-1.45339,5.09188e-17,-1.76218,-3.91478
-0.796812,0.308823,-1.45335,5.09182e-17,-1.76217,-3.91488
-0.796829,0.308853,-1.45331,5.09177e-17,-1.76216,-3.91498
-0.796843,0.308879,-1.45328,5.09172e-17,-1.76216,-3.91506
-0.796856,0.308902,-1.45325,5.09168e-17,-1.76215,-3.91513
-0.796867,0.308922,-1.45322,5.09165e-17,-1.76214,-3.9152
-0.796876,0.308939,-1.4532,5.09162e-17,-1.76214,-3.91525
-0.796884,0.308954,-1.45318,5.09159e-17,-1.76213,-3.9153
-0.796891,0.308966,-1.45317,5.09157e-17,-1.76213,-3.91533
-0.796897,0.308976,-1.45315,5.09155e-17,-1.76213,-3.91536
-0.796901,0.308984,-1.45314,5.09154e-17,-1.76213,-3.91539
-0.796905,0.308991,-1.45313,5.09152e-17,-1.76212,-3.91541
-0.796908,0.308996,-1.45313,5.09152e-17,-1.76212,-3.91543
-0.79691,0.309,-1.45312,5.09151e-17,-1.76212,-3.91544
-0.796912,0.309003,-1.45312,5.0915e-17,-1.76212,-3.91545
-0.796913,0.309006,-1.45311,5.0915e-17,-1.76212,-3.91546
-0.796914,0.309008,-1.45311,5.0915e-17,-1.76212,-3.91546
-0.796915,0.309009,-1.45311,5.09149e-17,-1.76212,-3.91547
-0.796915,0.309009,-1.45311,5.09149e-17,-1.76212,-3.91547
-0.796916,0.30901,-1.45311,5.09149e-17,-1.76212,-3.91547
-0.796916,0.30901,-1.45311,5.09149e-17,-1.76212,-3.91547
-0.796916,0.30901,-1.45311,5.09149e-17,-1.76212,-3.91547
-0.796916,0.30901,-1.45311,5.09149e-17,-1.76212,-3.91547
-0.796916,0.30901,-1.45311,5.09149e-17,-1.76212,-3.91547
-0.796916,0.30901,-1.45311,5.09149e-17,-1.76212,-3.91547
