0;0;0;0;0;0;0;1
0.002;0;0;0;0;0;0;1
0.004;0;0;0;0;0;0;1
0.006;0;0;0;0;0;0;1
0.008;0;0;0;0;0;0;1
0.01;0;0;0;0;0;0;1
0.012;0;0;0;0;0;0;1
0.014;0;0;0;0;0;0;1
0.016;0;0;0;0;0;0;1
0.018;0;0;0;0;0;0;1
0.02;0;0;0;0;0;0;1
0.022;0;0;0;0;0;0;1
0.024;0;0;0;0;0;0;1
0.026;0;0;0;0;0;0;1
0.028;0;0;0;0;0;0;1
0.03;0;0;0;0;0;0;1
0.032;0;0;0;0;0;0;1
0.034;0;0;0;0;0;0;1
0.036;0;0;0;0;0;0;1
0.038;0;0;0;0;0;0;1
0.04;0;0;0;0;0;0;1
0.042;0;0;0;0;0;0;1
0.044;0;0;0;0;0;0;1
0.046;0;0;0;0;0;0;1
0.048;0;0;0;0;0;0;1
0.05;0;0;0;0;0;0;1
0.052;0;0;0;0;0;0;1
0.054;0;0;0;0;0;0;1
0.056;0;0;0;0;0;0;1
0.058;0;0;0;0;0;0;1
0.06;0;0;0;0;0;0;1
0.062;0;0;0;0;0;0;1
0.064;0;0;0;0;0;0;1
0.066;0;0;0;0;0;0;1
0.068;0;0;0;0;0;0;1
0.07;0;0;0;0;0;0;1
0.072;0;0;0;0;0;0;1
0.074;0;0;0;0;0;0;1
0.076;0;0;0;0;0;0;1
0.078;0;0;0;0;0;0;1
0.08;0;0;0;0;0;0;1
0.082;0;0;0;0;0;0;1
0.084;0;0;0;0;0;0;1
0.086;0;0;0;0;0;0;1
0.088;0;0;0;0;0;0;1
0.09;0;0;0;0;0;0;1
0.092;0;0;0;0;0;0;1
0.094;0;0;0;0;0;0;1
0.096;0;0;0;0;0;0;1
0.098;0;0;0;0;0;0;1
0.1;0;0;0;0;0;0;1
0.102;0;0;0;0;0;0;1
0.104;0;0;0;0;0;0;1
0.106;0;0;0;0;0;0;1
0.108;0;0;0;0;0;0;1
0.11;0;0;0;0;0;0;1
0.112;0;0;0;0;0;0;1
0.114;0;0;0;0;0;0;1
0.116;0;0;0;0;0;0;1
0.118;0;0;0;0;0;0;1
0.12;0;0;0;0;0;0;1
0.122;0;0;0;0;0;0;1
0.124;0;0;0;0;0;0;1
0.126;0;0;0;0;0;0;1
0.128;0;0;0;0;0;0;1
0.13;0;0;0;0;0;0;1
0.132;0;0;0;0;0;0;1
0.134;0;0;0;0;0;0;1
0.136;0;0;0;0;0;0;1
0.138;0;0;0;0;0;0;1
0.14;0;0;0;0;0;0;1
0.142;0;0;0;0;0;0;1
0.144;0;0;0;0;0;0;1
0.146;0;0;0;0;0;0;1
0.148;0;0;0;0;0;0;1
0.15;0;0;0;0;0;0;1
0.152;0;0;0;0;0;0;1
0.154;0;0;0;0;0;0;1
0.156;0;0;0;0;0;0;1
0.158;0;0;0;0;0;0;1
0.16;0;0;0;0;0;0;1
0.162;0;0;0;0;0;0;1
0.164;0;0;0;0;0;0;1
0.166;0;0;0;0;0;0;1
0.168;0;0;0;0;0;0;1
0.17;0;0;0;0;0;0;1
0.172;0;0;0;0;0;0;1
0.174;0;0;0;0;0;0;1
0.176;0;0;0;0;0;0;1
0.178;0;0;0;0;0;0;1
0.18;0;0;0;0;0;0;1
0.182;0;0;0;0;0;0;1
0.184;0;0;0;0;0;0;1
0.186;0;0;0;0;0;0;1
0.188;0;0;0;0;0;0;1
0.19;0;0;0;0;0;0;1
0.192;0;0;0;0;0;0;1
0.194;0;0;0;0;0;0;1
0.196;0;0;0;0;0;0;1
0.198;0;0;0;0;0;0;1
0.2;0;0;0;0;0;0;1
0.202;0;0;0;0;0;0;1
0.204;0;0;0;0;0;0;1
0.206;0;0;0;0;0;0;1
0.208;0;0;0;0;0;0;1
0.21;0;0;0;0;0;0;1
0.212;0;0;0;0;0;0;1
0.214;0;0;0;0;0;0;1
0.216;0;0;0;0;0;0;1
0.218;0;0;0;0;0;0;1
0.22;0;0;0;0;0;0;1
0.222;0;0;0;0;0;0;1
0.224;0;0;0;0;0;0;1
0.226;0;0;0;0;0;0;1
0.228;0;0;0;0;0;0;1
0.23;0;0;0;0;0;0;1
0.232;0;0;0;0;0;0;1
0.234;0;0;0;0;0;0;1
0.236;0;0;0;0;0;0;1
0.238;0;0;0;0;0;0;1
0.24;0;0;0;0;0;0;1
0.242;0;0;0;0;0;0;1
0.244;0;0;0;0;0;0;1
0.246;0;0;0;0;0;0;1
0.248;0;0;0;0;0;0;1
0.25;0;0;0;0;0;0;1
0.252;0;0;0;0;0;0;1
0.254;0;0;0;0;0;0;1
0.256;0;0;0;0;0;0;1
0.258;0;0;0;0;0;0;1
0.26;0;0;0;0;0;0;1
0.262;0;0;0;0;0;0;1
0.264;0;0;0;0;0;0;1
0.266;0;0;0;0;0;0;1
0.268;0;0;0;0;0;0;1
0.27;0;0;0;0;0;0;1
0.272;0;0;0;0;0;0;1
0.274;0;0;0;0;0;0;1
0.276;0;0;0;0;0;0;1
0.278;0;0;0;0;0;0;1
0.28;0;0;0;0;0;0;1
0.282;0;0;0;0;0;0;1
0.284;0;0;0;0;0;0;1
0.286;0;0;0;0;0;0;1
0.288;0;0;0;0;0;0;1
0.29;0;0;0;0;0;0;1
0.292;0;0;0;0;0;0;1
0.294;0;0;0;0;0;0;1
0.296;0;0;0;0;0;0;1
0.298;0;0;0;0;0;0;1
0.3;0;0;0;0;0;0;1
0.302;0;0;0;0;0;0;1
0.304;0;0;0;0;0;0;1
0.306;0;0;0;0;0;0;1
0.308;0;0;0;0;0;0;1
0.31;0;0;0;0;0;0;1
0.312;0;0;0;0;0;0;1
0.314;0;0;0;0;0;0;1
0.316;0;0;0;0;0;0;1
0.318;0;0;0;0;0;0;1
0.32;0;0;0;0;0;0;1
0.322;0;0;0;0;0;0;1
0.324;0;0;0;0;0;0;1
0.326;0;0;0;0;0;0;1
0.328;0;0;0;0;0;0;1
0.33;0;0;0;0;0;0;1
0.332;0;0;0;0;0;0;1
0.334;0;0;0;0;0;0;1
0.336;0;0;0;0;0;0;1
0.338;0;0;0;0;0;0;1
0.34;0;0;0;0;0;0;1
0.342;0;0;0;0;0;0;1
0.344;0;0;0;0;0;0;1
0.346;0;0;0;0;0;0;1
0.348;0;0;0;0;0;0;1
0.35;0;0;0;0;0;0;1
0.352;0;0;0;0;0;0;1
0.354;0;0;0;0;0;0;1
0.356;0;0;0;0;0;0;1
0.358;0;0;0;0;0;0;1
0.36;0;0;0;0;0;0;1
0.362;0;0;0;0;0;0;1
0.364;0;0;0;0;0;0;1
0.366;0;0;0;0;0;0;1
0.368;0;0;0;0;0;0;1
0.37;0;0;0;0;0;0;1
0.372;0;0;0;0;0;0;1
0.374;0;0;0;0;0;0;1
0.376;0;0;0;0;0;0;1
0.378;0;0;0;0;0;0;1
0.38;0;0;0;0;0;0;1
0.382;0;0;0;0;0;0;1
0.384;0;0;0;0;0;0;1
0.386;0;0;0;0;0;0;1
0.388;0;0;0;0;0;0;1
0.39;0;0;0;0;0;0;1
0.392;0;0;0;0;0;0;1
0.394;0;0;0;0;0;0;1
0.396;0;0;0;0;0;0;1
0.398;0;0;0;0;0;0;1
0.4;0;0;0;0;0;0;1
0.402;0;0;0;0;0;0;1
0.404;0;0;0;0;0;0;1
0.406;0;0;0;0;0;0;1
0.408;0;0;0;0;0;0;1
0.41;0;0;0;0;0;0;1
0.412;0;0;0;0;0;0;1
0.414;0;0;0;0;0;0;1
0.416;0;0;0;0;0;0;1
0.418;0;0;0;0;0;0;1
0.42;0;0;0;0;0;0;1
0.422;0;0;0;0;0;0;1
0.424;0;0;0;0;0;0;1
0.426;0;0;0;0;0;0;1
0.428;0;0;0;0;0;0;1
0.43;0;0;0;0;0;0;1
0.432;0;0;0;0;0;0;1
0.434;0;0;0;0;0;0;1
0.436;0;0;0;0;0;0;1
0.438;0;0;0;0;0;0;1
0.44;0;0;0;0;0;0;1
0.442;0;0;0;0;0;0;1
0.444;0;0;0;0;0;0;1
0.446;0;0;0;0;0;0;1
0.448;0;0;0;0;0;0;1
0.45;0;0;0;0;0;0;1
0.452;0;0;0;0;0;0;1
0.454;0;0;0;0;0;0;1
0.456;0;0;0;0;0;0;1
0.458;0;0;0;0;0;0;1
0.46;0;0;0;0;0;0;1
0.462;0;0;0;0;0;0;1
0.464;0;0;0;0;0;0;1
0.466;0;0;0;0;0;0;1
0.468;0;0;0;0;0;0;1
0.47;0;0;0;0;0;0;1
0.472;0;0;0;0;0;0;1
0.474;0;0;0;0;0;0;1
0.476;0;0;0;0;0;0;1
0.478;0;0;0;0;0;0;1
0.48;0;0;0;0;0;0;1
0.482;0;0;0;0;0;0;1
0.484;0;0;0;0;0;0;1
0.486;0;0;0;0;0;0;1
0.488;0;0;0;0;0;0;1
0.49;0;0;0;0;0;0;1
0.492;0;0;0;0;0;0;1
0.494;0;0;0;0;0;0;1
0.496;0;0;0;0;0;0;1
0.498;0;0;0;0;0;0;1
0.5;0;0;0;0;0;0;1
0.502;0;0;0;0;0;0;1
0.504;0;0;0;0;0;0;1
0.506;0;0;0;0;0;0;1
0.508;0;0;0;0;0;0;1
0.51;0;0;0;0;0;0;1
0.512;0;0;0;0;0;0;1
0.514;0;0;0;0;0;0;1
0.516;0;0;0;0;0;0;1
0.518;0;0;0;0;0;0;1
0.52;0;0;0;0;0;0;1
0.522;0;0;0;0;0;0;1
0.524;0;0;0;0;0;0;1
0.526;0;0;0;0;0;0;1
0.528;0;0;0;0;0;0;1
0.53;0;0;0;0;0;0;1
0.532;0;0;0;0;0;0;1
0.534;0;0;0;0;0;0;1
0.536;0;0;0;0;0;0;1
0.538;0;0;0;0;0;0;1
0.54;0;0;0;0;0;0;1
0.542;0;0;0;0;0;0;1
0.544;0;0;0;0;0;0;1
0.546;0;0;0;0;0;0;1
0.548;0;0;0;0;0;0;1
0.55;0;0;0;0;0;0;1
0.552;0;0;0;0;0;0;1
0.554;0;0;0;0;0;0;1
0.556;0;0;0;0;0;0;1
0.558;0;0;0;0;0;0;1
0.56;0;0;0;0;0;0;1
0.562;0;0;0;0;0;0;1
0.564;0;0;0;0;0;0;1
0.566;0;0;0;0;0;0;1
0.568;0;0;0;0;0;0;1
0.57;0;0;0;0;0;0;1
0.572;0;0;0;0;0;0;1
0.574;0;0;0;0;0;0;1
0.576;0;0;0;0;0;0;1
0.578;0;0;0;0;0;0;1
0.58;0;0;0;0;0;0;1
0.582;0;0;0;0;0;0;1
0.584;0;0;0;0;0;0;1
0.586;0;0;0;0;0;0;1
0.588;0;0;0;0;0;0;1
0.59;0;0;0;0;0;0;1
0.592;0;0;0;0;0;0;1
0.594;0;0;0;0;0;0;1
0.596;0;0;0;0;0;0;1
0.598;0;0;0;0;0;0;1
0.6;0;0;0;0;0;0;1
0.602;0;0;0;0;0;0;1
0.604;0;0;0;0;0;0;1
0.606;0;0;0;0;0;0;1
0.608;0;0;0;0;0;0;1
0.61;0;0;0;0;0;0;1
0.612;0;0;0;0;0;0;1
0.614;0;0;0;0;0;0;1
0.616;0;0;0;0;0;0;1
0.618;0;0;0;0;0;0;1
0.62;0;0;0;0;0;0;1
0.622;0;0;0;0;0;0;1
0.624;0;0;0;0;0;0;1
0.626;0;0;0;0;0;0;1
0.628;0;0;0;0;0;0;1
0.63;0;0;0;0;0;0;1
0.632;0;0;0;0;0;0;1
0.634;0;0;0;0;0;0;1
0.636;0;0;0;0;0;0;1
0.638;0;0;0;0;0;0;1
0.64;0;0;0;0;0;0;1
0.642;0;0;0;0;0;0;1
0.644;0;0;0;0;0;0;1
0.646;0;0;0;0;0;0;1
0.648;0;0;0;0;0;0;1
0.65;0;0;0;0;0;0;1
0.652;0;0;0;0;0;0;1
0.654;0;0;0;0;0;0;1
0.656;0;0;0;0;0;0;1
0.658;0;0;0;0;0;0;1
0.66;0;0;0;0;0;0;1
0.662;0;0;0;0;0;0;1
0.664;0;0;0;0;0;0;1
0.666;0;0;0;0;0;0;1
0.668;0;0;0;0;0;0;1
0.67;0;0;0;0;0;0;1
0.672;0;0;0;0;0;0;1
0.674;0;0;0;0;0;0;1
0.676;0;0;0;0;0;0;1
0.678;0;0;0;0;0;0;1
0.68;0;0;0;0;0;0;1
0.682;0;0;0;0;0;0;1
0.684;0;0;0;0;0;0;1
0.686;0;0;0;0;0;0;1
0.688;0;0;0;0;0;0;1
0.69;0;0;0;0;0;0;1
0.692;0;0;0;0;0;0;1
0.694;0;0;0;0;0;0;1
0.696;0;0;0;0;0;0;1
0.698;0;0;0;0;0;0;1
0.7;0;0;0;0;0;0;1
0.702;0;0;0;0;0;0;1
0.704;0;0;0;0;0;0;1
0.706;0;0;0;0;0;0;1
0.708;0;0;0;0;0;0;1
0.71;0;0;0;0;0;0;1
0.712;0;0;0;0;0;0;1
0.714;0;0;0;0;0;0;1
0.716;0;0;0;0;0;0;1
0.718;0;0;0;0;0;0;1
0.72;0;0;0;0;0;0;1
0.722;0;0;0;0;0;0;1
0.724;0;0;0;0;0;0;1
0.726;0;0;0;0;0;0;1
0.728;0;0;0;0;0;0;1
0.73;0;0;0;0;0;0;1
0.732;0;0;0;0;0;0;1
0.734;0;0;0;0;0;0;1
0.736;0;0;0;0;0;0;1
0.738;0;0;0;0;0;0;1
0.74;0;0;0;0;0;0;1
0.742;0;0;0;0;0;0;1
0.744;0;0;0;0;0;0;1
0.746;0;0;0;0;0;0;1
0.748;0;0;0;0;0;0;1
0.75;0;0;0;0;0;0;1
0.752;0;0;0;0;0;0;1
0.754;0;0;0;0;0;0;1
0.756;0;0;0;0;0;0;1
0.758;0;0;0;0;0;0;1
0.76;0;0;0;0;0;0;1
0.762;0;0;0;0;0;0;1
0.764;0;0;0;0;0;0;1
0.766;0;0;0;0;0;0;1
0.768;0;0;0;0;0;0;1
0.77;0;0;0;0;0;0;1
0.772;0;0;0;0;0;0;1
0.774;0;0;0;0;0;0;1
0.776;0;0;0;0;0;0;1
0.778;0;0;0;0;0;0;1
0.78;0;0;0;0;0;0;1
0.782;0;0;0;0;0;0;1
0.784;0;0;0;0;0;0;1
0.786;0;0;0;0;0;0;1
0.788;0;0;0;0;0;0;1
0.79;0;0;0;0;0;0;1
0.792;0;0;0;0;0;0;1
0.794;0;0;0;0;0;0;1
0.796;0;0;0;0;0;0;1
0.798;0;0;0;0;0;0;1
0.8;0;0;0;0;0;0;1
0.802;0;0;0;0;0;0;1
0.804;0;0;0;0;0;0;1
0.806;0;0;0;0;0;0;1
0.808;0;0;0;0;0;0;1
0.81;0;0;0;0;0;0;1
0.812;0;0;0;0;0;0;1
0.814;0;0;0;0;0;0;1
0.816;0;0;0;0;0;0;1
0.818;0;0;0;0;0;0;1
0.82;0;0;0;0;0;0;1
0.822;0;0;0;0;0;0;1
0.824;0;0;0;0;0;0;1
0.826;0;0;0;0;0;0;1
0.828;0;0;0;0;0;0;1
0.83;0;0;0;0;0;0;1
0.832;0;0;0;0;0;0;1
0.834;0;0;0;0;0;0;1
0.836;0;0;0;0;0;0;1
0.838;0;0;0;0;0;0;1
0.84;0;0;0;0;0;0;1
0.842;0;0;0;0;0;0;1
0.844;0;0;0;0;0;0;1
0.846;0;0;0;0;0;0;1
0.848;0;0;0;0;0;0;1
0.85;0;0;0;0;0;0;1
0.852;0;0;0;0;0;0;1
0.854;0;0;0;0;0;0;1
0.856;0;0;0;0;0;0;1
0.858;0;0;0;0;0;0;1
0.86;0;0;0;0;0;0;1
0.862;0;0;0;0;0;0;1
0.864;0;0;0;0;0;0;1
0.866;0;0;0;0;0;0;1
0.868;0;0;0;0;0;0;1
0.87;0;0;0;0;0;0;1
0.872;0;0;0;0;0;0;1
0.874;0;0;0;0;0;0;1
0.876;0;0;0;0;0;0;1
0.878;0;0;0;0;0;0;1
0.88;0;0;0;0;0;0;1
0.882;0;0;0;0;0;0;1
0.884;0;0;0;0;0;0;1
0.886;0;0;0;0;0;0;1
0.888;0;0;0;0;0;0;1
0.89;0;0;0;0;0;0;1
0.892;0;0;0;0;0;0;1
0.894;0;0;0;0;0;0;1
0.896;0;0;0;0;0;0;1
0.898;0;0;0;0;0;0;1
0.9;0;0;0;0;0;0;1
0.902;0;0;0;0;0;0;1
0.904;0;0;0;0;0;0;1
0.906;0;0;0;0;0;0;1
0.908;0;0;0;0;0;0;1
0.91;0;0;0;0;0;0;1
0.912;0;0;0;0;0;0;1
0.914;0;0;0;0;0;0;1
0.916;0;0;0;0;0;0;1
0.918;0;0;0;0;0;0;1
0.92;0;0;0;0;0;0;1
0.922;0;0;0;0;0;0;1
0.924;0;0;0;0;0;0;1
0.926;0;0;0;0;0;0;1
0.928;0;0;0;0;0;0;1
0.93;0;0;0;0;0;0;1
0.932;0;0;0;0;0;0;1
0.934;0;0;0;0;0;0;1
0.936;0;0;0;0;0;0;1
0.938;0;0;0;0;0;0;1
0.94;0;0;0;0;0;0;1
0.942;0;0;0;0;0;0;1
0.944;0;0;0;0;0;0;1
0.946;0;0;0;0;0;0;1
0.948;0;0;0;0;0;0;1
0.95;0;0;0;0;0;0;1
0.952;0;0;0;0;0;0;1
0.954;0;0;0;0;0;0;1
0.956;0;0;0;0;0;0;1
0.958;0;0;0;0;0;0;1
0.96;0;0;0;0;0;0;1
0.962;0;0;0;0;0;0;1
0.964;0;0;0;0;0;0;1
0.966;0;0;0;0;0;0;1
0.968;0;0;0;0;0;0;1
0.97;0;0;0;0;0;0;1
0.972;0;0;0;0;0;0;1
0.974;0;0;0;0;0;0;1
0.976;0;0;0;0;0;0;1
0.978;0;0;0;0;0;0;1
0.98;0;0;0;0;0;0;1
0.982;0;0;0;0;0;0;1
0.984;0;0;0;0;0;0;1
0.986;0;0;0;0;0;0;1
0.988;0;0;0;0;0;0;1
0.99;0;0;0;0;0;0;1
0.992;0;0;0;0;0;0;1
0.994;0;0;0;0;0;0;1
0.996;0;0;0;0;0;0;1
0.998;0;0;0;0;0;0;1
1;0;0;0;0;0;0;1
1.002;0;0;0;0;0;0;1
1.004;0;3.6329311891148e-08;0;1.64659131950437e-09;0;0;1
1.006;0;2.89963490827998e-07;0;2.63297113679685e-08;0;0;1
1.008;0;9.76364934431837e-07;0;1.33161388821443e-07;0;0;0.999999999999991
1.01;0;2.30899171489901e-06;0;4.20269011525632e-07;0;0;0.999999999999912
1.012;0;4.49930378434282e-06;0;1.02420880113412e-06;0;0;0.999999999999476
1.014;0;7.75676918013536e-06;0;2.11914959157315e-06;0;0;0.999999999997755
1.016;0;1.22888702302494e-05;0;3.91583179003248e-06;0;0;0.999999999992333
1.018;0;1.83011097586003e-05;0;6.66030774295849e-06;0;0;0.99999999997782
1.02;0;2.59970172903879e-05;0;1.0632471036098e-05;0;0;0.999999999943475
1.022;0;3.55781552574382e-05;0;1.61443835191957e-05;0;0;0.99999999986968
1.024;0;4.72441252035455e-05;0;2.3538410054964e-05;0;0;0.999999999722972
1.026;0;6.1192573989814e-05;0;3.31851721411497e-05;0;0;0.999999999449372
1.028;0;7.76192e-05;0;4.54813326370854e-05;0;0;0.999999998965724
1.03;0;9.67177593458535e-05;0;6.08472248355188e-05;0;0;0.999999998148808
1.032;0;0.00011868007207246;0;7.97243400507539e-05;0;0;0.999999996822015
1.034;0;0.000143696028363583;0;0.00010257268873963;0;0;0.999999994739422
1.036;0;0.000171953594747006;0;0.000129868050927549;0;0;0.999999991567145
1.038;0;0.000203638820299871;0;0.000162099132373141;0;0;0.999999986861935
1.04;0;0.000238935842854026;0;0.000199764643468269;0;0;0.999999980047043
1.042;0;0.000278026895201364;0;0.000243370318331525;0;0;0.999999970385444
1.044;0;0.000321092311299163;0;0.000293425891910491;0;0;0.999999956950622
1.046;0;0.000368310532475431;0;0.000350442053158606;0;0;0.999999938595182
1.048;0;0.000419858113634246;0;0.000414927392495106;0;0;0.999999913917626
1.05;0;0.000475909729461099;0;0.000487385361790263;0;0;0.999999881227747
1.052;0;0.000536638180628237;0;0.000568311265042966;0;0;0.99999983851114
1.054;0;0.0006022144;0;0.000658189297733897;0;0;0.999999783393401
1.056;0;0.000672807458838168;0;0.000757489652546457;0;0;0.999999713104672
1.058;0;0.000748584573007301;0;0.00086666570875073;0;0;0.999999624445204
1.06;0;0.000829711109180081;0;0.000986151322045786;0;0;0.999999513752667
1.062;0;0.000916350591042653;0;0.00111635823105529;0;0;0.999999376871956
1.064;0;0.00100866470549997;0;0.00125767359597444;0;0;0.99999920912825
1.066;0;0.00110681330888113;0;0.00141045768407691;0;0;0.999999005304066
1.068;0;0.00121095443314471;0;0.00157504171591321;0;0;0.999998759621027
1.07;0;0.00132124429208415;0;0.00175172588507236;0;0;0.999998465727035
1.072;0;0.00143783728753303;0;0.00194077756334228;0;0;0.999998116689451
1.074;0;0.00156088601557045;0;0.00214242970199721;0;0;0.999997704994853
1.076;0;0.00169054127272639;0;0.00235687943876943;0;0;0.999997222555798
1.078;0;0.00182695206218701;0;0.00258428691883469;0;0;0.999996660724985
1.08;0;0.0019702656;0;0.00282477433686246;0;0;0.999996010317014
1.082;0;0.00212062732127996;0;0.00307842520586261;0;0;0.9999952616379
1.084;0;0.00227818088641369;0;0.00334528388977286;0;0;0.999994404522194
1.086;0;0.00244306818726558;0;0.00362536105940798;0;0;0.999993428357001
1.088;0;0.00261542935338291;0;0.00391865690529139;0;0;0.999992322034554
1.09;0;0.00279540275820121;0;0.0042251713582422;0;0;0.999991073923659
1.092;0;0.0029831250252496;0;0.00454490433988565;0;0;0.999989671868936
1.094;0;0.00317873103435616;0;0.00487785576184973;0;0;0.999988103190816
1.096;0;0.0033823539278532;0;0.00522402552492711;0;0;0.99998635468556
1.098;0;0.0035941251167827;0;0.00558341351820245;0;0;0.999984412625259
1.1;0;0.00381417428710156;0;0.00595601961814511;0;0;0.999982262757849
1.102;0;0.004042629405887;0;0.00634184368766713;0;0;0.999979890307121
1.104;0;0.00427961672754186;0;0.00674088557514664;0;0;0.999977279972732
1.106;0;0.0045252608;0;0.00715314511341662;0;0;0.999974415930221
1.108;0;0.00477968447093158;0;0.00757862211871898;0;0;0.999971281831024
1.11;0;0.00504300889394844;0;0.00801731638962409;0;0;0.99996786080249
1.112;0;0.00531535353480944;0;0.00846922770591558;0;0;0.9999641354479
1.114;0;0.00559683617762576;0;0.0089343558274406;0;0;0.999960087846484
1.116;0;0.0058875729310663;0;0.0094127004929254;0;0;0.99995569955345
1.118;0;0.006187678234563;0;0.00990426141875626;0;0;0.999950951600002
1.12;0;0.00649726486451616;0;0.0104090382977259;0;0;0.999945824493365
1.122;0;0.00681644394049982;0;0.0109270307977451;0;0;0.999940298216821
1.124;0;0.00714532493146706;0;0.0114582385605199;0;0;0.99993435222973
1.126;0;0.00748401566195538;0;0.0120026612001942;0;0;0.99992796546757
1.128;0;0.00783262231829202;0;0.0125602983019574;0;0;0.999921116341967
1.13;0;0.00819124945479931;0;0.0131311494206176;0;0;0.999913782740739
1.132;0;0.00856;0;0.013715214079141;0;0;0.999905942027931
1.134;0;0.00893897526282262;0;0.0143124917671549;0;0;0.999897571043862
1.136;0;0.00932827493880682;0;0.0149229819394182;0;0;0.999888646105173
1.138;0;0.00972799711630868;0;0.0155466840142556;0;0;0.999879143004874
1.14;0;0.0101382382827061;0;0.0161835973719585;0;0;0.999869037012399
1.142;0;0.0105590933306041;0;0.0168337213531503;0;0;0.999858302873664
1.144;0;0.0109906555640403;0;0.0174970552571178;0;0;0.999846914811127
1.146;0;0.0114330167046898;0;0.0181735983401079;0;0;0.999834846523851
1.148;0;0.0118862668980713;0;0.0188633498135896;0;0;0.999822071187574
1.15;0;0.0123504947197518;0;0.0195663088424815;0;0;0.999808561454782
1.152;0;0.012825787181552;0;0.0202824745433451;0;0;0.999794289454785
1.154;0;0.0133122297377521;0;0.0210118459825429;0;0;0.999779226793799
1.156;0;0.0138099062912966;0;0.0217544221743626;0;0;0.99976334455503
1.158;0;0.0143188992;0;0.0225102020791066;0;0;0.999746613298769
1.16;0;0.0148392892827519;0;0.0232791846011468;0;0;0.999729003062483
1.162;0;0.0153711558257225;0;0.0240613685869453;0;0;0.999710483360919
1.164;0;0.0159145765885681;0;0.0248567528230405;0;0;0.999691023186212
1.166;0;0.0164696278106358;0;0.0256653360339981;0;0;0.999670591007989
1.168;0;0.0170363842171697;0;0.0264871168803291;0;0;0.999649154773497
1.17;0;0.0176149190255157;0;0.0273220939563716;0;0;0.999626681907721
1.172;0;0.0182053039513268;0;0.02817026578814;0;0;0.99960313931351
1.174;0;0.0188076092147689;0;0.0290316308311378;0;0;0.999578493371723
1.176;0;0.0194219035467256;0;0.0299061874681383;0;0;0.999552709941362
1.178;0;0.0200482541950039;0;0.0307939340069287;0;0;0.999525754359725
1.18;0;0.0206867269305395;0;0.0316948686780213;0;0;0.999497591442562
1.182;0;0.0213373860536019;0;0.0326089896323301;0;0;0.99946818548424
1.184;0;0.0220002944;0;0.0335362949388128;0;0;0.999437500257909
1.186;0;0.0226755133472875;0;0.0344767825820785;0;0;0.999405499015684
1.188;0;0.0233631028209678;0;0.0354304504599614;0;0;0.999372144488831
1.19;0;0.0240631213007;0;0.03639729638106;0;0;0.999337398887958
1.192;0;0.0247756258265036;0;0.0373773180622426;0;0;0.99930122390322
1.194;0;0.0255006720049643;0;0.0383705131261177;0;0;0.99926358070453
1.196;0;0.026238314015439;0;0.039376879098471;0;0;0.999224429941775
1.198;0;0.0269886046162616;0;0.0403964134056679;0;0;0.999183731745047
1.2;0;0.0277515951509476;0;0.0414291133720219;0;0;0.999141445724882
1.202;0;0.0285273355544004;0;0.0424749762171291;0;0;0.999097530972504
1.204;0;0.0293158743591158;0;0.0435339990531683;0;0;0.999051946060083
1.206;0;0.0301172587013878;0;0.0446061788821676;0;0;0.999004649041
1.208;0;0.0309315343275139;0;0.045691512593236;0;0;0.998955597450128
1.21;0;0.0317587456;0;0.0467899969597625;0;0;0.998904748304114
1.212;0;0.0325989355037666;0;0.0479016286365798;0;0;0.998852058101681
1.214;0;0.0334521456523533;0;0.0490264041570951;0;0;0.998797482823933
1.216;0;0.0343184162941246;0;0.0501643199303864;0;0;0.998740977934681
1.218;0;0.0351977863184752;0;0.0513153722382657;0;0;0.998682498380766
1.22;0;0.0360902932620351;0;0.0524795572323074;0;0;0.998621998592411
1.222;0;0.0369959733148753;0;0.0536568709308439;0;0;0.998559432483571
1.224;0;0.0379148613267129;0;0.0548473092159272;0;0;0.998494753452301
1.226;0;0.0388469908131163;0;0.0560508678302563;0;0;0.998427914381141
1.228;0;0.0397923939617111;0;0.057267542374072;0;0;0.998358867637501
1.23;0;0.0407511016383848;0;0.0584973283020171;0;0;0.998287565074075
1.232;0;0.0417231433934925;0;0.0597402209199638;0;0;0.998213958029256
1.234;0;0.0427085474680621;0;0.0609962153818076;0;0;0.998137997327572
1.236;0;0.0437073408;0;0.0622653066862269;0;0;0.998059633280131
1.238;0;0.0447195490302958;0;0.0635474896734107;0;0;0.997978815685087
1.24;0;0.045745196509228;0;0.0648427590217515;0;0;0.99789549382811
1.242;0;0.0467843063025697;0;0.0661511092445062;0;0;0.997809616482885
1.244;0;0.0478369001977931;0;0.0674725346864229;0;0;0.997721131911613
1.246;0;0.0489029987102757;0;0.0688070295199339;0;0;0.997629987865563
1.248;0;0.049982621089505;0;0.0701545851128389;0;0;0.997536131770497
1.25;0;0.0510757853252844;0;0.0715151697092396;0;0;0.997439512201847
1.252;0;0.0521825081539377;0;0.072888713111107;0;0;0.997340080163736
1.254;0;0.0533028050645156;0;0.0742751061140891;0;0;0.997237789402177
1.256;0;0.0544366903050001;0;0.075674201140006;0;0;0.997132596639896
1.258;0;0.0555841768885101;0;0.0770858130991843;0;0;0.997024461795616
1.26;0;0.0567452765995071;0;0.0785097204774393;0;0;0.996913348185565
1.262;0;0.05792;0;0.0799456666411593;0;0;0.996799222705004
1.264;0;0.0591083564357507;0;0.0813933613526275;0;0;0.996682055987626
1.266;0;0.0603103540424797;0;0.0828524824864472;0;0;0.996561822540796
1.268;0;0.0615259997520707;0;0.0843226779367224;0;0;0.996438500854709
1.27;0;0.062755299298777;0;0.085803567703489;0;0;0.996312073483681
1.272;0;0.0639982572254258;0;0.0872947461458149;0;0;0.99618252709799
1.274;0;0.0652548768896241;0;0.0887957843879731;0;0;0.996049852504846
1.276;0;0.0665251604699641;0;0.0903062328641752;0;0;0.995914044637328
1.278;0;0.0678091089722284;0;0.0918256239865101;0;0;0.995775102510345
1.28;0;0.0691067222355951;0;0.0933534749199947;0;0;0.995633029142948
1.282;0;0.0704179989388435;0;0.0948892904479992;0;0;0.99548783144661
1.284;0;0.0717429366065592;0;0.0964325659107624;0;0;0.995339520079388
1.286;0;0.0730815316153399;0;0.0979827901992828;0;0;0.995188109266164
1.288;0;0.0744337792;0;0.0995394487865373;0;0;0.995033616585526
1.29;0;0.0757996734597765;0;0.101102026777762;0;0;0.994876062724111
1.292;0;0.0771792073645342;0;0.102670011961422;0;0;0.9947154711996
1.294;0;0.078572372760971;0;0.104242897842506;0;0;0.994551868053847
1.296;0;0.0799791603788232;0;0.105820186639885;0;0;0.994385281517933
1.298;0;0.081399559837071;0;0.107401392229713;0;0;0.994215741651237
1.3;0;0.0828335596501437;0;0.108986043017189;0;0;0.994043279956892
1.302;0;0.084281147234125;0;0.110573684719414;0;0;0.993867928976266
1.304;0;0.0857423089129588;0;0.11216388304266;0;0;0.993689721865328
1.306;0;0.0872170299246535;0;0.113756226237986;0;0;0.993508691955985
1.308;0;0.0887052944274888;0;0.115350327519903;0;0;0.993324872305658
1.31;0;0.0902070855062196;0;0.116945827333603;0;0;0.993138295238513
1.312;0;0.0917223851782824;0;0.118542395457198;0;0;0.992948991881894
1.314;0;0.0932511744;0;0.120139732926438;0;0;0.992756991701577
1.316;0;0.0947934330727872;0;0.121737573770397;0;0;0.992562322039527
1.318;0;0.0963491400493562;0;0.123335686547837;0;0;0.992365007657855
1.32;0;0.0979182731399213;0;0.124933875675083;0;0;0.992165070292642
1.322;0;0.0995008091184051;0;0.12653198253757;0;0;0.991962528221259
1.324;0;0.101096723728643;0;0.128129886378475;0;0;0.991757395846706
1.326;0;0.10270599169059;0;0.129727504959215;0;0;0.991549683302383
1.328;0;0.104328586706524;0;0.131324794783881;0;0;0.991339396107595
1.33;0;0.105964481467253;0;0.132921735793954;0;0;0.991126536903095
1.332;0;0.107613647658318;0;0.134518284547113;0;0;0.990911111615216
1.334;0;0.109276055966202;0;0.136114358984267;0;0;0.990693131740753
1.336;0;0.110951676084533;0;0.137709838735513;0;0;0.990472614621646
1.338;0;0.112640476720287;0;0.139304565860414;0;0;0.990249583655778
1.34;0;0.1143424256;0;0.140898345813936;0;0;0.990024068468487
1.342;0;0.116057489475966;0;0.142490948632103;0;0;0.989796105042813
1.344;0;0.117785634132448;0;0.144082110330108;0;0;0.989565735806784
1.346;0;0.11952682439188;0;0.145671534504356;0;0;0.98933300967629
1.348;0;0.121281024121073;0;0.14725889412865;0;0;0.989097982052338
1.35;0;0.123048196237421;0;0.148843833533602;0;0;0.988860714771813
1.352;0;0.124828302715106;0;0.15042597055723;0;0;0.98862127601115
1.354;0;0.126621304591304;0;0.152004898853666;0;0;0.988379740142667
1.356;0;0.128427161972389;0;0.153580190345986;0;0;0.988136187543646
1.358;0;0.13024583404014;0;0.155151397808279;0;0;0.987890704358603
1.36;0;0.132077279057943;0;0.156718057561335;0;0;0.987643382215566
1.362;0;0.133921454377001;0;0.158279692265639;0;0;0.987394317897513
1.364;0;0.135778316442538;0;0.159835813794801;0;0;0.987143612970551
1.366;0;0.1376478208;0;0.161385926172079;0;0;0.986891373370738
1.368;0;0.139529922101267;0;0.162929528552301;0;0;0.986637708951835
1.37;0;0.141424574110853;0;0.16446611823122;0;0;0.986382732996657
1.372;0;0.143331729712114;0;0.165995193664224;0;0;0.986126561694987
1.374;0;0.145251340913454;0;0.167516257476256;0;0;0.985869313591385
1.376;0;0.147183358854528;0;0.169028819444913;0;0;0.985611109006518
1.378;0;0.149127733812449;0;0.170532399438841;0;0;0.985352069435911
1.38;0;0.151084415207991;0;0.172026530293872;0;0;0.985092316930272
1.382;0;0.1530533516118;0;0.173510760609727;0;0;0.984831973461785
1.384;0;0.155034490750591;0;0.174984657450616;0;0;0.984571160280907
1.386;0;0.157027779513361;0;0.176447808933667;0;0;0.984309997268395
1.388;0;0.15903316395759;0;0.177899826689814;0;0;0.984048602287374
1.39;0;0.161050589315448;0;0.179340348182553;0;0;0.983787090540306
1.392;0;0.16308;0;0.180769038870852;0;0;0.983525573935782
1.394;0;0.16512133961141;0;0.18218559420345;0;0;0.983264160469981
1.396;0;0.167174550943148;0;0.183589741432802;0;0;0.983002953627626
1.398;0;0.169239575988197;0;0.184981241238009;0;0;0.982742051807108
1.4;0;0.171316355945253;0;0.18635988914726;0;0;0.982481547774319
1.402;0;0.173404831224936;0;0.187725516751457;0;0;0.98222152814953
1.404;0;0.175504941455991;0;0.189077992702006;0;0;0.981962072931424
1.406;0;0.177616625491497;0;0.190417223487017;0;0;0.981703255062086
1.408;0;0.17973982141507;0;0.191743153981466;0;0;0.981445140036487
1.41;0;0.181874466547069;0;0.193055766821169;0;0;0.981187785745976
1.412;0;0.1840204974508;0;0.194355067275275;0;0;0.980931245207544
1.414;0;0.186177849938726;0;0.195641063237751;0;0;0.980675570397877
1.416;0;0.188346459078664;0;0.196913762636773;0;0;0.980420812755537
1.418;0;0.1905262592;0;0.1981731734309;0;0;0.98016702318142
1.42;0;0.192717183899887;0;0.199419303605686;0;0;0.979914252039138
1.422;0;0.194919166049454;0;0.200652161170332;0;0;0.979662549155409
1.424;0;0.19713213780001;0;0.201871754154364;0;0;0.979411963820455
1.426;0;0.19935603058925;0;0.203078090604352;0;0;0.979162544788397
1.428;0;0.201590775147459;0;0.204271178580669;0;0;0.978914340277669
1.43;0;0.20383630150372;0;0.205451026154275;0;0;0.978667397971423
1.432;0;0.206092538992117;0;0.206617641403552;0;0;0.978421765017946
1.434;0;0.20835941625794;0;0.207771032411158;0;0;0.978177488031084
1.436;0;0.210636861263892;0;0.208911207260932;0;0;0.977934613090661
1.438;0;0.212924801296296;0;0.210038174034824;0;0;0.977693185742908
1.44;0;0.215223162971294;0;0.211151940809868;0;0;0.977453251000899
1.442;0;0.21753187224106;0;0.212252515655184;0;0;0.977214853344977
1.444;0;0.2198508544;0;0.213339906629023;0;0;0.976978036723201
1.446;0;0.222180034090959;0;0.214414121775841;0;0;0.976742844551776
1.448;0;0.224519335311427;0;0.215475169123415;0;0;0.976509319715504
1.45;0;0.226868681419743;0;0.216523056679987;0;0;0.976277504568222
1.452;0;0.229227995141303;0;0.217557792431451;0;0;0.976047440933254
1.454;0;0.231597198574762;0;0.218579384338572;0;0;0.975819170103852
1.456;0;0.233976213198241;0;0.219587840334242;0;0;0.975592732843651
1.458;0;0.236364959875531;0;0.220583168320765;0;0;0.975368169387116
1.46;0;0.238763358862302;0;0.221565376167191;0;0;0.975145519439992
1.462;0;0.241171329812305;0;0.222534471706671;0;0;0.974924822179758
1.464;0;0.243588791783576;0;0.223490462733855;0;0;0.974706116256078
1.466;0;0.246015663244646;0;0.224433357002326;0;0;0.974489439791251
1.468;0;0.248451862080744;0;0.225363162222065;0;0;0.974274830380664
1.47;0;0.2508973056;0;0.226279886056955;0;0;0.974062325093241
1.472;0;0.253351910539655;0;0.22718353612232;0;0;0.973851960471898
1.474;0;0.255815593072262;0;0.228074119982492;0;0;0.973643772533986
1.476;0;0.258288268811894;0;0.228951645148427;0;0;0.973437796771745
1.478;0;0.260769852820348;0;0.229816119075343;0;0;0.973234068152748
1.48;0;0.263260259613353;0;0.2306675491604;0;0;0.973032621120348
1.482;0;0.265759403166771;0;0.231505942740413;0;0;0.97283348959412
1.484;0;0.268267196922806;0;0.232331307089602;0;0;0.972636706970304
1.486;0;0.270783553796205;0;0.233143649417372;0;0;0.972442306122245
1.488;0;0.273308386180471;0;0.233942976866134;0;0;0.972250319400828
1.49;0;0.27584160595406;0;0.234729296509159;0;0;0.972060778634914
1.492;0;0.278383124486591;0;0.235502615348461;0;0;0.971873715131773
1.494;0;0.280932852645052;0;0.236262940312728;0;0;0.971689159677509
1.496;0;0.2834907008;0;0.237010278255271;0;0;0.97150714253749
1.498;0;0.286056578831773;0;0.237744635952023;0;0;0.971327693456765
1.5;0;0.288630396136692;0;0.238466020099561;0;0;0.971150841660489
1.502;0;0.291212061633265;0;0.239174437313173;0;0;0.97097661585433
1.504;0;0.293801483768396;0;0.239869894124951;0;0;0.970805044224887
1.506;0;0.296398570523588;0;0.240552396981921;0;0;0.970636154440093
1.508;0;0.299003229421146;0;0.241221952244214;0;0;0.970469973649618
1.51;0;0.301615367530389;0;0.24187856618326;0;0;0.970306528485267
1.512;0;0.30423489147385;0;0.242522244980027;0;0;0.970145845061374
1.514;0;0.30686170743348;0;0.243152994723288;0;0;0.969987948975191
1.516;0;0.309495721156861;0;0.243770821407923;0;0;0.969832865307269
1.518;0;0.312136837963402;0;0.244375730933264;0;0;0.969680618621839
1.52;0;0.314784962750552;0;0.244967729101458;0;0;0.969531232967187
1.522;0;0.31744;0;0.24554682161588;0;0;0.969384731876018
1.524;0;0.320101853783883;0;0.246113014079572;0;0;0.969241138365819
1.526;0;0.322770427770991;0;0.246666311993719;0;0;0.969100474939218
1.528;0;0.325445625232971;0;0.247206720756157;0;0;0.968962763584333
1.53;0;0.328127349050536;0;0.247734245659919;0;0;0.968828025775117
1.532;0;0.330815501719666;0;0.248248891891809;0;0;0.968696282471699
1.534;0;0.333509985357815;0;0.24875066453102;0;0;0.968567554120711
1.536;0;0.336210701710117;0;0.249239568547774;0;0;0.96844186065562
1.538;0;0.33891755215559;0;0.249715608802007;0;0;0.968319221497045
1.54;0;0.341630437713345;0;0.250178790042079;0;0;0.968199655553069
1.542;0;0.344349259048784;0;0.250629116903526;0;0;0.968083181219547
1.544;0;0.347073916479813;0;0.251066593907842;0;0;0.967969816380405
1.546;0;0.349804309983044;0;0.251491225461293;0;0;0.967859578407931
1.548;0;0.3525403392;0;0.251903015853768;0;0;0.967752484163061
1.55;0;0.35528190344332;0;0.252301969257665;0;0;0.967648549995661
1.552;0;0.358028901702968;0;0.252688089726806;0;0;0.967547791744789
1.554;0;0.360781232652431;0;0.253061381195394;0;0;0.967450224738968
1.556;0;0.363538794654934;0;0.253421847476991;0;0;0.967355863796436
1.558;0;0.366301485769636;0;0.253769492263547;0;0;0.967264723225396
1.56;0;0.369069203757843;0;0.254104319124444;0;0;0.967176816824257
1.562;0;0.371841846089207;0;0.254426331505592;0;0;0.967092157881867
1.564;0;0.374619309947937;0;0.254735532728543;0;0;0.967010759177738
1.566;0;0.377401492238998;0;0.255031925989649;0;0;0.966932632982262
1.568;0;0.380188289594325;0;0.25531551435925;0;0;0.966857791056922
1.57;0;0.382979598379018;0;0.255586300780898;0;0;0.966786244654493
1.572;0;0.385775314697557;0;0.255844288313525;0;0;0.966718004454942
1.574;0;0.3885753344;0;0.256089490011166;0;0;0.96665307794773
1.576;0;0.391379553088193;0;0.256321951357107;0;0;0.966591463469694
1.578;0;0.394187866121973;0;0.256541755527708;0;0;0.966533148769747
1.58;0;0.397000168625373;0;0.256749022931312;0;0;0.966478111093995
1.582;0;0.399816355492832;0;0.256943910494368;0;0;0.966426317346471
1.584;0;0.402636321395392;0;0.257126610730486;0;0;0.966377724316042
1.586;0;0.405459960786911;0;0.257297350597936;0;0;0.966332278967893
1.588;0;0.408287167910264;0;0.257456390152331;0;0;0.966289918797527
1.59;0;0.411117836803551;0;0.257604021002456;0;0;0.966250572244781
1.592;0;0.4139518613063;0;0.257740564578349;0;0;0.966214159164951
1.594;0;0.416789135065674;0;0.257866370221857;0;0;0.96618059135371
1.596;0;0.419629551542675;0;0.257981813110946;0;0;0.966149773122154
1.598;0;0.422473004018351;0;0.258087292030005;0;0;0.966121601918009
1.6;0;0.4253193856;0;0.258183226999339;0;0;0.966095968988696
1.602;0;0.428168589227376;0;0.258270056777852;0;0;0.966072760081747
1.604;0;0.431020507678893;0;0.258348236253691;0;0;0.966051856177818
1.606;0;0.433875033577833;0;0.258418233738317;0;0;0.966033134251392
1.608;0;0.436732059398549;0;0.258480528180021;0;0;0.966016468054131
1.61;0;0.439591477472672;0;0.258535606313424;0;0;0.966001728915715
1.612;0;0.442453179995314;0;0.258583959761881;0;0;0.965988786557
1.614;0;0.445317059031275;0;0.25862608211001;0;0;0.96597750991026
1.616;0;0.44818300652125;0;0.258662465963761;0;0;0.965967767941325
1.618;0;0.45105091428803;0;0.258693600015536;0;0;0.965959430468486
1.62;0;0.453920674042712;0;0.258719966131857;0;0;0.965952368973093
1.622;0;0.456792177390901;0;0.258742036480959;0;0;0.965946457396934
1.624;0;0.459665315838917;0;0.25876027071747;0;0;0.965941572921583
1.626;0;0.4625399808;0;0.258775113241022;0;0;0.965937596725118
1.628;0;0.465416063600514;0;0.258786990545187;0;0;0.965934414711768
1.63;0;0.468293455486155;0;0.258796308672639;0;0;0.965931918210293
1.632;0;0.471172047628154;0;0.258803450791801;0;0;0.965930004637115
1.634;0;0.474051731129483;0;0.25880877490952;0;0;0.96592857812047
1.636;0;0.476932397031063;0;0.25881261173352;0;0;0.965927550082134
1.638;0;0.479813936317963;0;0.258815262697479;0;0;0.965926839773507
1.64;0;0.482696239925613;0;0.258816998160619;0;0;0.965926374763173
1.642;0;0.485579198746004;0;0.258818055792652;0;0;0.965926091373306
1.644;0;0.488462703633893;0;0.258818639153806;0;0;0.965925935062607
1.646;0;0.491346645413014;0;0.258818916478494;0;0;0.965925860753763
1.648;0;0.494230914882278;0;0.258819019669972;0;0;0.965925833103699
1.65;0;0.497115402821978;0;0.258819043512036;0;0;0.965925826715237
1.652;0;0.5;0;0.258819045102521;0;0;0.965925826289068
1.654;0;0.502884597178022;0;0.258819043512036;0;0;0.965925826715237
1.656;0;0.505769085117722;0;0.258819019669972;0;0;0.965925833103699
1.658;0;0.508653354586986;0;0.258818916478494;0;0;0.965925860753763
1.66;0;0.511537296366107;0;0.258818639153806;0;0;0.965925935062607
1.662;0;0.514420801253996;0;0.258818055792652;0;0;0.965926091373306
1.664;0;0.517303760074386;0;0.258816998160619;0;0;0.965926374763173
1.666;0;0.520186063682036;0;0.258815262697479;0;0;0.965926839773507
1.668;0;0.523067602968937;0;0.25881261173352;0;0;0.965927550082134
1.67;0;0.525948268870517;0;0.25880877490952;0;0;0.96592857812047
1.672;0;0.528827952371846;0;0.258803450791801;0;0;0.965930004637115
1.674;0;0.531706544513845;0;0.258796308672639;0;0;0.965931918210293
1.676;0;0.534583936399486;0;0.258786990545187;0;0;0.965934414711768
1.678;0;0.5374600192;0;0.258775113241022;0;0;0.965937596725118
1.68;0;0.540334684161082;0;0.25876027071747;0;0;0.965941572921583
1.682;0;0.543207822609098;0;0.258742036480959;0;0;0.965946457396934
1.684;0;0.546079325957288;0;0.258719966131857;0;0;0.965952368973093
1.686;0;0.548949085711969;0;0.258693600015536;0;0;0.965959430468486
1.688;0;0.55181699347875;0;0.258662465963761;0;0;0.965967767941325
1.69;0;0.554682940968725;0;0.25862608211001;0;0;0.96597750991026
1.692;0;0.557546820004686;0;0.258583959761881;0;0;0.965988786557
1.694;0;0.560408522527328;0;0.258535606313424;0;0;0.966001728915715
1.696;0;0.563267940601451;0;0.258480528180021;0;0;0.966016468054131
1.698;0;0.566124966422167;0;0.258418233738317;0;0;0.966033134251392
1.7;0;0.568979492321107;0;0.258348236253691;0;0;0.966051856177818
1.702;0;0.571831410772624;0;0.258270056777852;0;0;0.966072760081747
1.704;0;0.5746806144;0;0.258183226999339;0;0;0.966095968988696
1.706;0;0.577526995981649;0;0.258087292030005;0;0;0.966121601918009
1.708;0;0.580370448457325;0;0.257981813110946;0;0;0.966149773122154
1.71;0;0.583210864934326;0;0.257866370221857;0;0;0.96618059135371
1.712;0;0.5860481386937;0;0.257740564578349;0;0;0.966214159164951
1.714;0;0.588882163196449;0;0.257604021002456;0;0;0.966250572244781
1.716;0;0.591712832089736;0;0.257456390152331;0;0;0.966289918797527
1.718;0;0.594540039213089;0;0.257297350597936;0;0;0.966332278967893
1.72;0;0.597363678604608;0;0.257126610730486;0;0;0.966377724316042
1.722;0;0.600183644507168;0;0.256943910494368;0;0;0.966426317346471
1.724;0;0.602999831374626;0;0.256749022931312;0;0;0.966478111093995
1.726;0;0.605812133878027;0;0.256541755527708;0;0;0.966533148769747
1.728;0;0.608620446911807;0;0.256321951357107;0;0;0.966591463469694
1.73;0;0.6114246656;0;0.256089490011166;0;0;0.96665307794773
1.732;0;0.614224685302443;0;0.255844288313525;0;0;0.966718004454942
1.734;0;0.617020401620981;0;0.255586300780898;0;0;0.966786244654493
1.736;0;0.619811710405675;0;0.25531551435925;0;0;0.966857791056923
1.738;0;0.622598507761002;0;0.255031925989649;0;0;0.966932632982262
1.74;0;0.625380690052063;0;0.254735532728543;0;0;0.967010759177738
1.742;0;0.628158153910793;0;0.254426331505592;0;0;0.967092157881867
1.744;0;0.630930796242157;0;0.254104319124444;0;0;0.967176816824257
1.746;0;0.633698514230364;0;0.253769492263547;0;0;0.967264723225396
1.748;0;0.636461205345066;0;0.253421847476991;0;0;0.967355863796436
1.75;0;0.639218767347568;0;0.253061381195394;0;0;0.967450224738968
1.752;0;0.641971098297032;0;0.252688089726806;0;0;0.967547791744789
1.754;0;0.64471809655668;0;0.252301969257665;0;0;0.967648549995661
1.756;0;0.6474596608;0;0.251903015853768;0;0;0.967752484163061
1.758;0;0.650195690016956;0;0.251491225461293;0;0;0.967859578407931
1.76;0;0.652926083520187;0;0.251066593907842;0;0;0.967969816380405
1.762;0;0.655650740951216;0;0.250629116903526;0;0;0.968083181219547
1.764;0;0.658369562286655;0;0.250178790042079;0;0;0.968199655553069
1.766;0;0.66108244784441;0;0.249715608802007;0;0;0.968319221497045
1.768;0;0.663789298289883;0;0.249239568547774;0;0;0.96844186065562
1.77;0;0.666490014642185;0;0.24875066453102;0;0;0.968567554120711
1.772;0;0.669184498280333;0;0.248248891891809;0;0;0.968696282471698
1.774;0;0.671872650949463;0;0.247734245659919;0;0;0.968828025775117
1.776;0;0.674554374767029;0;0.247206720756157;0;0;0.968962763584333
1.778;0;0.67722957222901;0;0.246666311993719;0;0;0.969100474939218
1.78;0;0.679898146216117;0;0.246113014079572;0;0;0.969241138365819
1.782;0;0.68256;0;0.24554682161588;0;0;0.969384731876018
1.784;0;0.685215037249447;0;0.244967729101458;0;0;0.969531232967187
1.786;0;0.687863162036598;0;0.244375730933264;0;0;0.969680618621839
1.788;0;0.690504278843139;0;0.243770821407923;0;0;0.969832865307269
1.79;0;0.693138292566519;0;0.243152994723287;0;0;0.96998794897519
1.792;0;0.69576510852615;0;0.242522244980027;0;0;0.970145845061374
1.794;0;0.698384632469611;0;0.24187856618326;0;0;0.970306528485267
1.796;0;0.700996770578854;0;0.241221952244214;0;0;0.970469973649618
1.798;0;0.703601429476412;0;0.240552396981921;0;0;0.970636154440093
1.8;0;0.706198516231604;0;0.239869894124951;0;0;0.970805044224887
1.802;0;0.708787938366735;0;0.239174437313173;0;0;0.97097661585433
1.804;0;0.711369603863309;0;0.238466020099561;0;0;0.971150841660489
1.806;0;0.713943421168227;0;0.237744635952023;0;0;0.971327693456765
1.808;0;0.7165092992;0;0.237010278255271;0;0;0.97150714253749
1.81;0;0.719067147354948;0;0.236262940312728;0;0;0.971689159677509
1.812;0;0.721616875513408;0;0.235502615348462;0;0;0.971873715131773
1.814;0;0.72415839404594;0;0.234729296509159;0;0;0.972060778634914
1.816;0;0.726691613819529;0;0.233942976866134;0;0;0.972250319400828
1.818;0;0.729216446203794;0;0.233143649417372;0;0;0.972442306122245
1.82;0;0.731732803077195;0;0.232331307089602;0;0;0.972636706970304
1.822;0;0.734240596833228;0;0.231505942740413;0;0;0.97283348959412
1.824;0;0.736739740386647;0;0.2306675491604;0;0;0.973032621120348
1.826;0;0.739230147179652;0;0.229816119075343;0;0;0.973234068152748
1.828;0;0.741711731188106;0;0.228951645148427;0;0;0.973437796771745
1.83;0;0.744184406927739;0;0.228074119982492;0;0;0.973643772533986
1.832;0;0.746648089460345;0;0.22718353612232;0;0;0.973851960471898
1.834;0;0.7491026944;0;0.226279886056956;0;0;0.974062325093241
1.836;0;0.751548137919256;0;0.225363162222065;0;0;0.974274830380664
1.838;0;0.753984336755354;0;0.224433357002325;0;0;0.974489439791251
1.84;0;0.756411208216424;0;0.223490462733855;0;0;0.974706116256078
1.842;0;0.758828670187695;0;0.222534471706671;0;0;0.974924822179758
1.844;0;0.761236641137697;0;0.221565376167191;0;0;0.975145519439992
1.846;0;0.763635040124468;0;0.220583168320765;0;0;0.975368169387116
1.848;0;0.766023786801759;0;0.219587840334242;0;0;0.975592732843651
1.85;0;0.768402801425238;0;0.218579384338572;0;0;0.975819170103852
1.852;0;0.770772004858697;0;0.217557792431451;0;0;0.976047440933254
1.854;0;0.773131318580256;0;0.216523056679987;0;0;0.976277504568222
1.856;0;0.775480664688573;0;0.215475169123415;0;0;0.976509319715504
1.858;0;0.777819965909041;0;0.214414121775841;0;0;0.976742844551776
1.86;0;0.7801491456;0;0.213339906629023;0;0;0.976978036723201
1.862;0;0.782468127758939;0;0.212252515655184;0;0;0.977214853344977
1.864;0;0.784776837028706;0;0.211151940809868;0;0;0.977453251000899
1.866;0;0.787075198703704;0;0.210038174034824;0;0;0.977693185742908
1.868;0;0.789363138736108;0;0.208911207260932;0;0;0.977934613090661
1.87;0;0.79164058374206;0;0.207771032411158;0;0;0.978177488031084
1.872;0;0.793907461007883;0;0.206617641403552;0;0;0.978421765017946
1.874;0;0.796163698496279;0;0.205451026154275;0;0;0.978667397971423
1.876;0;0.79840922485254;0;0.204271178580669;0;0;0.978914340277669
1.878;0;0.800643969410749;0;0.203078090604352;0;0;0.979162544788397
1.88;0;0.80286786219999;0;0.201871754154364;0;0;0.979411963820455
1.882;0;0.805080833950546;0;0.200652161170332;0;0;0.979662549155409
1.884;0;0.807282816100113;0;0.199419303605686;0;0;0.979914252039138
1.886;0;0.809473740799999;0;0.1981731734309;0;0;0.98016702318142
1.888;0;0.811653540921336;0;0.196913762636773;0;0;0.980420812755537
1.89;0;0.813822150061275;0;0.195641063237751;0;0;0.980675570397877
1.892;0;0.815979502549199;0;0.194355067275275;0;0;0.980931245207544
1.894;0;0.818125533452931;0;0.193055766821169;0;0;0.981187785745976
1.896;0;0.82026017858493;0;0.191743153981466;0;0;0.981445140036487
1.898;0;0.822383374508503;0;0.190417223487017;0;0;0.981703255062086
1.9;0;0.824495058544009;0;0.189077992702006;0;0;0.981962072931424
1.902;0;0.826595168775063;0;0.187725516751457;0;0;0.98222152814953
1.904;0;0.828683644054746;0;0.18635988914726;0;0;0.982481547774319
1.906;0;0.830760424011804;0;0.184981241238009;0;0;0.982742051807108
1.908;0;0.832825449056851;0;0.183589741432802;0;0;0.983002953627626
1.91;0;0.83487866038859;0;0.18218559420345;0;0;0.983264160469981
1.912;0;0.836919999999999;0;0.180769038870852;0;0;0.983525573935782
1.914;0;0.838949410684551;0;0.179340348182553;0;0;0.983787090540306
1.916;0;0.840966836042409;0;0.177899826689814;0;0;0.984048602287374
1.918;0;0.842972220486638;0;0.176447808933668;0;0;0.984309997268395
1.92;0;0.844965509249409;0;0.174984657450616;0;0;0.984571160280907
1.922;0;0.8469466483882;0;0.173510760609727;0;0;0.984831973461785
1.924;0;0.848915584792008;0;0.172026530293872;0;0;0.985092316930272
1.926;0;0.850872266187551;0;0.170532399438841;0;0;0.985352069435911
1.928;0;0.852816641145471;0;0.169028819444913;0;0;0.985611109006518
1.93;0;0.854748659086546;0;0.167516257476256;0;0;0.985869313591385
1.932;0;0.856668270287886;0;0.165995193664224;0;0;0.986126561694987
1.934;0;0.858575425889147;0;0.16446611823122;0;0;0.986382732996657
1.936;0;0.860470077898734;0;0.162929528552301;0;0;0.986637708951835
1.938;0;0.8623521792;0;0.161385926172079;0;0;0.986891373370738
1.94;0;0.864221683557462;0;0.159835813794801;0;0;0.987143612970551
1.942;0;0.866078545622998;0;0.158279692265639;0;0;0.987394317897513
1.944;0;0.867922720942056;0;0.156718057561335;0;0;0.987643382215566
1.946;0;0.86975416595986;0;0.155151397808279;0;0;0.987890704358603
1.948;0;0.87157283802761;0;0.153580190345986;0;0;0.988136187543646
1.95;0;0.873378695408696;0;0.152004898853666;0;0;0.988379740142667
1.952;0;0.875171697284893;0;0.15042597055723;0;0;0.98862127601115
1.954;0;0.876951803762579;0;0.148843833533602;0;0;0.988860714771813
1.956;0;0.878718975878927;0;0.14725889412865;0;0;0.989097982052338
1.958;0;0.880473175608119;0;0.145671534504356;0;0;0.98933300967629
1.96;0;0.882214365867551;0;0.144082110330108;0;0;0.989565735806784
1.962;0;0.883942510524033;0;0.142490948632103;0;0;0.989796105042813
1.964;0;0.8856575744;0;0.140898345813936;0;0;0.990024068468488
1.966;0;0.887359523279714;0;0.139304565860414;0;0;0.990249583655778
1.968;0;0.889048323915467;0;0.137709838735513;0;0;0.990472614621646
1.97;0;0.890723944033798;0;0.136114358984267;0;0;0.990693131740753
1.972;0;0.892386352341682;0;0.134518284547113;0;0;0.990911111615216
1.974;0;0.894035518532747;0;0.132921735793954;0;0;0.991126536903095
1.976;0;0.895671413293476;0;0.131324794783881;0;0;0.991339396107595
1.978;0;0.897294008309409;0;0.129727504959215;0;0;0.991549683302383
1.98;0;0.898903276271356;0;0.128129886378475;0;0;0.991757395846706
1.982;0;0.900499190881594;0;0.12653198253757;0;0;0.991962528221259
1.984;0;0.902081726860078;0;0.124933875675083;0;0;0.992165070292642
1.986;0;0.903650859950644;0;0.123335686547837;0;0;0.992365007657855
1.988;0;0.905206566927212;0;0.121737573770397;0;0;0.992562322039527
1.99;0;0.9067488256;0;0.120139732926438;0;0;0.992756991701577
1.992;0;0.908277614821718;0;0.118542395457198;0;0;0.992948991881894
1.994;0;0.909792914493781;0;0.116945827333603;0;0;0.993138295238513
1.996;0;0.91129470557251;0;0.115350327519903;0;0;0.993324872305658
1.998;0;0.912782970075346;0;0.113756226237986;0;0;0.993508691955985
2;0;0.91425769108704;0;0.11216388304266;0;0;0.993689721865328
2.002;0;0.915718852765875;0;0.110573684719414;0;0;0.993867928976266
2.004;0;0.917166440349855;0;0.108986043017189;0;0;0.994043279956892
2.006;0;0.918600440162928;0;0.107401392229713;0;0;0.994215741651237
2.008;0;0.920020839621177;0;0.105820186639885;0;0;0.994385281517933
2.01;0;0.921427627239029;0;0.104242897842506;0;0;0.994551868053847
2.012;0;0.922820792635466;0;0.102670011961422;0;0;0.9947154711996
2.014;0;0.924200326540223;0;0.101102026777762;0;0;0.994876062724111
2.016;0;0.9255662208;0;0.0995394487865373;0;0;0.995033616585526
2.018;0;0.92691846838466;0;0.0979827901992828;0;0;0.995188109266164
2.02;0;0.928257063393441;0;0.0964325659107623;0;0;0.995339520079388
2.022;0;0.929582001061157;0;0.0948892904479993;0;0;0.99548783144661
2.024;0;0.930893277764404;0;0.0933534749199948;0;0;0.995633029142948
2.026;0;0.932190891027771;0;0.0918256239865101;0;0;0.995775102510345
2.028;0;0.933474839530035;0;0.0903062328641753;0;0;0.995914044637328
2.03;0;0.934745123110374;0;0.0887957843879731;0;0;0.996049852504845
2.032;0;0.936001742774573;0;0.0872947461458148;0;0;0.99618252709799
2.034;0;0.937244700701222;0;0.085803567703489;0;0;0.996312073483681
2.036;0;0.938474000247929;0;0.0843226779367224;0;0;0.996438500854709
2.038;0;0.93968964595752;0;0.0828524824864472;0;0;0.996561822540796
2.04;0;0.94089164356425;0;0.0813933613526274;0;0;0.996682055987626
2.042;0;0.942079999999999;0;0.0799456666411593;0;0;0.996799222705004
2.044;0;0.943254723400493;0;0.0785097204774393;0;0;0.996913348185565
2.046;0;0.94441582311149;0;0.0770858130991843;0;0;0.997024461795616
2.048;0;0.945563309695;0;0.0756742011400059;0;0;0.997132596639896
2.05;0;0.946697194935484;0;0.0742751061140891;0;0;0.997237789402177
2.052;0;0.947817491846061;0;0.072888713111107;0;0;0.997340080163736
2.054;0;0.948924214674716;0;0.0715151697092395;0;0;0.997439512201847
2.056;0;0.950017378910495;0;0.0701545851128389;0;0;0.997536131770497
2.058;0;0.951097001289723;0;0.0688070295199338;0;0;0.997629987865563
2.06;0;0.952163099802207;0;0.0674725346864229;0;0;0.997721131911613
2.062;0;0.953215693697429;0;0.0661511092445062;0;0;0.997809616482885
2.064;0;0.954254803490772;0;0.0648427590217515;0;0;0.99789549382811
2.066;0;0.955280450969703;0;0.0635474896734107;0;0;0.997978815685087
2.068;0;0.9562926592;0;0.0622653066862269;0;0;0.998059633280131
2.07;0;0.957291452531937;0;0.0609962153818075;0;0;0.998137997327572
2.072;0;0.958276856606508;0;0.0597402209199638;0;0;0.998213958029256
2.074;0;0.959248898361614;0;0.058497328302017;0;0;0.998287565074075
2.076;0;0.960207606038288;0;0.057267542374072;0;0;0.998358867637501
2.078;0;0.961153009186884;0;0.0560508678302563;0;0;0.998427914381141
2.08;0;0.962085138673287;0;0.0548473092159271;0;0;0.998494753452301
2.082;0;0.963004026685125;0;0.0536568709308439;0;0;0.998559432483571
2.084;0;0.963909706737964;0;0.0524795572323074;0;0;0.998621998592411
2.086;0;0.964802213681525;0;0.0513153722382657;0;0;0.998682498380766
2.088;0;0.965681583705875;0;0.0501643199303865;0;0;0.998740977934681
2.09;0;0.966547854347647;0;0.0490264041570951;0;0;0.998797482823933
2.092;0;0.967401064496232;0;0.0479016286365798;0;0;0.998852058101681
2.094;0;0.9682412544;0;0.0467899969597625;0;0;0.998904748304114
2.096;0;0.969068465672486;0;0.045691512593236;0;0;0.998955597450128
2.098;0;0.969882741298612;0;0.0446061788821676;0;0;0.999004649041
2.1;0;0.970684125640883;0;0.0435339990531684;0;0;0.999051946060083
2.102;0;0.971472664445598;0;0.042474976217129;0;0;0.999097530972504
2.104;0;0.972248404849052;0;0.0414291133720218;0;0;0.999141445724883
2.106;0;0.973011395383737;0;0.0403964134056679;0;0;0.999183731745047
2.108;0;0.973761685984559;0;0.039376879098471;0;0;0.999224429941775
2.11;0;0.974499327995034;0;0.0383705131261178;0;0;0.99926358070453
2.112;0;0.975224374173496;0;0.0373773180622426;0;0;0.99930122390322
2.114;0;0.975936878699301;0;0.0363972963810599;0;0;0.999337398887958
2.116;0;0.976636897179033;0;0.0354304504599613;0;0;0.999372144488831
2.118;0;0.977324486652711;0;0.0344767825820785;0;0;0.999405499015684
2.12;0;0.9779997056;0;0.0335362949388129;0;0;0.999437500257909
2.122;0;0.978662613946398;0;0.03260898963233;0;0;0.99946818548424
2.124;0;0.97931327306946;0;0.0316948686780212;0;0;0.999497591442562
2.126;0;0.979951745804996;0;0.0307939340069286;0;0;0.999525754359725
2.128;0;0.980578096453273;0;0.0299061874681383;0;0;0.999552709941362
2.13;0;0.98119239078523;0;0.0290316308311379;0;0;0.999578493371723
2.132;0;0.981794696048673;0;0.0281702657881399;0;0;0.999603139313511
2.134;0;0.982385080974483;0;0.0273220939563716;0;0;0.999626681907721
2.136;0;0.98296361578283;0;0.026487116880329;0;0;0.999649154773497
2.138;0;0.983530372189365;0;0.0256653360339981;0;0;0.999670591007989
2.14;0;0.984085423411432;0;0.0248567528230406;0;0;0.999691023186211
2.142;0;0.984628844174277;0;0.0240613685869455;0;0;0.999710483360919
2.144;0;0.985160710717247;0;0.0232791846011467;0;0;0.999729003062483
2.146;0;0.985681100799998;0;0.0225102020791065;0;0;0.999746613298769
2.148;0;0.986190093708704;0;0.0217544221743626;0;0;0.99976334455503
2.15;0;0.986687770262247;0;0.0210118459825429;0;0;0.999779226793799
2.152;0;0.987174212818449;0;0.0202824745433452;0;0;0.999794289454785
2.154;0;0.987649505280247;0;0.0195663088424815;0;0;0.999808561454782
2.156;0;0.988113733101928;0;0.0188633498135895;0;0;0.999822071187574
2.158;0;0.988566983295309;0;0.0181735983401079;0;0;0.999834846523851
2.16;0;0.989009344435959;0;0.0174970552571179;0;0;0.999846914811127
2.162;0;0.989440906669395;0;0.0168337213531504;0;0;0.999858302873664
2.164;0;0.989861761717293;0;0.0161835973719584;0;0;0.999869037012399
2.166;0;0.990272002883692;0;0.0155466840142556;0;0;0.999879143004874
2.168;0;0.990671725061192;0;0.0149229819394182;0;0;0.999888646105173
2.17;0;0.991061024737177;0;0.0143124917671549;0;0;0.999897571043862
2.172;0;0.991439999999999;0;0.013715214079141;0;0;0.999905942027931
2.174;0;0.991808750545199;0;0.0131311494206175;0;0;0.999913782740739
2.176;0;0.992167377681708;0;0.0125602983019573;0;0;0.999921116341967
2.178;0;0.992515984338044;0;0.0120026612001942;0;0;0.99992796546757
2.18;0;0.992854675068534;0;0.0114582385605199;0;0;0.99993435222973
2.182;0;0.993183556059501;0;0.0109270307977452;0;0;0.999940298216821
2.184;0;0.993502735135484;0;0.0104090382977258;0;0;0.999945824493365
2.186;0;0.993812321765436;0;0.00990426141875619;0;0;0.999950951600002
2.188;0;0.994112427068933;0;0.00941270049292537;0;0;0.99995569955345
2.19;0;0.994403163822373;0;0.00893435582744061;0;0;0.999960087846484
2.192;0;0.994684646465188;0;0.00846922770591561;0;0;0.9999641354479
2.194;0;0.994956991106051;0;0.00801731638962402;0;0;0.99996786080249
2.196;0;0.995220315529068;0;0.00757862211871893;0;0;0.999971281831024
2.198;0;0.995474739199998;0;0.00715314511341658;0;0;0.999974415930221
2.2;0;0.995720383272456;0;0.00674088557514667;0;0;0.999977279972732
2.202;0;0.995957370594112;0;0.00634184368766716;0;0;0.999979890307121
2.204;0;0.996185825712898;0;0.00595601961814503;0;0;0.999982262757849
2.206;0;0.996405874883216;0;0.00558341351820236;0;0;0.999984412625259
2.208;0;0.996617646072147;0;0.00522402552492706;0;0;0.99998635468556
2.21;0;0.996821268965642;0;0.00487785576184984;0;0;0.999988103190816
2.212;0;0.997016874974749;0;0.00454490433988563;0;0;0.999989671868935
2.214;0;0.997204597241797;0;0.00422517135824221;0;0;0.999991073923659
2.216;0;0.997384570646616;0;0.00391865690529131;0;0;0.999992322034554
2.218;0;0.997556931812732;0;0.00362536105940792;0;0;0.999993428357001
2.22;0;0.997721819113587;0;0.00334528388977293;0;0;0.999994404522194
2.222;0;0.997879372678719;0;0.00307842520586261;0;0;0.9999952616379
2.224;0;0.9980297344;0;0.00282477433686241;0;0;0.999996010317014
2.226;0;0.998173047937813;0;0.00258428691883463;0;0;0.999996660724985
2.228;0;0.998309458727273;0;0.00235687943876942;0;0;0.999997222555798
2.23;0;0.998439113984428;0;0.00214242970199719;0;0;0.999997704994852
2.232;0;0.998562162712466;0;0.00194077756334225;0;0;0.999998116689451
2.234;0;0.998678755707913;0;0.00175172588507238;0;0;0.999998465727035
2.236;0;0.998789045566853;0;0.00157504171591321;0;0;0.999998759621027
2.238;0;0.998893186691119;0;0.00141045768407682;0;0;0.999999005304066
2.24;0;0.998991335294498;0;0.0012576735959744;0;0;0.99999920912825
2.242;0;0.999083649408955;0;0.00111635823105524;0;0;0.999999376871956
2.244;0;0.999170288890819;0;0.000986151322045731;0;0;0.999999513752667
2.246;0;0.999251415426992;0;0.000866665708750646;0;0;0.999999624445204
2.248;0;0.999327192541163;0;0.000757489652546426;0;0;0.999999713104672
2.25;0;0.999397785599999;0;0.000658189297733913;0;0;0.999999783393401
2.252;0;0.99946336181937;0;0.000568311265042967;0;0;0.99999983851114
2.254;0;0.999524090270539;0;0.000487385361790216;0;0;0.999999881227747
2.256;0;0.999580141886365;0;0.000414927392495043;0;0;0.999999913917626
2.258;0;0.999631689467526;0;0.00035044205315858;0;0;0.999999938595182
2.26;0;0.9996789076887;0;0.000293425891910424;0;0;0.999999956950622
2.262;0;0.999721973104799;0;0.00024337031833147;0;0;0.999999970385444
2.264;0;0.999761064157147;0;0.000199764643468242;0;0;0.999999980047043
2.266;0;0.999796361179701;0;0.000162099132373126;0;0;0.999999986861936
2.268;0;0.99982804640525;0;0.000129868050927506;0;0;0.999999991567145
2.27;0;0.999856303971633;0;0.000102572688739636;0;0;0.999999994739422
2.272;0;0.999881319927926;0;7.97243400506913e-05;0;0;0.999999996822015
2.274;0;0.999903282240652;0;6.08472248354375e-05;0;0;0.999999998148808
2.276;0;0.999922380799998;0;4.54813326370725e-05;0;0;0.999999998965724
2.278;0;0.999938807426007;0;3.31851721411411e-05;0;0;0.999999999449372
2.28;0;0.999952755874794;0;2.35384100549709e-05;0;0;0.999999999722972
2.282;0;0.999964421844743;0;1.61443835191214e-05;0;0;0.99999999986968
2.284;0;0.999974002982711;0;1.06324710360756e-05;0;0;0.999999999943475
2.286;0;0.999981698890238;0;6.66030774294018e-06;0;0;0.99999999997782
2.288;0;0.999987711129771;0;3.91583179003672e-06;0;0;0.999999999992333
2.29;0;0.999992243230819;0;2.1191495915824e-06;0;0;0.999999999997755
2.292;0;0.999995500696215;0;1.02420880110348e-06;0;0;0.999999999999476
2.294;0;0.999997691008286;0;4.20269011480722e-07;0;0;0.999999999999912
2.296;0;0.999999023635068;0;1.33161388804481e-07;0;0;0.999999999999991
2.298;0;0.999999710036509;0;2.63297113556327e-08;0;0;1
2.3;0;0.999999963670687;0;1.64659125223565e-09;0;0;1
2.302;0;0.999999999999998;0;0;0;0;1
