0.4;2.4886e-05;-1.8007;-7.29282e-17;-1.80073;-0.4
0.4;2.48861e-05;-1.8007;-7.29282e-17;-1.80073;-0.4
0.4;2.48879e-05;-1.8007;-7.29282e-17;-1.80073;-0.4
0.4;2.48959e-05;-1.8007;-7.29282e-17;-1.80073;-0.4
0.4;2.49171e-05;-1.8007;-7.29282e-17;-1.80073;-0.4
0.4;2.4962e-05;-1.8007;-7.29282e-17;-1.80073;-0.4
0.4;2.50437e-05;-1.8007;-7.29282e-17;-1.80073;-0.4
0.4;2.51781e-05;-1.8007;-7.29283e-17;-1.80073;-0.4
0.4;2.53842e-05;-1.8007;-7.29283e-17;-1.80073;-0.4
0.399999;2.56838e-05;-1.8007;-7.29284e-17;-1.80073;-0.4
0.399999;2.61017e-05;-1.8007;-7.29285e-17;-1.80073;-0.4
0.399999;2.66654e-05;-1.8007;-7.29286e-17;-1.80073;-0.400001
0.399998;2.74053e-05;-1.8007;-7.29288e-17;-1.80073;-0.400001
0.399997;2.83548e-05;-1.8007;-7.2929e-17;-1.80073;-0.400001
0.399996;2.955e-05;-1.8007;-7.29293e-17;-1.80073;-0.400002
0.399995;3.10299e-05;-1.8007;-7.29296e-17;-1.80073;-0.400002
0.399994;3.28361e-05;-1.8007;-7.293e-17;-1.80073;-0.400003
0.399992;3.50133e-05;-1.80069;-7.29305e-17;-1.80073;-0.400004
0.39999;3.76087e-05;-1.80069;-7.29311e-17;-1.80073;-0.400005
0.399988;4.06724e-05;-1.80069;-7.29319e-17;-1.80073;-0.400006
0.399985;4.42571e-05;-1.80069;-7.29327e-17;-1.80073;-0.400007
0.399982;4.84184e-05;-1.80068;-7.29337e-17;-1.80073;-0.400008
0.399979;5.32143e-05;-1.80068;-7.29348e-17;-1.80073;-0.40001
0.399975;5.87057e-05;-1.80068;-7.2936e-17;-1.80073;-0.400012
0.39997;6.4956e-05;-1.80067;-7.29375e-17;-1.80074;-0.400014
0.399964;7.20312e-05;-1.80066;-7.29391e-17;-1.80074;-0.400017
0.399958;7.99998e-05;-1.80066;-7.2941e-17;-1.80074;-0.40002
0.399952;8.8933e-05;-1.80065;-7.29431e-17;-1.80074;-0.400023
0.399944;9.89043e-05;-1.80064;-7.29454e-17;-1.80074;-0.400027
0.399936;0.00010999;-1.80064;-7.2948e-17;-1.80075;-0.400031
0.399927;0.000122268;-1.80063;-7.29508e-17;-1.80075;-0.400035
0.399916;0.00013582;-1.80062;-7.2954e-17;-1.80075;-0.40004
0.399905;0.000150728;-1.8006;-7.29574e-17;-1.80076;-0.400045
0.399893;0.000167079;-1.80059;-7.29612e-17;-1.80076;-0.400051
0.399879;0.000184959;-1.80058;-7.29654e-17;-1.80076;-0.400058
0.399865;0.00020446;-1.80056;-7.29699e-17;-1.80077;-0.400065
0.399849;0.000225672;-1.80055;-7.29748e-17;-1.80077;-0.400072
0.399831;0.000248691;-1.80053;-7.29802e-17;-1.80078;-0.400081
0.399813;0.000273612;-1.80051;-7.2986e-17;-1.80078;-0.40009
0.399792;0.000300535;-1.80049;-7.29922e-17;-1.80079;-0.400099
0.39977;0.000329558;-1.80047;-7.2999e-17;-1.8008;-0.40011
0.399747;0.000360784;-1.80044;-7.30063e-17;-1.8008;-0.400121
0.399722;0.000394318;-1.80042;-7.3014e-17;-1.80081;-0.400133
0.399695;0.000430264;-1.80039;-7.30224e-17;-1.80082;-0.400146
0.399666;0.000468731;-1.80036;-7.30313e-17;-1.80083;-0.40016
0.399635;0.000509828;-1.80033;-7.30409e-17;-1.80084;-0.400175
0.399601;0.000553664;-1.80029;-7.30511e-17;-1.80085;-0.400191
0.399566;0.000600353;-1.80026;-7.30619e-17;-1.80086;-0.400208
0.399529;0.000650008;-1.80022;-7.30735e-17;-1.80087;-0.400226
0.399489;0.000702744;-1.80018;-7.30858e-17;-1.80088;-0.400245
0.399447;0.000758678;-1.80014;-7.30988e-17;-1.8009;-0.400265
0.399402;0.000817926;-1.80009;-7.31125e-17;-1.80091;-0.400287
0.399355;0.000880607;-1.80004;-7.31271e-17;-1.80092;-0.40031
0.399305;0.000946842;-1.79999;-7.31425e-17;-1.80094;-0.400334
0.399252;0.00101675;-1.79994;-7.31588e-17;-1.80095;-0.40036
0.399196;0.00109045;-1.79988;-7.31759e-17;-1.80097;-0.400387
0.399138;0.00116808;-1.79982;-7.3194e-17;-1.80099;-0.400415
0.399076;0.00124974;-1.79976;-7.3213e-17;-1.80101;-0.400445
0.399011;0.00133556;-1.79969;-7.3233e-17;-1.80103;-0.400476
0.398943;0.00142568;-1.79962;-7.3254e-17;-1.80105;-0.40051
0.398872;0.00152021;-1.79955;-7.3276e-17;-1.80107;-0.400544
0.398797;0.00161927;-1.79948;-7.3299e-17;-1.80109;-0.400581
0.398718;0.001723;-1.7994;-7.33232e-17;-1.80112;-0.400619
0.398636;0.00183152;-1.79931;-7.33485e-17;-1.80114;-0.400659
0.398551;0.00194495;-1.79923;-7.33749e-17;-1.80117;-0.400702
0.398461;0.00206342;-1.79913;-7.34025e-17;-1.8012;-0.400746
0.398367;0.00218706;-1.79904;-7.34313e-17;-1.80123;-0.400792
0.39827;0.00231598;-1.79894;-7.34613e-17;-1.80126;-0.40084
0.398168;0.00245032;-1.79884;-7.34926e-17;-1.80129;-0.40089
0.398062;0.0025902;-1.79873;-7.35252e-17;-1.80132;-0.400942
0.397952;0.00273574;-1.79862;-7.35592e-17;-1.80135;-0.400997
0.397837;0.00288706;-1.7985;-7.35944e-17;-1.80139;-0.401054
0.397718;0.00304428;-1.79838;-7.36311e-17;-1.80143;-0.401113
0.397594;0.00320754;-1.79826;-7.36692e-17;-1.80147;-0.401175
0.397465;0.00337694;-1.79813;-7.37087e-17;-1.80151;-0.401239
0.397332;0.0035526;-1.79799;-7.37497e-17;-1.80155;-0.401306
0.397194;0.00373464;-1.79785;-7.37922e-17;-1.80159;-0.401376
0.39705;0.00392319;-1.79771;-7.38362e-17;-1.80163;-0.401448
0.396902;0.00411834;-1.79756;-7.38818e-17;-1.80168;-0.401523
0.396748;0.00432023;-1.79741;-7.3929e-17;-1.80173;-0.4016
0.396589;0.00452894;-1.79725;-7.39777e-17;-1.80178;-0.401681
0.396425;0.0047446;-1.79708;-7.40282e-17;-1.80183;-0.401765
0.396255;0.00496732;-1.79691;-7.40802e-17;-1.80188;-0.401851
0.39608;0.00519719;-1.79674;-7.4134e-17;-1.80194;-0.401941
0.395899;0.00543432;-1.79656;-7.41895e-17;-1.80199;-0.402034
0.395713;0.00567881;-1.79637;-7.42467e-17;-1.80205;-0.40213
0.39552;0.00593076;-1.79618;-7.43057e-17;-1.80211;-0.40223
0.395322;0.00619026;-1.79598;-7.43664e-17;-1.80217;-0.402333
0.395118;0.00645741;-1.79578;-7.4429e-17;-1.80224;-0.40244
0.394907;0.0067323;-1.79557;-7.44935e-17;-1.8023;-0.40255
0.394691;0.00701501;-1.79536;-7.45597e-17;-1.80237;-0.402663
0.394468;0.00730562;-1.79514;-7.46279e-17;-1.80244;-0.402781
0.394239;0.00760422;-1.79491;-7.4698e-17;-1.80251;-0.402902
0.394003;0.00791088;-1.79468;-7.477e-17;-1.80259;-0.403027
0.393761;0.00822569;-1.79444;-7.48439e-17;-1.80267;-0.403156
0.393513;0.0085487;-1.7942;-7.49198e-17;-1.80274;-0.403289
0.393258;0.00887998;-1.79395;-7.49977e-17;-1.80283;-0.403426
0.392996;0.00921961;-1.79369;-7.50776e-17;-1.80291;-0.403568
0.392728;0.00956763;-1.79343;-7.51595e-17;-1.80299;-0.403714
0.392453;0.0099241;-1.79316;-7.52434e-17;-1.80308;-0.403864
0.392171;0.0102891;-1.79288;-7.53294e-17;-1.80317;-0.404018
0.391882;0.0106626;-1.7926;-7.54174e-17;-1.80327;-0.404177
0.391586;0.0110447;-1.79232;-7.55076e-17;-1.80336;-0.404341
0.391283;0.0114355;-1.79202;-7.55998e-17;-1.80346;-0.40451
0.390973;0.0118349;-1.79172;-7.56941e-17;-1.80356;-0.404683
0.390656;0.0122431;-1.79142;-7.57905e-17;-1.80366;-0.404861
0.390332;0.0126599;-1.79111;-7.58891e-17;-1.80377;-0.405045
0.39;0.0130855;-1.79079;-7.59898e-17;-1.80387;-0.405233
0.389662;0.0135199;-1.79046;-7.60927e-17;-1.80398;-0.405427
0.389316;0.013963;-1.79013;-7.61977e-17;-1.8041;-0.405626
0.388962;0.0144149;-1.7898;-7.63048e-17;-1.80421;-0.40583
0.388602;0.0148756;-1.78945;-7.64141e-17;-1.80433;-0.40604
0.388234;0.0153451;-1.7891;-7.65256e-17;-1.80445;-0.406255
0.387858;0.0158233;-1.78875;-7.66393e-17;-1.80457;-0.406476
0.387475;0.0163103;-1.78839;-7.67551e-17;-1.8047;-0.406703
0.387085;0.016806;-1.78802;-7.68732e-17;-1.80483;-0.406936
0.386687;0.0173105;-1.78765;-7.69934e-17;-1.80496;-0.407175
0.386281;0.0178236;-1.78727;-7.71158e-17;-1.80509;-0.407419
0.385868;0.0183454;-1.78689;-7.72403e-17;-1.80523;-0.40767
0.385448;0.0188758;-1.7865;-7.73671e-17;-1.80537;-0.407928
0.38502;0.0194148;-1.7861;-7.7496e-17;-1.80552;-0.408191
0.384584;0.0199623;-1.7857;-7.76271e-17;-1.80566;-0.408461
0.384141;0.0205183;-1.78529;-7.77604e-17;-1.80581;-0.408738
0.38369;0.0210827;-1.78488;-7.78958e-17;-1.80596;-0.409021
0.383232;0.0216555;-1.78446;-7.80334e-17;-1.80612;-0.409312
0.382766;0.0222365;-1.78404;-7.81731e-17;-1.80628;-0.409609
0.382293;0.0228257;-1.78361;-7.8315e-17;-1.80644;-0.409913
0.381812;0.0234231;-1.78318;-7.84589e-17;-1.8066;-0.410224
0.381323;0.0240285;-1.78274;-7.86051e-17;-1.80677;-0.410542
0.380827;0.0246419;-1.7823;-7.87533e-17;-1.80694;-0.410868
0.380323;0.0252631;-1.78185;-7.89036e-17;-1.80712;-0.411201
0.379812;0.0258921;-1.7814;-7.9056e-17;-1.80729;-0.411541
0.379294;0.0265287;-1.78095;-7.92104e-17;-1.80748;-0.41189
0.378768;0.0271729;-1.78049;-7.93669e-17;-1.80766;-0.412245
0.378235;0.0278245;-1.78002;-7.95254e-17;-1.80785;-0.412609
0.377694;0.0284835;-1.77955;-7.9686e-17;-1.80804;-0.412981
0.377146;0.0291496;-1.77908;-7.98485e-17;-1.80823;-0.41336
0.376591;0.0298228;-1.7786;-8.0013e-17;-1.80843;-0.413748
0.376028;0.0305029;-1.77812;-8.01795e-17;-1.80863;-0.414144
0.375458;0.0311899;-1.77764;-8.03479e-17;-1.80883;-0.414549
0.374881;0.0318835;-1.77716;-8.05182e-17;-1.80904;-0.414961
0.374297;0.0325836;-1.77667;-8.06905e-17;-1.80925;-0.415383
0.373706;0.0332901;-1.77617;-8.08646e-17;-1.80946;-0.415812
0.373108;0.0340028;-1.77568;-8.10405e-17;-1.80968;-0.416251
0.372502;0.0347215;-1.77518;-8.12182e-17;-1.8099;-0.416698
0.37189;0.0354462;-1.77468;-8.13978e-17;-1.81013;-0.417155
0.371271;0.0361766;-1.77418;-8.15791e-17;-1.81035;-0.41762
0.370645;0.0369126;-1.77367;-8.17621e-17;-1.81058;-0.418094
0.370012;0.037654;-1.77317;-8.19469e-17;-1.81082;-0.418578
0.369373;0.0384006;-1.77266;-8.21334e-17;-1.81106;-0.419071
0.368727;0.0391523;-1.77215;-8.23215e-17;-1.8113;-0.419573
0.368074;0.0399089;-1.77164;-8.25112e-17;-1.81155;-0.420085
0.367415;0.0406701;-1.77112;-8.27025e-17;-1.81179;-0.420606
0.36675;0.0414359;-1.77061;-8.28954e-17;-1.81205;-0.421137
0.366078;0.042206;-1.7701;-8.30899e-17;-1.8123;-0.421677
0.3654;0.0429803;-1.76958;-8.32858e-17;-1.81256;-0.422228
0.364715;0.0437586;-1.76907;-8.34832e-17;-1.81283;-0.422788
0.364025;0.0445406;-1.76855;-8.36821e-17;-1.81309;-0.423358
0.363328;0.0453262;-1.76804;-8.38823e-17;-1.81337;-0.423938
0.362625;0.0461151;-1.76753;-8.4084e-17;-1.81364;-0.424528
0.361917;0.0469073;-1.76701;-8.42869e-17;-1.81392;-0.425128
0.361202;0.0477025;-1.7665;-8.44912e-17;-1.8142;-0.425739
0.360482;0.0485005;-1.76599;-8.46968e-17;-1.81449;-0.42636
0.359756;0.0493011;-1.76547;-8.49036e-17;-1.81478;-0.426991
0.359024;0.0501042;-1.76496;-8.51116e-17;-1.81507;-0.427632
0.358287;0.0509095;-1.76446;-8.53209e-17;-1.81537;-0.428285
0.357545;0.051717;-1.76395;-8.55312e-17;-1.81567;-0.428947
0.356796;0.0525263;-1.76344;-8.57427e-17;-1.81597;-0.429621
0.356043;0.0533373;-1.76294;-8.59553e-17;-1.81628;-0.430305
0.355284;0.0541498;-1.76244;-8.6169e-17;-1.81659;-0.431
0.35452;0.0549637;-1.76194;-8.63837e-17;-1.81691;-0.431705
0.353751;0.0557788;-1.76145;-8.65994e-17;-1.81722;-0.432422
0.352977;0.0565949;-1.76095;-8.6816e-17;-1.81755;-0.43315
0.352197;0.0574118;-1.76046;-8.70336e-17;-1.81787;-0.433888
0.351413;0.0582294;-1.75998;-8.72522e-17;-1.8182;-0.434638
0.350624;0.0590475;-1.75949;-8.74716e-17;-1.81854;-0.435399
0.349829;0.0598659;-1.75901;-8.76919e-17;-1.81888;-0.436171
0.349031;0.0606844;-1.75854;-8.7913e-17;-1.81922;-0.436955
0.348227;0.0615029;-1.75806;-8.81349e-17;-1.81957;-0.437749
0.347419;0.0623213;-1.75759;-8.83576e-17;-1.81991;-0.438556
0.346606;0.0631394;-1.75713;-8.85811e-17;-1.82027;-0.439373
0.345788;0.0639569;-1.75667;-8.88053e-17;-1.82063;-0.440202
0.344966;0.0647739;-1.75621;-8.90302e-17;-1.82099;-0.441043
0.344139;0.06559;-1.75576;-8.92558e-17;-1.82135;-0.441895
0.343308;0.0664053;-1.75532;-8.9482e-17;-1.82172;-0.442759
0.342473;0.0672194;-1.75487;-8.97089e-17;-1.82209;-0.443635
0.341633;0.0680324;-1.75444;-8.99363e-17;-1.82247;-0.444522
0.340789;0.0688439;-1.75401;-9.01644e-17;-1.82285;-0.445422
0.339941;0.069654;-1.75358;-9.0393e-17;-1.82323;-0.446333
0.339089;0.0704625;-1.75316;-9.06221e-17;-1.82362;-0.447256
0.338232;0.0712692;-1.75274;-9.08518e-17;-1.82401;-0.448191
0.337372;0.072074;-1.75233;-9.1082e-17;-1.82441;-0.449138
0.336507;0.0728769;-1.75193;-9.13126e-17;-1.82481;-0.450097
0.335639;0.0736775;-1.75153;-9.15437e-17;-1.82521;-0.451068
0.334766;0.074476;-1.75114;-9.17752e-17;-1.82562;-0.452051
0.33389;0.0752721;-1.75076;-9.20071e-17;-1.82603;-0.453047
0.333009;0.0760657;-1.75038;-9.22395e-17;-1.82644;-0.454054
0.332125;0.0768568;-1.75;-9.24722e-17;-1.82686;-0.455074
0.331237;0.0776451;-1.74964;-9.27052e-17;-1.82728;-0.456106
0.330345;0.0784307;-1.74928;-9.29386e-17;-1.82771;-0.457151
0.32945;0.0792134;-1.74893;-9.31724e-17;-1.82814;-0.458208
0.328551;0.0799932;-1.74858;-9.34064e-17;-1.82857;-0.459277
0.327648;0.0807698;-1.74824;-9.36407e-17;-1.82901;-0.460358
0.326741;0.0815433;-1.74791;-9.38753e-17;-1.82945;-0.461452
0.325831;0.0823136;-1.74758;-9.41102e-17;-1.82989;-0.462559
0.324917;0.0830806;-1.74726;-9.43453e-17;-1.83034;-0.463678
0.324;0.0838442;-1.74695;-9.45806e-17;-1.83079;-0.464809
0.323079;0.0846043;-1.74664;-9.48162e-17;-1.83125;-0.465953
0.322155;0.0853609;-1.74635;-9.50519e-17;-1.83171;-0.46711
0.321227;0.0861138;-1.74606;-9.52879e-17;-1.83217;-0.468279
0.320296;0.0868631;-1.74577;-9.5524e-17;-1.83264;-0.469461
0.319361;0.0876087;-1.7455;-9.57603e-17;-1.83311;-0.470656
0.318423;0.0883505;-1.74523;-9.59967e-17;-1.83358;-0.471863
0.317481;0.0890885;-1.74497;-9.62333e-17;-1.83406;-0.473083
0.316536;0.0898226;-1.74471;-9.647e-17;-1.83454;-0.474315
0.315588;0.0905527;-1.74447;-9.67068e-17;-1.83502;-0.475561
0.314637;0.0912789;-1.74423;-9.69437e-17;-1.83551;-0.476819
0.313682;0.092001;-1.74399;-9.71808e-17;-1.836;-0.47809
0.312724;0.0927191;-1.74377;-9.74179e-17;-1.83649;-0.479373
0.311762;0.0934332;-1.74355;-9.76551e-17;-1.83699;-0.48067
0.310797;0.0941431;-1.74334;-9.78924e-17;-1.83749;-0.481979
0.309829;0.0948488;-1.74314;-9.81297e-17;-1.83799;-0.483301
0.308858;0.0955504;-1.74295;-9.83671e-17;-1.8385;-0.484636
0.307884;0.0962478;-1.74276;-9.86046e-17;-1.83901;-0.485984
0.306906;0.0969409;-1.74258;-9.8842e-17;-1.83952;-0.487345
0.305926;0.0976299;-1.7424;-9.90796e-17;-1.84003;-0.488719
0.304942;0.0983146;-1.74224;-9.93171e-17;-1.84055;-0.490105
0.303954;0.098995;-1.74208;-9.95547e-17;-1.84107;-0.491505
0.302964;0.0996711;-1.74193;-9.97923e-17;-1.8416;-0.492917
0.301971;0.100343;-1.74178;-1.0003e-16;-1.84213;-0.494342
0.300974;0.10101;-1.74165;-1.00267e-16;-1.84266;-0.495781
0.299974;0.101674;-1.74152;-1.00505e-16;-1.84319;-0.497232
0.298972;0.102333;-1.7414;-1.00743e-16;-1.84373;-0.498696
0.297966;0.102987;-1.74128;-1.0098e-16;-1.84427;-0.500173
0.296957;0.103638;-1.74117;-1.01218e-16;-1.84481;-0.501664
0.295945;0.104284;-1.74107;-1.01455e-16;-1.84535;-0.503167
0.29493;0.104925;-1.74097;-1.01693e-16;-1.8459;-0.504683
0.293912;0.105563;-1.74089;-1.0193e-16;-1.84645;-0.506212
0.29289;0.106196;-1.74081;-1.02167e-16;-1.847;-0.507755
0.291866;0.106824;-1.74073;-1.02405e-16;-1.84756;-0.50931
0.290839;0.107449;-1.74066;-1.02642e-16;-1.84811;-0.510879
0.289809;0.108069;-1.7406;-1.02879e-16;-1.84867;-0.51246
0.288775;0.108685;-1.74055;-1.03116e-16;-1.84923;-0.514055
0.287739;0.109296;-1.7405;-1.03353e-16;-1.8498;-0.515663
0.2867;0.109903;-1.74046;-1.0359e-16;-1.85036;-0.517283
0.285658;0.110506;-1.74042;-1.03827e-16;-1.85093;-0.518917
0.284613;0.111104;-1.7404;-1.04064e-16;-1.8515;-0.520564
0.283565;0.111699;-1.74037;-1.043e-16;-1.85207;-0.522225
0.282514;0.112288;-1.74036;-1.04537e-16;-1.85265;-0.523898
0.28146;0.112874;-1.74035;-1.04773e-16;-1.85322;-0.525585
0.280403;0.113455;-1.74035;-1.0501e-16;-1.8538;-0.527285
0.279343;0.114031;-1.74035;-1.05246e-16;-1.85438;-0.528998
0.278281;0.114604;-1.74036;-1.05482e-16;-1.85496;-0.530724
0.277215;0.115171;-1.74037;-1.05718e-16;-1.85554;-0.532463
0.276147;0.115735;-1.74039;-1.05953e-16;-1.85613;-0.534216
0.275076;0.116294;-1.74042;-1.06189e-16;-1.85672;-0.535982
0.274003;0.116848;-1.74046;-1.06424e-16;-1.8573;-0.537761
0.272926;0.117398;-1.7405;-1.06659e-16;-1.85789;-0.539554
0.271847;0.117943;-1.74054;-1.06894e-16;-1.85849;-0.54136
0.270765;0.118483;-1.7406;-1.07129e-16;-1.85908;-0.543179
0.26968;0.119019;-1.74066;-1.07363e-16;-1.85967;-0.545012
0.268593;0.119549;-1.74072;-1.07598e-16;-1.86027;-0.546858
0.267503;0.120075;-1.74079;-1.07832e-16;-1.86087;-0.548718
0.266411;0.120596;-1.74087;-1.08065e-16;-1.86147;-0.550591
0.265315;0.121112;-1.74095;-1.08299e-16;-1.86207;-0.552478
0.264218;0.121623;-1.74105;-1.08532e-16;-1.86267;-0.554378
0.263118;0.122129;-1.74114;-1.08764e-16;-1.86327;-0.556292
0.262015;0.122629;-1.74125;-1.08997e-16;-1.86387;-0.558219
0.26091;0.123124;-1.74136;-1.09228e-16;-1.86448;-0.56016
0.259802;0.123613;-1.74147;-1.0946e-16;-1.86509;-0.562115
0.258692;0.124098;-1.7416;-1.09691e-16;-1.86569;-0.564083
0.25758;0.124576;-1.74173;-1.09922e-16;-1.8663;-0.566065
0.256465;0.125049;-1.74186;-1.10152e-16;-1.86691;-0.568061
0.255348;0.125516;-1.74201;-1.10382e-16;-1.86752;-0.57007
0.254229;0.125978;-1.74216;-1.10612e-16;-1.86814;-0.572093
0.253107;0.126433;-1.74231;-1.1084e-16;-1.86875;-0.57413
0.251983;0.126883;-1.74248;-1.11069e-16;-1.86936;-0.576181
0.250857;0.127327;-1.74265;-1.11297e-16;-1.86998;-0.578246
0.249729;0.127765;-1.74283;-1.11524e-16;-1.87059;-0.580325
0.248599;0.128197;-1.74301;-1.11751e-16;-1.87121;-0.582417
0.247466;0.128622;-1.7432;-1.11978e-16;-1.87183;-0.584524
0.246331;0.129042;-1.7434;-1.12203e-16;-1.87244;-0.586644
0.245194;0.129455;-1.74361;-1.12429e-16;-1.87306;-0.588779
0.244056;0.129862;-1.74382;-1.12653e-16;-1.87368;-0.590927
0.242915;0.130263;-1.74404;-1.12877e-16;-1.8743;-0.59309
0.241772;0.130657;-1.74427;-1.13101e-16;-1.87492;-0.595266
0.240627;0.131044;-1.7445;-1.13323e-16;-1.87554;-0.597457
0.23948;0.131426;-1.74474;-1.13545e-16;-1.87617;-0.599662
0.238331;0.1318;-1.74499;-1.13767e-16;-1.87679;-0.601881
0.23718;0.132168;-1.74524;-1.13987e-16;-1.87741;-0.604114
0.236027;0.132529;-1.7455;-1.14208e-16;-1.87803;-0.606361
0.234873;0.132884;-1.74577;-1.14427e-16;-1.87866;-0.608623
0.233717;0.133232;-1.74605;-1.14646e-16;-1.87928;-0.610898
0.232558;0.133573;-1.74633;-1.14863e-16;-1.8799;-0.613188
0.231398;0.133907;-1.74662;-1.15081e-16;-1.88053;-0.615493
0.230237;0.134234;-1.74692;-1.15297e-16;-1.88115;-0.617811
0.229073;0.134554;-1.74722;-1.15512e-16;-1.88178;-0.620144
0.227908;0.134867;-1.74753;-1.15727e-16;-1.8824;-0.622492
0.226741;0.135173;-1.74785;-1.15941e-16;-1.88303;-0.624853
0.225572;0.135472;-1.74818;-1.16154e-16;-1.88365;-0.627229
0.224402;0.135764;-1.74851;-1.16367e-16;-1.88428;-0.62962
0.22323;0.136049;-1.74885;-1.16578e-16;-1.8849;-0.632025
0.222057;0.136326;-1.7492;-1.16789e-16;-1.88552;-0.634445
0.220882;0.136597;-1.74955;-1.16999e-16;-1.88615;-0.636879
0.219705;0.13686;-1.74991;-1.17208e-16;-1.88677;-0.639327
0.218527;0.137116;-1.75028;-1.17416e-16;-1.88739;-0.641791
0.217348;0.137364;-1.75065;-1.17623e-16;-1.88802;-0.644268
0.216167;0.137605;-1.75104;-1.17829e-16;-1.88864;-0.646761
0.214985;0.137838;-1.75142;-1.18034e-16;-1.88926;-0.649268
0.213801;0.138065;-1.75182;-1.18239e-16;-1.88988;-0.65179
0.212616;0.138283;-1.75222;-1.18442e-16;-1.89051;-0.654326
0.211429;0.138495;-1.75263;-1.18644e-16;-1.89113;-0.656877
0.210241;0.138698;-1.75305;-1.18846e-16;-1.89175;-0.659443
0.209052;0.138894;-1.75347;-1.19046e-16;-1.89236;-0.662024
0.207862;0.139083;-1.7539;-1.19245e-16;-1.89298;-0.66462
0.20667;0.139264;-1.75434;-1.19444e-16;-1.8936;-0.66723
0.205477;0.139437;-1.75478;-1.19641e-16;-1.89422;-0.669855
0.204283;0.139603;-1.75523;-1.19837e-16;-1.89483;-0.672496
0.203088;0.139761;-1.75569;-1.20032e-16;-1.89545;-0.675151
0.201892;0.139911;-1.75615;-1.20227e-16;-1.89606;-0.677821
0.200694;0.140054;-1.75662;-1.2042e-16;-1.89667;-0.680506
0.199496;0.140188;-1.7571;-1.20611e-16;-1.89729;-0.683206
0.198296;0.140316;-1.75758;-1.20802e-16;-1.8979;-0.685921
0.197095;0.140435;-1.75807;-1.20992e-16;-1.8985;-0.688651
0.195894;0.140546;-1.75857;-1.21181e-16;-1.89911;-0.691397
0.194691;0.14065;-1.75907;-1.21368e-16;-1.89972;-0.694157
0.193488;0.140746;-1.75958;-1.21554e-16;-1.90032;-0.696933
0.192284;0.140834;-1.76009;-1.21739e-16;-1.90093;-0.699723
0.191078;0.140915;-1.76061;-1.21923e-16;-1.90153;-0.702529
0.189872;0.140987;-1.76114;-1.22106e-16;-1.90213;-0.705351
0.188666;0.141051;-1.76168;-1.22287e-16;-1.90273;-0.708187
0.187458;0.141108;-1.76222;-1.22467e-16;-1.90332;-0.711039
0.18625;0.141157;-1.76276;-1.22646e-16;-1.90392;-0.713906
0.185041;0.141198;-1.76331;-1.22824e-16;-1.90451;-0.716789
0.183831;0.141231;-1.76387;-1.23001e-16;-1.9051;-0.719687
0.182621;0.141256;-1.76444;-1.23176e-16;-1.90569;-0.722601
0.18141;0.141273;-1.76501;-1.2335e-16;-1.90628;-0.72553
0.180199;0.141282;-1.76558;-1.23523e-16;-1.90686;-0.728474
0.178987;0.141284;-1.76616;-1.23694e-16;-1.90745;-0.731434
0.177774;0.141277;-1.76675;-1.23864e-16;-1.90803;-0.73441
0.176561;0.141263;-1.76734;-1.24033e-16;-1.90861;-0.737401
0.175348;0.14124;-1.76794;-1.242e-16;-1.90918;-0.740408
0.174134;0.14121;-1.76855;-1.24366e-16;-1.90976;-0.743431
0.17292;0.141171;-1.76916;-1.24531e-16;-1.91033;-0.746469
0.171706;0.141125;-1.76977;-1.24694e-16;-1.9109;-0.749524
0.170491;0.141071;-1.77039;-1.24856e-16;-1.91146;-0.752594
0.169277;0.141008;-1.77102;-1.25016e-16;-1.91203;-0.755679
0.168062;0.140938;-1.77165;-1.25175e-16;-1.91259;-0.758781
0.166847;0.14086;-1.77229;-1.25333e-16;-1.91315;-0.761899
0.165631;0.140774;-1.77293;-1.25489e-16;-1.9137;-0.765033
0.164416;0.140679;-1.77357;-1.25644e-16;-1.91425;-0.768183
0.163201;0.140577;-1.77423;-1.25797e-16;-1.9148;-0.771348
0.161985;0.140467;-1.77488;-1.25949e-16;-1.91535;-0.77453
0.16077;0.140349;-1.77554;-1.26099e-16;-1.91589;-0.777728
0.159555;0.140223;-1.77621;-1.26247e-16;-1.91643;-0.780943
0.15834;0.140089;-1.77688;-1.26395e-16;-1.91697;-0.784173
0.157125;0.139947;-1.77756;-1.2654e-16;-1.9175;-0.78742
0.155911;0.139797;-1.77824;-1.26684e-16;-1.91803;-0.790683
0.154697;0.139639;-1.77892;-1.26827e-16;-1.91856;-0.793963
0.153483;0.139473;-1.77961;-1.26968e-16;-1.91908;-0.797259
0.152269;0.139299;-1.7803;-1.27107e-16;-1.9196;-0.800571
0.151056;0.139117;-1.781;-1.27245e-16;-1.92012;-0.8039
0.149844;0.138927;-1.7817;-1.27381e-16;-1.92063;-0.807245
0.148632;0.138729;-1.78241;-1.27515e-16;-1.92114;-0.810608
0.14742;0.138523;-1.78312;-1.27648e-16;-1.92164;-0.813986
0.146209;0.138309;-1.78383;-1.27779e-16;-1.92214;-0.817382
0.144999;0.138087;-1.78455;-1.27909e-16;-1.92264;-0.820794
0.14379;0.137857;-1.78527;-1.28037e-16;-1.92313;-0.824223
0.142581;0.137618;-1.786;-1.28162e-16;-1.92362;-0.827669
0.141374;0.137372;-1.78673;-1.28287e-16;-1.9241;-0.831132
0.140167;0.137118;-1.78746;-1.28409e-16;-1.92458;-0.834612
0.138961;0.136855;-1.7882;-1.2853e-16;-1.92505;-0.838109
0.137756;0.136585;-1.78894;-1.28649e-16;-1.92552;-0.841623
0.136552;0.136307;-1.78968;-1.28766e-16;-1.92599;-0.845155
0.13535;0.13602;-1.79043;-1.28881e-16;-1.92645;-0.848703
0.134148;0.135725;-1.79118;-1.28995e-16;-1.9269;-0.852269
0.132948;0.135422;-1.79193;-1.29106e-16;-1.92735;-0.855852
0.131749;0.135111;-1.79268;-1.29216e-16;-1.9278;-0.859453
0.130552;0.134792;-1.79344;-1.29323e-16;-1.92824;-0.863071
0.129356;0.134464;-1.79421;-1.29429e-16;-1.92867;-0.866706
0.128161;0.134129;-1.79497;-1.29533e-16;-1.9291;-0.870359
0.126968;0.133785;-1.79574;-1.29635e-16;-1.92952;-0.87403
0.125777;0.133433;-1.79651;-1.29735e-16;-1.92994;-0.877718
0.124587;0.133072;-1.79728;-1.29833e-16;-1.93035;-0.881424
0.1234;0.132703;-1.79805;-1.29929e-16;-1.93076;-0.885149
0.122214;0.132326;-1.79883;-1.30022e-16;-1.93116;-0.888891
0.121029;0.131941;-1.79961;-1.30114e-16;-1.93155;-0.89265
0.119847;0.131547;-1.80039;-1.30204e-16;-1.93194;-0.896428
0.118667;0.131144;-1.80118;-1.30291e-16;-1.93232;-0.900225
0.117489;0.130733;-1.80197;-1.30376e-16;-1.9327;-0.904039
0.116313;0.130314;-1.80275;-1.3046e-16;-1.93307;-0.907872
0.11514;0.129886;-1.80354;-1.3054e-16;-1.93343;-0.911722
0.113968;0.129449;-1.80434;-1.30619e-16;-1.93379;-0.915592
0.112799;0.129004;-1.80513;-1.30696e-16;-1.93414;-0.91948
0.111633;0.12855;-1.80593;-1.3077e-16;-1.93448;-0.923386
0.110469;0.128087;-1.80673;-1.30842e-16;-1.93481;-0.927311
0.109308;0.127616;-1.80753;-1.30911e-16;-1.93514;-0.931255
0.108149;0.127135;-1.80833;-1.30978e-16;-1.93546;-0.935217
0.106994;0.126646;-1.80913;-1.31043e-16;-1.93578;-0.939199
0.105841;0.126147;-1.80994;-1.31105e-16;-1.93608;-0.943199
0.104691;0.12564;-1.81074;-1.31165e-16;-1.93638;-0.947218
0.103544;0.125123;-1.81155;-1.31222e-16;-1.93667;-0.951257
0.1024;0.124597;-1.81236;-1.31277e-16;-1.93695;-0.955314
0.101259;0.124062;-1.81317;-1.31329e-16;-1.93723;-0.959391
0.100122;0.123518;-1.81398;-1.31379e-16;-1.9375;-0.963488
0.0989879;0.122964;-1.81479;-1.31426e-16;-1.93775;-0.967603
0.0978573;0.1224;-1.8156;-1.31471e-16;-1.938;-0.971739
0.0967303;0.121827;-1.81642;-1.31513e-16;-1.93824;-0.975893
0.0956068;0.121245;-1.81723;-1.31552e-16;-1.93848;-0.980068
0.0944871;0.120653;-1.81805;-1.31588e-16;-1.9387;-0.984262
0.0933711;0.120051;-1.81887;-1.31622e-16;-1.93892;-0.988476
0.092259;0.11944;-1.81968;-1.31653e-16;-1.93912;-0.992711
0.0911509;0.118818;-1.8205;-1.31681e-16;-1.93932;-0.996965
0.0900468;0.118187;-1.82132;-1.31706e-16;-1.93951;-1.00124
0.0889468;0.117546;-1.82214;-1.31728e-16;-1.93969;-1.00553
0.0878511;0.116895;-1.82296;-1.31748e-16;-1.93985;-1.00985
0.0867597;0.116234;-1.82378;-1.31764e-16;-1.94001;-1.01418
0.0856727;0.115563;-1.8246;-1.31778e-16;-1.94016;-1.01854
0.0845902;0.114881;-1.82542;-1.31789e-16;-1.9403;-1.02292
0.0835124;0.11419;-1.82624;-1.31796e-16;-1.94043;-1.02731
0.0824392;0.113488;-1.82706;-1.31801e-16;-1.94055;-1.03173
0.0813708;0.112776;-1.82788;-1.31803e-16;-1.94066;-1.03617
0.0803073;0.112054;-1.82871;-1.31801e-16;-1.94076;-1.04063
0.0792487;0.111321;-1.82953;-1.31796e-16;-1.94085;-1.04511
0.0781953;0.110578;-1.83035;-1.31789e-16;-1.94093;-1.04961
0.077147;0.109824;-1.83117;-1.31778e-16;-1.94099;-1.05413
0.0761041;0.10906;-1.83199;-1.31764e-16;-1.94105;-1.05868
0.0750665;0.108286;-1.83281;-1.31747e-16;-1.94109;-1.06325
0.0740343;0.107501;-1.83363;-1.31726e-16;-1.94113;-1.06783
0.0730078;0.106705;-1.83445;-1.31703e-16;-1.94115;-1.07244
0.071987;0.105898;-1.83526;-1.31676e-16;-1.94116;-1.07707
0.0709719;0.105081;-1.83608;-1.31646e-16;-1.94116;-1.08173
0.0699628;0.104254;-1.8369;-1.31612e-16;-1.94115;-1.0864
0.0689596;0.103415;-1.83772;-1.31575e-16;-1.94113;-1.0911
0.0679626;0.102566;-1.83853;-1.31535e-16;-1.9411;-1.09582
0.0669718;0.101706;-1.83934;-1.31492e-16;-1.94105;-1.10056
0.0659873;0.100835;-1.84016;-1.31445e-16;-1.94099;-1.10532
0.0650092;0.0999536;-1.84097;-1.31394e-16;-1.94092;-1.11011
0.0640377;0.0990612;-1.84178;-1.31341e-16;-1.94084;-1.11492
0.0630728;0.0981578;-1.84259;-1.31283e-16;-1.94075;-1.11975
0.0621147;0.0972436;-1.8434;-1.31223e-16;-1.94064;-1.1246
0.0611635;0.0963185;-1.8442;-1.31159e-16;-1.94052;-1.12948
0.0602192;0.0953825;-1.84501;-1.31091e-16;-1.94039;-1.13438
0.0592821;0.0944355;-1.84581;-1.3102e-16;-1.94025;-1.13931
0.0583522;0.0934777;-1.84661;-1.30946e-16;-1.94009;-1.14425
0.0574297;0.0925089;-1.84741;-1.30867e-16;-1.93992;-1.14922
0.0565146;0.0915291;-1.84821;-1.30786e-16;-1.93974;-1.15422
0.055607;0.0905385;-1.84901;-1.30701e-16;-1.93955;-1.15924
0.0547072;0.0895369;-1.8498;-1.30612e-16;-1.93934;-1.16428
0.0538152;0.0885243;-1.85059;-1.3052e-16;-1.93912;-1.16934
0.0529311;0.0875009;-1.85138;-1.30424e-16;-1.93888;-1.17443
0.0520551;0.0864665;-1.85217;-1.30324e-16;-1.93864;-1.17955
0.0511873;0.0854212;-1.85296;-1.30221e-16;-1.93838;-1.18468
0.0503278;0.0843651;-1.85374;-1.30114e-16;-1.9381;-1.18985
0.0494767;0.083298;-1.85452;-1.30004e-16;-1.93782;-1.19503
0.0486342;0.0822201;-1.8553;-1.2989e-16;-1.93752;-1.20024
0.0478003;0.0811314;-1.85607;-1.29772e-16;-1.9372;-1.20548
0.0469753;0.0800318;-1.85684;-1.29651e-16;-1.93687;-1.21074
0.0461592;0.0789215;-1.85761;-1.29526e-16;-1.93653;-1.21603
0.0453522;0.0778004;-1.85838;-1.29398e-16;-1.93618;-1.22134
0.0445544;0.0766686;-1.85914;-1.29266e-16;-1.93581;-1.22668
0.043766;0.0755261;-1.8599;-1.2913e-16;-1.93543;-1.23204
0.042987;0.074373;-1.86066;-1.28991e-16;-1.93503;-1.23743
0.0422176;0.0732093;-1.86141;-1.28848e-16;-1.93462;-1.24284
0.041458;0.0720349;-1.86216;-1.28701e-16;-1.9342;-1.24828
0.0407083;0.0708501;-1.86291;-1.28551e-16;-1.93376;-1.25374
0.0399685;0.0696548;-1.86366;-1.28397e-16;-1.93331;-1.25923
0.039239;0.0684491;-1.8644;-1.28239e-16;-1.93285;-1.26475
0.0385197;0.0672331;-1.86513;-1.28078e-16;-1.93237;-1.2703
0.0378109;0.0660067;-1.86587;-1.27913e-16;-1.93187;-1.27587
0.0371126;0.0647701;-1.8666;-1.27745e-16;-1.93137;-1.28146
0.0364251;0.0635233;-1.86732;-1.27573e-16;-1.93084;-1.28709
0.0357484;0.0622665;-1.86804;-1.27397e-16;-1.93031;-1.29274
0.0350828;0.0609996;-1.86876;-1.27218e-16;-1.92976;-1.29841
0.0344283;0.0597228;-1.86947;-1.27035e-16;-1.9292;-1.30412
0.0337851;0.0584361;-1.87018;-1.26849e-16;-1.92862;-1.30985
0.0331534;0.0571396;-1.87089;-1.26659e-16;-1.92803;-1.31561
0.0325333;0.0558335;-1.87159;-1.26465e-16;-1.92742;-1.3214
0.031925;0.0545177;-1.87229;-1.26268e-16;-1.9268;-1.32721
0.0313286;0.0531925;-1.87298;-1.26068e-16;-1.92617;-1.33306
0.0307442;0.0518579;-1.87366;-1.25864e-16;-1.92552;-1.33893
0.0301721;0.050514;-1.87435;-1.25656e-16;-1.92486;-1.34483
0.0296123;0.0491609;-1.87503;-1.25445e-16;-1.92419;-1.35076
0.0290652;0.0477988;-1.8757;-1.25231e-16;-1.9235;-1.35671
0.0285307;0.0464277;-1.87637;-1.25014e-16;-1.9228;-1.3627
0.028009;0.0450479;-1.87703;-1.24792e-16;-1.92208;-1.36871
0.0275004;0.0436593;-1.87769;-1.24568e-16;-1.92135;-1.37475
0.027005;0.0422623;-1.87834;-1.2434e-16;-1.92061;-1.38082
0.0265229;0.0408568;-1.87899;-1.24109e-16;-1.91985;-1.38692
0.0260543;0.0394431;-1.87964;-1.23875e-16;-1.91908;-1.39305
0.0255994;0.0380213;-1.88028;-1.23637e-16;-1.9183;-1.3992
0.0251583;0.0365915;-1.88091;-1.23397e-16;-1.9175;-1.40539
0.0247312;0.0351539;-1.88154;-1.23153e-16;-1.91669;-1.41161
0.0243183;0.0337087;-1.88216;-1.22906e-16;-1.91587;-1.41785
0.0239197;0.032256;-1.88278;-1.22656e-16;-1.91503;-1.42413
0.0235355;0.030796;-1.88339;-1.22402e-16;-1.91418;-1.43043
0.0231661;0.0293289;-1.88399;-1.22146e-16;-1.91332;-1.43676
0.0228114;0.0278549;-1.8846;-1.21887e-16;-1.91245;-1.44313
0.0224718;0.0263741;-1.88519;-1.21625e-16;-1.91157;-1.44952
0.0221473;0.0248867;-1.88578;-1.2136e-16;-1.91067;-1.45594
0.0218381;0.0233929;-1.88637;-1.21092e-16;-1.90976;-1.4624
0.0215444;0.021893;-1.88694;-1.20821e-16;-1.90884;-1.46888
0.0212664;0.020387;-1.88752;-1.20547e-16;-1.9079;-1.47539
0.0210042;0.0188753;-1.88808;-1.20271e-16;-1.90696;-1.48194
0.0207579;0.017358;-1.88864;-1.19992e-16;-1.906;-1.48851
0.0205278;0.0158354;-1.8892;-1.1971e-16;-1.90504;-1.49512
0.0203141;0.0143076;-1.88975;-1.19426e-16;-1.90406;-1.50175
0.0201168;0.0127749;-1.89029;-1.19139e-16;-1.90307;-1.50841
0.0199361;0.0112375;-1.89083;-1.18849e-16;-1.90207;-1.51511
0.0197723;0.00969561;-1.89136;-1.18558e-16;-1.90106;-1.52184
0.0196254;0.0081495;-1.89189;-1.18263e-16;-1.90004;-1.52859
0.0194957;0.0065994;-1.89241;-1.17967e-16;-1.89901;-1.53538
0.0193833;0.00504554;-1.89292;-1.17668e-16;-1.89797;-1.5422
0.0192883;0.00348816;-1.89343;-1.17367e-16;-1.89692;-1.54904
0.019211;0.00192752;-1.89393;-1.17063e-16;-1.89586;-1.55592
0.0191514;0.000363867;-1.89443;-1.16758e-16;-1.89479;-1.56283
0.0191097;-0.00120255;-1.89492;-1.1645e-16;-1.89371;-1.56977
0.0190862;-0.00277146;-1.8954;-1.16141e-16;-1.89263;-1.57674
0.0190809;-0.00434261;-1.89588;-1.15829e-16;-1.89153;-1.58375
0.019094;-0.00591574;-1.89635;-1.15515e-16;-1.89043;-1.59078
0.0191257;-0.00749056;-1.89681;-1.152e-16;-1.88932;-1.59784
0.019176;-0.00906682;-1.89727;-1.14883e-16;-1.88821;-1.60494
0.0192453;-0.0106442;-1.89773;-1.14564e-16;-1.88708;-1.61206
0.0193335;-0.0122225;-1.89817;-1.14243e-16;-1.88595;-1.61922
0.0194409;-0.0138014;-1.89862;-1.13921e-16;-1.88481;-1.62641
0.0195676;-0.0153806;-1.89905;-1.13597e-16;-1.88367;-1.63363
0.0197137;-0.0169598;-1.89948;-1.13272e-16;-1.88252;-1.64088
0.0198794;-0.0185388;-1.8999;-1.12945e-16;-1.88136;-1.64816
0.0200649;-0.0201172;-1.90032;-1.12617e-16;-1.8802;-1.65547
0.0202702;-0.0216947;-1.90073;-1.12287e-16;-1.87904;-1.66281
0.0204955;-0.0232711;-1.90114;-1.11957e-16;-1.87787;-1.67018
0.0207409;-0.0248461;-1.90154;-1.11625e-16;-1.87669;-1.67759
0.0210066;-0.0264192;-1.90193;-1.11292e-16;-1.87551;-1.68502
0.0212927;-0.0279904;-1.90232;-1.10958e-16;-1.87433;-1.69249
0.0215993;-0.0295591;-1.9027;-1.10623e-16;-1.87314;-1.69998
0.0219265;-0.0311252;-1.90308;-1.10287e-16;-1.87195;-1.70751
0.0222745;-0.0326883;-1.90345;-1.0995e-16;-1.87076;-1.71507
0.0226434;-0.0342481;-1.90382;-1.09612e-16;-1.86957;-1.72266
0.0230333;-0.0358042;-1.90418;-1.09274e-16;-1.86837;-1.73027
0.0234443;-0.0373565;-1.90453;-1.08935e-16;-1.86718;-1.73792
0.0238765;-0.0389045;-1.90488;-1.08595e-16;-1.86598;-1.7456
0.02433;-0.040448;-1.90523;-1.08255e-16;-1.86478;-1.75331
0.0248049;-0.0419865;-1.90557;-1.07915e-16;-1.86358;-1.76106
0.0253014;-0.0435199;-1.9059;-1.07574e-16;-1.86238;-1.76883
0.0258195;-0.0450477;-1.90623;-1.07232e-16;-1.86118;-1.77663
0.0263593;-0.0465698;-1.90655;-1.06891e-16;-1.85998;-1.78446
0.0269209;-0.0480856;-1.90687;-1.06549e-16;-1.85879;-1.79232
0.0275044;-0.049595;-1.90719;-1.06207e-16;-1.85759;-1.80021
0.0281099;-0.0510975;-1.9075;-1.05865e-16;-1.8564;-1.80814
0.0287375;-0.052593;-1.9078;-1.05523e-16;-1.85521;-1.81609
0.0293871;-0.0540809;-1.9081;-1.05181e-16;-1.85402;-1.82407
0.030059;-0.0555611;-1.9084;-1.04839e-16;-1.85284;-1.83208
0.0307532;-0.0570332;-1.90869;-1.04497e-16;-1.85166;-1.84012
0.0314696;-0.0584968;-1.90897;-1.04156e-16;-1.85048;-1.84819
0.0322085;-0.0599517;-1.90926;-1.03815e-16;-1.8493;-1.85629
0.0329698;-0.0613975;-1.90953;-1.03474e-16;-1.84814;-1.86442
0.0337537;-0.0628339;-1.90981;-1.03133e-16;-1.84697;-1.87258
0.03456;-0.0642605;-1.91008;-1.02793e-16;-1.84582;-1.88077
0.035389;-0.0656771;-1.91034;-1.02454e-16;-1.84466;-1.88899
0.0362406;-0.0670832;-1.9106;-1.02115e-16;-1.84352;-1.89723
0.0371149;-0.0684787;-1.91086;-1.01777e-16;-1.84238;-1.90551
0.0380119;-0.0698631;-1.91111;-1.01439e-16;-1.84125;-1.91381
0.0389315;-0.0712361;-1.91136;-1.01103e-16;-1.84012;-1.92214
0.039874;-0.0725974;-1.9116;-1.00767e-16;-1.83901;-1.9305
0.0408392;-0.0739467;-1.91185;-1.00432e-16;-1.8379;-1.93889
0.0418271;-0.0752837;-1.91208;-1.00098e-16;-1.8368;-1.9473
0.0428379;-0.0766079;-1.91232;-9.97651e-17;-1.83571;-1.95575
0.0438714;-0.0779192;-1.91255;-9.94332e-17;-1.83463;-1.96422
0.0449277;-0.0792171;-1.91277;-9.91025e-17;-1.83356;-1.97272
0.0460067;-0.0805014;-1.913;-9.87729e-17;-1.8325;-1.98125
0.0471086;-0.0817717;-1.91322;-9.84445e-17;-1.83145;-1.9898
0.0482331;-0.0830278;-1.91343;-9.81175e-17;-1.83041;-1.99838
0.0493804;-0.0842692;-1.91365;-9.77918e-17;-1.82938;-2.00699
0.0505503;-0.0854956;-1.91386;-9.74675e-17;-1.82836;-2.01563
0.0517429;-0.0867069;-1.91407;-9.71447e-17;-1.82736;-2.02429
0.0529582;-0.0879025;-1.91427;-9.68234e-17;-1.82637;-2.03298
0.054196;-0.0890823;-1.91447;-9.65037e-17;-1.82539;-2.0417
0.0554563;-0.0902458;-1.91467;-9.61856e-17;-1.82442;-2.05044
0.0567391;-0.0913929;-1.91486;-9.58692e-17;-1.82347;-2.0592
0.0580443;-0.0925231;-1.91506;-9.55545e-17;-1.82253;-2.068
0.0593718;-0.0936361;-1.91525;-9.52416e-17;-1.82161;-2.07681
0.0607216;-0.0947317;-1.91543;-9.49305e-17;-1.8207;-2.08566
0.0620937;-0.0958096;-1.91562;-9.46213e-17;-1.81981;-2.09453
0.0634878;-0.0968693;-1.9158;-9.4314e-17;-1.81893;-2.10342
0.064904;-0.0979107;-1.91598;-9.40087e-17;-1.81807;-2.11234
0.0663422;-0.0989334;-1.91615;-9.37054e-17;-1.81722;-2.12128
0.0678022;-0.0999371;-1.91633;-9.34042e-17;-1.81639;-2.13025
0.0692839;-0.100921;-1.9165;-9.31052e-17;-1.81558;-2.13924
0.0707873;-0.101886;-1.91667;-9.28083e-17;-1.81478;-2.14826
0.0723122;-0.102831;-1.91683;-9.25136e-17;-1.814;-2.1573
0.0738585;-0.103756;-1.91699;-9.22212e-17;-1.81324;-2.16636
0.0754262;-0.10466;-1.91715;-9.19311e-17;-1.81249;-2.17544
0.077015;-0.105543;-1.91731;-9.16433e-17;-1.81177;-2.18455
0.0786248;-0.106405;-1.91747;-9.1358e-17;-1.81106;-2.19369
0.0802555;-0.107246;-1.91762;-9.10751e-17;-1.81037;-2.20284
0.081907;-0.108065;-1.91777;-9.07947e-17;-1.8097;-2.21202
0.083579;-0.108863;-1.91791;-9.05169e-17;-1.80905;-2.22121
0.0852716;-0.109637;-1.91806;-9.02416e-17;-1.80842;-2.23043
0.0869844;-0.11039;-1.9182;-8.9969e-17;-1.80781;-2.23967
0.0887173;-0.111119;-1.91833;-8.96991e-17;-1.80721;-2.24894
0.0904702;-0.111826;-1.91847;-8.94318e-17;-1.80664;-2.25822
0.0922429;-0.112508;-1.9186;-8.91673e-17;-1.80609;-2.26753
0.0940351;-0.113168;-1.91873;-8.89057e-17;-1.80556;-2.27685
0.0958468;-0.113803;-1.91885;-8.86468e-17;-1.80505;-2.2862
0.0976777;-0.114414;-1.91897;-8.83909e-17;-1.80456;-2.29556
0.0995277;-0.115;-1.91909;-8.81379e-17;-1.80409;-2.30495
0.101396;-0.115561;-1.91921;-8.78879e-17;-1.80364;-2.31435
0.103284;-0.116098;-1.91932;-8.76409e-17;-1.80322;-2.32378
0.10519;-0.116609;-1.91942;-8.73969e-17;-1.80282;-2.33322
0.107114;-0.117094;-1.91953;-8.71561e-17;-1.80243;-2.34268
0.109056;-0.117553;-1.91963;-8.69184e-17;-1.80207;-2.35216
0.111016;-0.117986;-1.91972;-8.66839e-17;-1.80174;-2.36166
0.112993;-0.118393;-1.91982;-8.64526e-17;-1.80142;-2.37117
0.114988;-0.118773;-1.9199;-8.62245e-17;-1.80113;-2.38071
0.117;-0.119126;-1.91999;-8.59998e-17;-1.80086;-2.39026
0.119028;-0.119451;-1.92006;-8.57785e-17;-1.80061;-2.39983
0.121074;-0.119749;-1.92014;-8.55605e-17;-1.80039;-2.40941
0.123135;-0.12002;-1.92021;-8.5346e-17;-1.80019;-2.41901
0.125213;-0.120262;-1.92027;-8.5135e-17;-1.80001;-2.42863
0.127306;-0.120475;-1.92033;-8.49274e-17;-1.79986;-2.43826
0.129416;-0.120661;-1.92038;-8.47235e-17;-1.79972;-2.44791
0.13154;-0.120817;-1.92043;-8.45231e-17;-1.79962;-2.45758
0.13368;-0.120944;-1.92047;-8.43264e-17;-1.79953;-2.46725
0.135834;-0.121042;-1.92051;-8.41333e-17;-1.79947;-2.47695
0.138003;-0.12111;-1.92054;-8.3944e-17;-1.79943;-2.48666
0.140186;-0.121148;-1.92057;-8.37584e-17;-1.79942;-2.49638
0.142383;-0.121157;-1.92058;-8.35767e-17;-1.79943;-2.50612
0.144594;-0.121134;-1.92059;-8.33988e-17;-1.79946;-2.51587
0.146818;-0.121082;-1.9206;-8.32247e-17;-1.79952;-2.52563
0.149055;-0.120998;-1.92059;-8.30546e-17;-1.7996;-2.53541
0.151306;-0.120883;-1.92058;-8.28885e-17;-1.7997;-2.5452
0.153568;-0.120737;-1.92056;-8.27264e-17;-1.79983;-2.555
0.155843;-0.12056;-1.92054;-8.25683e-17;-1.79998;-2.56482
0.15813;-0.12035;-1.9205;-8.24143e-17;-1.80015;-2.57464
0.160428;-0.120109;-1.92046;-8.22645e-17;-1.80035;-2.58448
0.162737;-0.119835;-1.92041;-8.21188e-17;-1.80057;-2.59433
0.165058;-0.119529;-1.92035;-8.19773e-17;-1.80082;-2.60419
0.167389;-0.11919;-1.92028;-8.18401e-17;-1.80109;-2.61406
0.16973;-0.118818;-1.9202;-8.17072e-17;-1.80138;-2.62394
0.172081;-0.118413;-1.92011;-8.15786e-17;-1.80169;-2.63383
0.174442;-0.117974;-1.92;-8.14544e-17;-1.80203;-2.64373
0.176812;-0.117502;-1.91989;-8.13347e-17;-1.80239;-2.65363
0.179191;-0.116996;-1.91977;-8.12193e-17;-1.80278;-2.66355
0.181578;-0.116457;-1.91964;-8.11085e-17;-1.80318;-2.67348
0.183974;-0.115883;-1.91949;-8.10022e-17;-1.80361;-2.68341
0.186377;-0.115274;-1.91934;-8.09005e-17;-1.80406;-2.69335
0.188788;-0.114631;-1.91917;-8.08035e-17;-1.80454;-2.70329
0.191206;-0.113954;-1.91899;-8.0711e-17;-1.80503;-2.71324
0.19363;-0.113241;-1.91879;-8.06233e-17;-1.80555;-2.7232
0.196061;-0.112494;-1.91859;-8.05403e-17;-1.80609;-2.73317
0.198498;-0.111711;-1.91836;-8.04621e-17;-1.80665;-2.74314
0.200941;-0.110893;-1.91813;-8.03886e-17;-1.80724;-2.75311
0.203388;-0.110039;-1.91788;-8.03201e-17;-1.80784;-2.76309
0.205841;-0.109149;-1.91761;-8.02564e-17;-1.80847;-2.77307
0.208297;-0.108224;-1.91734;-8.01976e-17;-1.80911;-2.78305
0.210758;-0.107263;-1.91704;-8.01438e-17;-1.80978;-2.79304
0.213223;-0.106265;-1.91673;-8.00949e-17;-1.81046;-2.80303
0.215691;-0.105232;-1.9164;-8.00511e-17;-1.81117;-2.81302
0.218161;-0.104162;-1.91606;-8.00123e-17;-1.8119;-2.82301
0.220634;-0.103055;-1.9157;-7.99786e-17;-1.81264;-2.833
0.223109;-0.101913;-1.91532;-7.99501e-17;-1.81341;-2.843
0.225586;-0.100733;-1.91492;-7.99266e-17;-1.81419;-2.85299
0.228064;-0.0995168;-1.91451;-7.99084e-17;-1.81499;-2.86298
0.230543;-0.0982639;-1.91408;-7.98953e-17;-1.81581;-2.87297
0.233022;-0.096974;-1.91363;-7.98875e-17;-1.81665;-2.88296
0.235502;-0.0956473;-1.91315;-7.98849e-17;-1.81751;-2.89295
0.237981;-0.0942837;-1.91266;-7.98876e-17;-1.81838;-2.90293
0.24046;-0.0928831;-1.91215;-7.98955e-17;-1.81927;-2.91292
0.242937;-0.0914454;-1.91162;-7.99089e-17;-1.82017;-2.92289
0.245413;-0.0899707;-1.91107;-7.99275e-17;-1.8211;-2.93286
0.247887;-0.088459;-1.91049;-7.99515e-17;-1.82203;-2.94283
0.250359;-0.0869102;-1.90989;-7.99809e-17;-1.82298;-2.9528
0.252828;-0.0853243;-1.90928;-8.00157e-17;-1.82395;-2.96275
0.255294;-0.0837014;-1.90863;-8.00559e-17;-1.82493;-2.9727
0.257756;-0.0820415;-1.90797;-8.01015e-17;-1.82593;-2.98265
0.260215;-0.0803447;-1.90728;-8.01525e-17;-1.82694;-2.99258
0.262669;-0.0786108;-1.90657;-8.0209e-17;-1.82796;-3.00251
0.265119;-0.0768401;-1.90583;-8.02709e-17;-1.82899;-3.01243
0.267564;-0.0750326;-1.90507;-8.03383e-17;-1.83004;-3.02234
0.270004;-0.0731883;-1.90428;-8.04112e-17;-1.83109;-3.03224
0.272438;-0.0713074;-1.90347;-8.04895e-17;-1.83216;-3.04213
0.274865;-0.0693898;-1.90263;-8.05733e-17;-1.83324;-3.05201
0.277287;-0.0674358;-1.90177;-8.06625e-17;-1.83433;-3.06188
0.279701;-0.0654455;-1.90087;-8.07572e-17;-1.83543;-3.07174
0.282109;-0.0634188;-1.89995;-8.08573e-17;-1.83654;-3.08159
0.284508;-0.0613561;-1.89901;-8.09629e-17;-1.83765;-3.09142
0.2869;-0.0592574;-1.89803;-8.1074e-17;-1.83877;-3.10124
0.289284;-0.0571228;-1.89703;-8.11904e-17;-1.83991;-3.11105
0.291659;-0.0549526;-1.896;-8.13123e-17;-1.84104;-3.12084
0.294025;-0.0527469;-1.89493;-8.14396e-17;-1.84219;-3.13062
0.296382;-0.0505059;-1.89384;-8.15722e-17;-1.84334;-3.14038
0.298729;-0.0482298;-1.89272;-8.17102e-17;-1.84449;-3.15013
0.301067;-0.0459187;-1.89157;-8.18536e-17;-1.84565;-3.15986
0.303394;-0.0435729;-1.89039;-8.20023e-17;-1.84681;-3.16957
0.305711;-0.0411926;-1.88917;-8.21563e-17;-1.84798;-3.17927
0.308017;-0.038778;-1.88793;-8.23156e-17;-1.84915;-3.18895
0.310312;-0.0363293;-1.88665;-8.24801e-17;-1.85032;-3.19862
0.312595;-0.0338468;-1.88534;-8.26498e-17;-1.8515;-3.20826
0.314867;-0.0313308;-1.884;-8.28247e-17;-1.85267;-3.21789
0.317127;-0.0287815;-1.88263;-8.30048e-17;-1.85385;-3.22749
0.319374;-0.0261992;-1.88122;-8.319e-17;-1.85503;-3.23708
0.321609;-0.0235841;-1.87978;-8.33802e-17;-1.8562;-3.24665
0.323831;-0.0209365;-1.87831;-8.35755e-17;-1.85737;-3.25619
0.32604;-0.0182568;-1.8768;-8.37758e-17;-1.85855;-3.26572
0.328236;-0.0155452;-1.87526;-8.3981e-17;-1.85972;-3.27522
0.330418;-0.012802;-1.87369;-8.41911e-17;-1.86088;-3.28471
0.332586;-0.0100276;-1.87208;-8.44061e-17;-1.86205;-3.29417
0.33474;-0.0072223;-1.87043;-8.46258e-17;-1.86321;-3.3036
0.33688;-0.00438637;-1.86875;-8.48504e-17;-1.86436;-3.31302
0.339006;-0.00152017;-1.86703;-8.50795e-17;-1.86551;-3.32241
0.341117;0.00137593;-1.86528;-8.53134e-17;-1.86666;-3.33178
0.343213;0.00430161;-1.86349;-8.55518e-17;-1.86779;-3.34112
0.345294;0.0072565;-1.86167;-8.57947e-17;-1.86893;-3.35044
0.347359;0.0102402;-1.85981;-8.60421e-17;-1.87005;-3.35974
0.349409;0.0132525;-1.85791;-8.62938e-17;-1.87116;-3.36901
0.351443;0.0162928;-1.85598;-8.65499e-17;-1.87227;-3.37825
0.353462;0.0193609;-1.85401;-8.68102e-17;-1.87337;-3.38747
0.355464;0.0224563;-1.852;-8.70747e-17;-1.87445;-3.39666
0.357451;0.0255787;-1.84995;-8.73434e-17;-1.87553;-3.40583
0.359421;0.0287277;-1.84787;-8.7616e-17;-1.8766;-3.41496
0.361374;0.0319029;-1.84575;-8.78926e-17;-1.87765;-3.42408
0.363311;0.0351038;-1.84359;-8.81731e-17;-1.87869;-3.43316
0.365231;0.0383302;-1.84139;-8.84574e-17;-1.87972;-3.44222
0.367134;0.0415815;-1.83916;-8.87455e-17;-1.88074;-3.45125
0.369021;0.0448574;-1.83689;-8.90371e-17;-1.88174;-3.46025
0.37089;0.0481575;-1.83458;-8.93324e-17;-1.88273;-3.46922
0.372742;0.0514814;-1.83223;-8.96311e-17;-1.88371;-3.47816
0.374576;0.0548286;-1.82984;-8.99333e-17;-1.88467;-3.48708
0.376394;0.0581988;-1.82741;-9.02387e-17;-1.88561;-3.49596
0.378193;0.0615914;-1.82495;-9.05474e-17;-1.88654;-3.50482
0.379976;0.0650063;-1.82244;-9.08593e-17;-1.88745;-3.51365
0.38174;0.0684428;-1.8199;-9.11742e-17;-1.88834;-3.52244
0.383487;0.0719006;-1.81732;-9.1492e-17;-1.88922;-3.53121
0.385216;0.0753793;-1.8147;-9.18128e-17;-1.89007;-3.53995
0.386927;0.0788784;-1.81204;-9.21364e-17;-1.89091;-3.54865
0.38862;0.0823976;-1.80934;-9.24627e-17;-1.89173;-3.55733
0.390296;0.0859365;-1.8066;-9.27916e-17;-1.89254;-3.56597
0.391953;0.0894945;-1.80382;-9.3123e-17;-1.89332;-3.57459
0.393592;0.0930715;-1.80101;-9.34569e-17;-1.89408;-3.58317
0.395213;0.0966668;-1.79815;-9.37932e-17;-1.89482;-3.59172
0.396817;0.10028;-1.79526;-9.41317e-17;-1.89554;-3.60024
0.398402;0.103911;-1.79233;-9.44724e-17;-1.89624;-3.60873
0.399969;0.107559;-1.78936;-9.48152e-17;-1.89691;-3.61718
0.401518;0.111224;-1.78635;-9.51599e-17;-1.89757;-3.62561
0.403049;0.114906;-1.7833;-9.55066e-17;-1.8982;-3.634
0.404561;0.118603;-1.78021;-9.58551e-17;-1.89881;-3.64236
0.406056;0.122316;-1.77708;-9.62053e-17;-1.8994;-3.65069
0.407533;0.126045;-1.77392;-9.65572e-17;-1.89996;-3.65899
0.408991;0.129788;-1.77072;-9.69106e-17;-1.9005;-3.66725
0.410432;0.133546;-1.76747;-9.72655e-17;-1.90102;-3.67548
0.411854;0.137318;-1.76419;-9.76217e-17;-1.90151;-3.68368
0.413259;0.141103;-1.76087;-9.79793e-17;-1.90198;-3.69185
0.414645;0.144903;-1.75752;-9.8338e-17;-1.90242;-3.69998
0.416014;0.148715;-1.75412;-9.86978e-17;-1.90284;-3.70809
0.417365;0.15254;-1.75069;-9.90587e-17;-1.90323;-3.71616
0.418698;0.156377;-1.74722;-9.94204e-17;-1.9036;-3.72419
0.420013;0.160226;-1.74371;-9.97831e-17;-1.90394;-3.7322
0.42131;0.164088;-1.74017;-1.00147e-16;-1.90425;-3.74017
0.42259;0.16796;-1.73658;-1.00511e-16;-1.90454;-3.7481
0.423853;0.171843;-1.73296;-1.00875e-16;-1.9048;-3.75601
0.425098;0.175738;-1.7293;-1.01241e-16;-1.90504;-3.76388
0.426325;0.179642;-1.72561;-1.01606e-16;-1.90525;-3.77172
0.427535;0.183557;-1.72187;-1.01972e-16;-1.90543;-3.77953
0.428728;0.187482;-1.7181;-1.02339e-16;-1.90558;-3.7873
0.429903;0.191416;-1.7143;-1.02705e-16;-1.90571;-3.79504
0.431062;0.195359;-1.71045;-1.03072e-16;-1.90581;-3.80275
0.432203;0.199312;-1.70657;-1.03438e-16;-1.90588;-3.81043
0.433328;0.203273;-1.70265;-1.03805e-16;-1.90593;-3.81807
0.434435;0.207242;-1.6987;-1.04172e-16;-1.90594;-3.82568
0.435526;0.21122;-1.69471;-1.04538e-16;-1.90593;-3.83326
0.4366;0.215206;-1.69069;-1.04904e-16;-1.90589;-3.8408
0.437658;0.219199;-1.68662;-1.0527e-16;-1.90582;-3.84832
0.438699;0.2232;-1.68253;-1.05636e-16;-1.90573;-3.8558
0.439724;0.227209;-1.67839;-1.06001e-16;-1.9056;-3.86325
0.440732;0.231224;-1.67423;-1.06366e-16;-1.90545;-3.87066
0.441724;0.235246;-1.67002;-1.0673e-16;-1.90527;-3.87805
0.4427;0.239275;-1.66578;-1.07094e-16;-1.90506;-3.8854
0.443661;0.24331;-1.66151;-1.07457e-16;-1.90482;-3.89272
0.444605;0.247352;-1.6572;-1.07819e-16;-1.90455;-3.90001
0.445534;0.251399;-1.65285;-1.0818e-16;-1.90425;-3.90726
0.446447;0.255453;-1.64848;-1.08541e-16;-1.90393;-3.91449
0.447345;0.259512;-1.64406;-1.08901e-16;-1.90357;-3.92168
0.448227;0.263577;-1.63961;-1.09259e-16;-1.90319;-3.92884
0.449094;0.267648;-1.63513;-1.09617e-16;-1.90278;-3.93597
0.449945;0.271723;-1.63061;-1.09974e-16;-1.90234;-3.94307
0.450782;0.275804;-1.62606;-1.1033e-16;-1.90187;-3.95014
0.451604;0.27989;-1.62148;-1.10684e-16;-1.90137;-3.95717
0.452411;0.283982;-1.61686;-1.11038e-16;-1.90084;-3.96418
0.453204;0.288077;-1.6122;-1.1139e-16;-1.90028;-3.97115
0.453981;0.292178;-1.60752;-1.11741e-16;-1.8997;-3.9781
0.454745;0.296283;-1.6028;-1.12091e-16;-1.89908;-3.98501
0.455494;0.300393;-1.59804;-1.1244e-16;-1.89844;-3.9919
0.456229;0.304507;-1.59326;-1.12787e-16;-1.89776;-3.99875
0.45695;0.308626;-1.58844;-1.13132e-16;-1.89706;-4.00557
0.457657;0.312749;-1.58358;-1.13477e-16;-1.89633;-4.01237
0.45835;0.316876;-1.5787;-1.1382e-16;-1.89557;-4.01913
0.459029;0.321007;-1.57378;-1.14161e-16;-1.89478;-4.02586
0.459695;0.325142;-1.56882;-1.14501e-16;-1.89397;-4.03257
0.460347;0.329282;-1.56384;-1.14839e-16;-1.89312;-4.03924
0.460986;0.333425;-1.55882;-1.15176e-16;-1.89224;-4.04588
0.461612;0.337572;-1.55377;-1.15511e-16;-1.89134;-4.0525
0.462225;0.341723;-1.54868;-1.15845e-16;-1.89041;-4.05909
0.462824;0.345878;-1.54357;-1.16177e-16;-1.88945;-4.06564
0.463411;0.350037;-1.53842;-1.16507e-16;-1.88846;-4.07217
0.463985;0.3542;-1.53324;-1.16836e-16;-1.88744;-4.07867
0.464547;0.358366;-1.52803;-1.17163e-16;-1.88639;-4.08514
0.465096;0.362536;-1.52278;-1.17488e-16;-1.88532;-4.09158
0.465633;0.36671;-1.5175;-1.17812e-16;-1.88421;-4.098
0.466157;0.370888;-1.51219;-1.18133e-16;-1.88308;-4.10438
0.466669;0.375069;-1.50685;-1.18453e-16;-1.88192;-4.11074
0.46717;0.379254;-1.50148;-1.18772e-16;-1.88073;-4.11707
0.467658;0.383443;-1.49607;-1.19088e-16;-1.87952;-4.12337
0.468135;0.387636;-1.49064;-1.19403e-16;-1.87827;-4.12964
0.4686;0.391832;-1.48517;-1.19716e-16;-1.877;-4.13589
0.469053;0.396032;-1.47967;-1.20027e-16;-1.8757;-4.14211
0.469496;0.400237;-1.47413;-1.20336e-16;-1.87437;-4.1483
0.469926;0.404445;-1.46857;-1.20643e-16;-1.87301;-4.15446
0.470346;0.408657;-1.46297;-1.20949e-16;-1.87163;-4.1606
0.470755;0.412873;-1.45734;-1.21252e-16;-1.87021;-4.16671
0.471152;0.417093;-1.45168;-1.21554e-16;-1.86877;-4.17279
0.471539;0.421318;-1.44599;-1.21854e-16;-1.86731;-4.17884
0.471915;0.425546;-1.44027;-1.22152e-16;-1.86581;-4.18487
0.472281;0.429779;-1.43451;-1.22449e-16;-1.86429;-4.19087
0.472636;0.434016;-1.42872;-1.22743e-16;-1.86274;-4.19685
0.472981;0.438258;-1.4229;-1.23035e-16;-1.86116;-4.20279
0.473315;0.442504;-1.41705;-1.23326e-16;-1.85955;-4.20872
0.473639;0.446755;-1.41117;-1.23615e-16;-1.85792;-4.21461
0.473954;0.45101;-1.40525;-1.23902e-16;-1.85626;-4.22048
0.474258;0.45527;-1.3993;-1.24187e-16;-1.85457;-4.22633
0.474553;0.459536;-1.39332;-1.24471e-16;-1.85286;-4.23214
0.474838;0.463806;-1.38731;-1.24752e-16;-1.85112;-4.23794
0.475113;0.468081;-1.38126;-1.25032e-16;-1.84935;-4.2437
0.475379;0.472362;-1.37519;-1.25309e-16;-1.84755;-4.24944
0.475635;0.476649;-1.36908;-1.25586e-16;-1.84573;-4.25516
0.475883;0.48094;-1.36293;-1.2586e-16;-1.84388;-4.26085
0.476121;0.485238;-1.35676;-1.26132e-16;-1.842;-4.26651
0.47635;0.489541;-1.35055;-1.26403e-16;-1.84009;-4.27215
0.47657;0.493851;-1.34431;-1.26672e-16;-1.83816;-4.27777
0.476781;0.498166;-1.33804;-1.26939e-16;-1.8362;-4.28336
0.476984;0.502488;-1.33173;-1.27204e-16;-1.83422;-4.28892
0.477178;0.506817;-1.32539;-1.27468e-16;-1.8322;-4.29446
0.477363;0.511152;-1.31901;-1.2773e-16;-1.83016;-4.29998
0.47754;0.515495;-1.3126;-1.2799e-16;-1.8281;-4.30547
0.477709;0.519844;-1.30616;-1.28248e-16;-1.826;-4.31094
0.47787;0.524201;-1.29968;-1.28505e-16;-1.82388;-4.31638
0.478022;0.528565;-1.29317;-1.2876e-16;-1.82173;-4.3218
0.478167;0.532937;-1.28662;-1.29014e-16;-1.81956;-4.32719
0.478303;0.537317;-1.28004;-1.29265e-16;-1.81736;-4.33256
0.478432;0.541706;-1.27342;-1.29516e-16;-1.81513;-4.33791
0.478553;0.546102;-1.26677;-1.29764e-16;-1.81287;-4.34323
0.478666;0.550508;-1.26008;-1.30011e-16;-1.81059;-4.34853
0.478772;0.554922;-1.25335;-1.30257e-16;-1.80828;-4.3538
0.478871;0.559346;-1.24659;-1.305e-16;-1.80594;-4.35905
0.478962;0.56378;-1.23979;-1.30743e-16;-1.80357;-4.36428
0.479046;0.568223;-1.23296;-1.30984e-16;-1.80118;-4.36949
0.479123;0.572676;-1.22608;-1.31223e-16;-1.79876;-4.37467
0.479193;0.57714;-1.21917;-1.31461e-16;-1.79631;-4.37983
0.479256;0.581614;-1.21222;-1.31697e-16;-1.79383;-4.38496
0.479312;0.5861;-1.20523;-1.31932e-16;-1.79133;-4.39008
0.479361;0.590598;-1.1982;-1.32166e-16;-1.7888;-4.39517
0.479403;0.595107;-1.19113;-1.32398e-16;-1.78624;-4.40023
0.479439;0.599628;-1.18402;-1.32629e-16;-1.78365;-4.40528
0.479469;0.604162;-1.17687;-1.32858e-16;-1.78103;-4.4103
0.479492;0.608709;-1.16967;-1.33086e-16;-1.77838;-4.4153
0.479508;0.61327;-1.16244;-1.33313e-16;-1.77571;-4.42028
0.479519;0.617845;-1.15516;-1.33539e-16;-1.773;-4.42523
0.479523;0.622434;-1.14783;-1.33763e-16;-1.77027;-4.43016
0.479521;0.627039;-1.14046;-1.33986e-16;-1.7675;-4.43507
0.479513;0.631659;-1.13305;-1.34208e-16;-1.76471;-4.43996
0.479499;0.636294;-1.12559;-1.34429e-16;-1.76188;-4.44483
0.479479;0.640947;-1.11808;-1.34649e-16;-1.75903;-4.44967
0.479454;0.645617;-1.11052;-1.34867e-16;-1.75614;-4.45449
0.479422;0.650304;-1.10291;-1.35085e-16;-1.75322;-4.45929
0.479385;0.655011;-1.09526;-1.35301e-16;-1.75027;-4.46407
0.479342;0.659736;-1.08755;-1.35517e-16;-1.74728;-4.46883
0.479294;0.664481;-1.07979;-1.35731e-16;-1.74427;-4.47356
0.479241;0.669246;-1.07197;-1.35945e-16;-1.74122;-4.47828
0.479181;0.674033;-1.0641;-1.36157e-16;-1.73814;-4.48297
0.479117;0.678842;-1.05617;-1.36369e-16;-1.73502;-4.48764
0.479047;0.683674;-1.04819;-1.3658e-16;-1.73186;-4.49229
0.478973;0.68853;-1.04015;-1.3679e-16;-1.72868;-4.49692
0.478893;0.693411;-1.03204;-1.36999e-16;-1.72545;-4.50152
0.478808;0.698317;-1.02387;-1.37208e-16;-1.72219;-4.50611
0.478717;0.70325;-1.01564;-1.37415e-16;-1.71889;-4.51067
0.478622;0.70821;-1.00734;-1.37623e-16;-1.71555;-4.51522
0.478523;0.713199;-0.998974;-1.37829e-16;-1.71217;-4.51974
0.478418;0.718219;-0.990537;-1.38035e-16;-1.70876;-4.52424
0.478308;0.723269;-0.982028;-1.3824e-16;-1.7053;-4.52872
0.478194;0.728352;-0.973444;-1.38445e-16;-1.7018;-4.53318
0.478075;0.733468;-0.964784;-1.3865e-16;-1.69825;-4.53762
0.477952;0.73862;-0.956044;-1.38854e-16;-1.69466;-4.54204
0.477824;0.743808;-0.947222;-1.39057e-16;-1.69103;-4.54644
0.477692;0.749034;-0.938315;-1.39261e-16;-1.68735;-4.55081
0.477555;0.7543;-0.92932;-1.39464e-16;-1.68362;-4.55517
0.477414;0.759608;-0.920234;-1.39667e-16;-1.67984;-4.55951
0.477268;0.764959;-0.911053;-1.39869e-16;-1.67601;-4.56382
0.477119;0.770356;-0.901775;-1.40072e-16;-1.67213;-4.56812
0.476965;0.7758;-0.892395;-1.40274e-16;-1.66819;-4.5724
0.476807;0.781294;-0.882908;-1.40477e-16;-1.6642;-4.57665
0.476645;0.78684;-0.873311;-1.4068e-16;-1.66015;-4.58089
0.476478;0.79244;-0.863599;-1.40883e-16;-1.65604;-4.5851
0.476308;0.798098;-0.853767;-1.41086e-16;-1.65187;-4.5893
0.476134;0.803817;-0.843809;-1.41289e-16;-1.64763;-4.59347
0.475956;0.809599;-0.83372;-1.41493e-16;-1.64332;-4.59763
0.475774;0.815447;-0.823494;-1.41698e-16;-1.63894;-4.60176
0.475589;0.821366;-0.813122;-1.41903e-16;-1.63449;-4.60588
0.4754;0.82736;-0.802599;-1.42109e-16;-1.62996;-4.60997
0.475207;0.833432;-0.791916;-1.42315e-16;-1.62535;-4.61405
0.47501;0.839588;-0.781065;-1.42523e-16;-1.62065;-4.6181
0.47481;0.845833;-0.770035;-1.42732e-16;-1.61587;-4.62214
0.474606;0.852171;-0.758817;-1.42942e-16;-1.61099;-4.62616
0.474399;0.85861;-0.747398;-1.43153e-16;-1.60601;-4.63015
0.474188;0.865155;-0.735767;-1.43366e-16;-1.60092;-4.63413
0.473974;0.871816;-0.723909;-1.4358e-16;-1.59572;-4.63809
0.473757;0.878599;-0.711808;-1.43797e-16;-1.59041;-4.64203
0.473536;0.885514;-0.699447;-1.44015e-16;-1.58496;-4.64595
0.473313;0.892572;-0.686806;-1.44237e-16;-1.57938;-4.64985
0.473086;0.899784;-0.673863;-1.44461e-16;-1.57365;-4.65373
0.472855;0.907164;-0.660593;-1.44688e-16;-1.56776;-4.65759
0.472622;0.914727;-0.646966;-1.44918e-16;-1.56169;-4.66143
0.472386;0.922491;-0.63295;-1.45152e-16;-1.55544;-4.66525
0.472146;0.930476;-0.618504;-1.45391e-16;-1.54898;-4.66906
0.471904;0.938707;-0.603584;-1.45635e-16;-1.54229;-4.67284
0.471659;0.947213;-0.588135;-1.45885e-16;-1.53535;-4.67661
0.47141;0.956028;-0.572092;-1.46141e-16;-1.52812;-4.68035
0.471159;0.965194;-0.555373;-1.46404e-16;-1.52057;-4.68408
0.470906;0.974764;-0.537881;-1.46677e-16;-1.51265;-4.68779
0.470649;0.984805;-0.519488;-1.4696e-16;-1.50429;-4.69148
0.47039;0.995404;-0.500029;-1.47256e-16;-1.49543;-4.69515
0.470128;1.00668;-0.479284;-1.47567e-16;-1.48596;-4.69881
0.469863;1.01879;-0.456944;-1.47898e-16;-1.47573;-4.70244
0.469596;1.03198;-0.432552;-1.48255e-16;-1.46453;-4.70606
0.469327;1.04663;-0.405385;-1.48647e-16;-1.45201;-4.70965
0.469054;1.06342;-0.374162;-1.49091e-16;-1.43758;-4.71323
0.46878;1.08378;-0.336154;-1.49623e-16;-1.41993;-4.71679
0.468503;1.11232;-0.282645;-1.50359e-16;-1.39497;-4.72033
0.468223;nan;-nan;nan;-nan;nan
0.467942;nan;-nan;nan;-nan;nan
0.467658;nan;-nan;nan;-nan;nan
0.467372;nan;-nan;nan;-nan;nan
0.467083;nan;-nan;nan;-nan;nan
0.466793;nan;-nan;nan;-nan;nan
0.4665;nan;-nan;nan;-nan;nan
0.466205;nan;-nan;nan;-nan;nan
0.465908;nan;-nan;nan;-nan;nan
0.465609;nan;-nan;nan;-nan;nan
0.465309;nan;-nan;nan;-nan;nan
0.465006;nan;-nan;nan;-nan;nan
0.464702;nan;-nan;nan;-nan;nan
0.464395;nan;-nan;nan;-nan;nan
0.464087;nan;-nan;nan;-nan;nan
0.463777;nan;-nan;nan;-nan;nan
0.463465;nan;-nan;nan;-nan;nan
0.463152;nan;-nan;nan;-nan;nan
0.462837;nan;-nan;nan;-nan;nan
0.462521;nan;-nan;nan;-nan;nan
0.462202;nan;-nan;nan;-nan;nan
0.461883;nan;-nan;nan;-nan;nan
0.461562;nan;-nan;nan;-nan;nan
0.461239;nan;-nan;nan;-nan;nan
0.460915;nan;-nan;nan;-nan;nan
0.46059;nan;-nan;nan;-nan;nan
0.460263;nan;-nan;nan;-nan;nan
0.459935;nan;-nan;nan;-nan;nan
0.459606;nan;-nan;nan;-nan;nan
0.459276;nan;-nan;nan;-nan;nan
0.458944;nan;-nan;nan;-nan;nan
0.458611;nan;-nan;nan;-nan;nan
0.458277;nan;-nan;nan;-nan;nan
0.457942;nan;-nan;nan;-nan;nan
0.457606;nan;-nan;nan;-nan;nan
0.45727;nan;-nan;nan;-nan;nan
0.456932;nan;-nan;nan;-nan;nan
0.456593;nan;-nan;nan;-nan;nan
0.456253;nan;-nan;nan;-nan;nan
0.455913;nan;-nan;nan;-nan;nan
0.455571;nan;-nan;nan;-nan;nan
0.455229;nan;-nan;nan;-nan;nan
0.454886;nan;-nan;nan;-nan;nan
0.454543;nan;-nan;nan;-nan;nan
0.454199;nan;-nan;nan;-nan;nan
0.453854;nan;-nan;nan;-nan;nan
0.453508;nan;-nan;nan;-nan;nan
0.453162;nan;-nan;nan;-nan;nan
0.452816;nan;-nan;nan;-nan;nan
0.452469;nan;-nan;nan;-nan;nan
0.452122;nan;-nan;nan;-nan;nan
0.451774;nan;-nan;nan;-nan;nan
0.451426;nan;-nan;nan;-nan;nan
0.451077;nan;-nan;nan;-nan;nan
0.450728;nan;-nan;nan;-nan;nan
0.450379;nan;-nan;nan;-nan;nan
0.45003;nan;-nan;nan;-nan;nan
0.44968;nan;-nan;nan;-nan;nan
0.44933;nan;-nan;nan;-nan;nan
0.44898;nan;-nan;nan;-nan;nan
0.44863;nan;-nan;nan;-nan;nan
0.44828;nan;-nan;nan;-nan;nan
0.44793;nan;-nan;nan;-nan;nan
0.44758;nan;-nan;nan;-nan;nan
0.44723;nan;-nan;nan;-nan;nan
0.446879;nan;-nan;nan;-nan;nan
0.446529;nan;-nan;nan;-nan;nan
0.446179;nan;-nan;nan;-nan;nan
0.445828;nan;-nan;nan;-nan;nan
0.445478;nan;-nan;nan;-nan;nan
0.445128;nan;-nan;nan;-nan;nan
0.444778;nan;-nan;nan;-nan;nan
0.444428;nan;-nan;nan;-nan;nan
0.444079;nan;-nan;nan;-nan;nan
0.443729;nan;-nan;nan;-nan;nan
0.44338;nan;-nan;nan;-nan;nan
0.443031;nan;-nan;nan;-nan;nan
0.442682;nan;-nan;nan;-nan;nan
0.442333;nan;-nan;nan;-nan;nan
0.441984;nan;-nan;nan;-nan;nan
0.441636;nan;-nan;nan;-nan;nan
0.441288;nan;-nan;nan;-nan;nan
0.44094;nan;-nan;nan;-nan;nan
0.440593;nan;-nan;nan;-nan;nan
0.440246;nan;-nan;nan;-nan;nan
0.439899;nan;-nan;nan;-nan;nan
0.439552;nan;-nan;nan;-nan;nan
0.439206;nan;-nan;nan;-nan;nan
0.43886;nan;-nan;nan;-nan;nan
0.438515;nan;-nan;nan;-nan;nan
0.43817;nan;-nan;nan;-nan;nan
0.437825;nan;-nan;nan;-nan;nan
0.437481;nan;-nan;nan;-nan;nan
0.437137;nan;-nan;nan;-nan;nan
0.436794;nan;-nan;nan;-nan;nan
0.436451;nan;-nan;nan;-nan;nan
0.436109;nan;-nan;nan;-nan;nan
0.435767;nan;-nan;nan;-nan;nan
0.435426;nan;-nan;nan;-nan;nan
0.435085;nan;-nan;nan;-nan;nan
0.434745;nan;-nan;nan;-nan;nan
0.434406;nan;-nan;nan;-nan;nan
0.434067;nan;-nan;nan;-nan;nan
0.433728;nan;-nan;nan;-nan;nan
0.433391;nan;-nan;nan;-nan;nan
0.433054;nan;-nan;nan;-nan;nan
0.432718;nan;-nan;nan;-nan;nan
0.432382;nan;-nan;nan;-nan;nan
0.432047;nan;-nan;nan;-nan;nan
0.431713;nan;-nan;nan;-nan;nan
0.43138;nan;-nan;nan;-nan;nan
0.431047;nan;-nan;nan;-nan;nan
0.430716;nan;-nan;nan;-nan;nan
0.430385;nan;-nan;nan;-nan;nan
0.430055;nan;-nan;nan;-nan;nan
0.429726;nan;-nan;nan;-nan;nan
0.429398;nan;-nan;nan;-nan;nan
0.429071;nan;-nan;nan;-nan;nan
0.428745;nan;-nan;nan;-nan;nan
0.42842;nan;-nan;nan;-nan;nan
0.428096;nan;-nan;nan;-nan;nan
0.427773;nan;-nan;nan;-nan;nan
0.427451;nan;-nan;nan;-nan;nan
0.427131;nan;-nan;nan;-nan;nan
0.426811;nan;-nan;nan;-nan;nan
0.426493;nan;-nan;nan;-nan;nan
0.426175;nan;-nan;nan;-nan;nan
0.42586;nan;-nan;nan;-nan;nan
0.425545;nan;-nan;nan;-nan;nan
0.425232;nan;-nan;nan;-nan;nan
0.42492;nan;-nan;nan;-nan;nan
0.424609;nan;-nan;nan;-nan;nan
0.4243;nan;-nan;nan;-nan;nan
0.423992;nan;-nan;nan;-nan;nan
0.423686;nan;-nan;nan;-nan;nan
0.423381;nan;-nan;nan;-nan;nan
0.423078;nan;-nan;nan;-nan;nan
0.422776;nan;-nan;nan;-nan;nan
0.422476;nan;-nan;nan;-nan;nan
0.422177;nan;-nan;nan;-nan;nan
0.42188;nan;-nan;nan;-nan;nan
0.421585;nan;-nan;nan;-nan;nan
0.421292;nan;-nan;nan;-nan;nan
0.421;nan;-nan;nan;-nan;nan
0.42071;nan;-nan;nan;-nan;nan
0.420422;nan;-nan;nan;-nan;nan
0.420136;nan;-nan;nan;-nan;nan
0.419852;nan;-nan;nan;-nan;nan
0.419569;nan;-nan;nan;-nan;nan
0.419289;nan;-nan;nan;-nan;nan
0.419011;nan;-nan;nan;-nan;nan
0.418734;nan;-nan;nan;-nan;nan
0.41846;nan;-nan;nan;-nan;nan
0.418188;nan;-nan;nan;-nan;nan
0.417918;nan;-nan;nan;-nan;nan
0.41765;nan;-nan;nan;-nan;nan
0.417384;nan;-nan;nan;-nan;nan
0.417121;nan;-nan;nan;-nan;nan
0.41686;nan;-nan;nan;-nan;nan
0.416601;nan;-nan;nan;-nan;nan
0.416345;nan;-nan;nan;-nan;nan
0.41609;nan;-nan;nan;-nan;nan
0.415839;nan;-nan;nan;-nan;nan
0.41559;nan;-nan;nan;-nan;nan
0.415343;nan;-nan;nan;-nan;nan
0.415098;nan;-nan;nan;-nan;nan
0.414857;nan;-nan;nan;-nan;nan
0.414618;nan;-nan;nan;-nan;nan
0.414381;nan;-nan;nan;-nan;nan
0.414147;nan;-nan;nan;-nan;nan
0.413916;nan;-nan;nan;-nan;nan
0.413687;nan;-nan;nan;-nan;nan
0.413461;nan;-nan;nan;-nan;nan
0.413238;nan;-nan;nan;-nan;nan
0.413017;nan;-nan;nan;-nan;nan
0.412799;nan;-nan;nan;-nan;nan
0.412584;nan;-nan;nan;-nan;nan
0.412372;nan;-nan;nan;-nan;nan
0.412162;nan;-nan;nan;-nan;nan
0.411955;nan;-nan;nan;-nan;nan
0.411751;nan;-nan;nan;-nan;nan
0.41155;nan;-nan;nan;-nan;nan
0.411352;nan;-nan;nan;-nan;nan
0.411157;nan;-nan;nan;-nan;nan
0.410964;nan;-nan;nan;-nan;nan
0.410775;nan;-nan;nan;-nan;nan
0.410588;nan;-nan;nan;-nan;nan
0.410404;nan;-nan;nan;-nan;nan
0.410223;nan;-nan;nan;-nan;nan
0.410045;nan;-nan;nan;-nan;nan
0.40987;nan;-nan;nan;-nan;nan
0.409697;nan;-nan;nan;-nan;nan
0.409528;nan;-nan;nan;-nan;nan
0.409362;nan;-nan;nan;-nan;nan
0.409198;nan;-nan;nan;-nan;nan
0.409037;nan;-nan;nan;-nan;nan
0.40888;nan;-nan;nan;-nan;nan
0.408725;nan;-nan;nan;-nan;nan
0.408573;nan;-nan;nan;-nan;nan
0.408423;nan;-nan;nan;-nan;nan
0.408277;nan;-nan;nan;-nan;nan
0.408134;nan;-nan;nan;-nan;nan
0.407993;nan;-nan;nan;-nan;nan
0.407855;nan;-nan;nan;-nan;nan
0.40772;nan;-nan;nan;-nan;nan
0.407588;nan;-nan;nan;-nan;nan
0.407459;nan;-nan;nan;-nan;nan
0.407332;nan;-nan;nan;-nan;nan
0.407208;nan;-nan;nan;-nan;nan
0.407087;nan;-nan;nan;-nan;nan
0.406968;nan;-nan;nan;-nan;nan
0.406853;nan;-nan;nan;-nan;nan
0.40674;nan;-nan;nan;-nan;nan
0.406629;nan;-nan;nan;-nan;nan
0.406521;nan;-nan;nan;-nan;nan
0.406416;nan;-nan;nan;-nan;nan
0.406314;nan;-nan;nan;-nan;nan
0.406214;nan;-nan;nan;-nan;nan
0.406116;nan;-nan;nan;-nan;nan
0.406021;nan;-nan;nan;-nan;nan
0.405929;nan;-nan;nan;-nan;nan
0.405839;nan;-nan;nan;-nan;nan
0.405751;nan;-nan;nan;-nan;nan
0.405666;nan;-nan;nan;-nan;nan
0.405583;nan;-nan;nan;-nan;nan
0.405502;nan;-nan;nan;-nan;nan
0.405424;nan;-nan;nan;-nan;nan
0.405348;nan;-nan;nan;-nan;nan
0.405274;nan;-nan;nan;-nan;nan
0.405203;nan;-nan;nan;-nan;nan
0.405134;nan;-nan;nan;-nan;nan
0.405066;nan;-nan;nan;-nan;nan
0.405001;nan;-nan;nan;-nan;nan
0.404938;nan;-nan;nan;-nan;nan
0.404877;nan;-nan;nan;-nan;nan
0.404818;nan;-nan;nan;-nan;nan
0.404761;nan;-nan;nan;-nan;nan
0.404706;nan;-nan;nan;-nan;nan
0.404653;nan;-nan;nan;-nan;nan
0.404602;nan;-nan;nan;-nan;nan
0.404552;nan;-nan;nan;-nan;nan
0.404505;nan;-nan;nan;-nan;nan
0.404459;nan;-nan;nan;-nan;nan
0.404415;nan;-nan;nan;-nan;nan
0.404372;nan;-nan;nan;-nan;nan
0.404331;nan;-nan;nan;-nan;nan
0.404292;nan;-nan;nan;-nan;nan
0.404254;nan;-nan;nan;-nan;nan
0.404218;nan;-nan;nan;-nan;nan
0.404183;nan;-nan;nan;-nan;nan
0.40415;nan;-nan;nan;-nan;nan
0.404119;nan;-nan;nan;-nan;nan
0.404088;nan;-nan;nan;-nan;nan
0.404059;nan;-nan;nan;-nan;nan
0.404031;nan;-nan;nan;-nan;nan
0.404005;nan;-nan;nan;-nan;nan
0.40398;nan;-nan;nan;-nan;nan
0.403956;nan;-nan;nan;-nan;nan
0.403933;nan;-nan;nan;-nan;nan
0.403911;nan;-nan;nan;-nan;nan
0.403891;nan;-nan;nan;-nan;nan
0.403871;nan;-nan;nan;-nan;nan
0.403853;nan;-nan;nan;-nan;nan
0.403835;nan;-nan;nan;-nan;nan
0.403819;nan;-nan;nan;-nan;nan
0.403803;nan;-nan;nan;-nan;nan
0.403788;nan;-nan;nan;-nan;nan
0.403774;nan;-nan;nan;-nan;nan
0.403761;nan;-nan;nan;-nan;nan
0.403749;nan;-nan;nan;-nan;nan
0.403738;nan;-nan;nan;-nan;nan
0.403727;nan;-nan;nan;-nan;nan
0.403717;nan;-nan;nan;-nan;nan
0.403708;nan;-nan;nan;-nan;nan
0.403699;nan;-nan;nan;-nan;nan
0.403691;nan;-nan;nan;-nan;nan
0.403683;nan;-nan;nan;-nan;nan
0.403676;nan;-nan;nan;-nan;nan
0.40367;nan;-nan;nan;-nan;nan
0.403664;nan;-nan;nan;-nan;nan
0.403659;nan;-nan;nan;-nan;nan
0.403654;nan;-nan;nan;-nan;nan
0.403649;nan;-nan;nan;-nan;nan
0.403645;nan;-nan;nan;-nan;nan
0.403641;nan;-nan;nan;-nan;nan
0.403638;nan;-nan;nan;-nan;nan
0.403635;nan;-nan;nan;-nan;nan
0.403632;nan;-nan;nan;-nan;nan
0.403629;nan;-nan;nan;-nan;nan
0.403627;nan;-nan;nan;-nan;nan
0.403625;nan;-nan;nan;-nan;nan
0.403624;nan;-nan;nan;-nan;nan
0.403622;nan;-nan;nan;-nan;nan
0.403621;nan;-nan;nan;-nan;nan
0.40362;nan;-nan;nan;-nan;nan
0.403619;nan;-nan;nan;-nan;nan
0.403618;nan;-nan;nan;-nan;nan
0.403617;nan;-nan;nan;-nan;nan
0.403616;nan;-nan;nan;-nan;nan
0.403616;nan;-nan;nan;-nan;nan
0.403615;nan;-nan;nan;-nan;nan
0.403615;nan;-nan;nan;-nan;nan
0.403615;nan;-nan;nan;-nan;nan
0.403615;nan;-nan;nan;-nan;nan
0.403614;nan;-nan;nan;-nan;nan
0.403614;nan;-nan;nan;-nan;nan
0.403614;nan;-nan;nan;-nan;nan
0.403614;nan;-nan;nan;-nan;nan
0.403614;nan;-nan;nan;-nan;nan
0.403614;nan;-nan;nan;-nan;nan
0.403614;nan;-nan;nan;-nan;nan
0.403614;nan;-nan;nan;-nan;nan
0.403614;nan;-nan;nan;-nan;nan
0.403614;nan;-nan;nan;-nan;nan
0.403614;nan;-nan;nan;-nan;nan
