0.65,-0.5,-2.2,0,-1.7,-6.93319
0.65,-0.5,-2.2,0,-1.7,-6.93319
0.65,-0.5,-2.2,0,-1.7,-6.93319
0.65,-0.5,-2.2,0,-1.7,-6.93319
0.65,-0.5,-2.2,0,-1.7,-6.93319
0.65,-0.5,-2.2,0,-1.7,-6.93319
0.65,-0.5,-2.2,0,-1.7,-6.93319
0.65,-0.5,-2.2,0,-1.7,-6.93319
0.65,-0.5,-2.2,0,-1.7,-6.93319
0.65,-0.5,-2.2,0,-1.7,-6.93319
0.65,-0.5,-2.2,0,-1.7,-6.93319
0.65,-0.5,-2.2,0,-1.7,-6.93319
0.65,-0.5,-2.2,0,-1.7,-6.93319
0.65,-0.5,-2.2,0,-1.7,-6.93319
0.65,-0.5,-2.2,0,-1.7,-6.93319
0.65,-0.5,-2.2,0,-1.7,-6.93319
0.65,-0.5,-2.2,0,-1.7,-6.93319
0.65,-0.5,-2.2,0,-1.7,-6.93319
0.65,-0.5,-2.2,0,-1.7,-6.93319
0.65,-0.5,-2.2,0,-1.7,-6.93319
0.65,-0.5,-2.2,0,-1.7,-6.93319
0.65,-0.5,-2.2,0,-1.7,-6.93319
0.65,-0.5,-2.2,0,-1.7,-6.93319
0.65,-0.5,-2.2,0,-1.7,-6.93319
0.65,-0.5,-2.2,0,-1.7,-6.93319
0.65,-0.5,-2.2,0,-1.7,-6.93319
0.65,-0.5,-2.2,0,-1.7,-6.93319
0.65,-0.5,-2.2,0,-1.7,-6.93319
0.65,-0.5,-2.2,0,-1.7,-6.93319
0.65,-0.5,-2.2,0,-1.7,-6.93319
0.65,-0.5,-2.2,0,-1.7,-6.93319
0.65,-0.5,-2.2,0,-1.7,-6.93319
0.65,-0.5,-2.2,0,-1.7,-6.93319
0.65,-0.5,-2.2,0,-1.7,-6.93319
0.65,-0.5,-2.2,0,-1.7,-6.93319
0.65,-0.5,-2.2,0,-1.7,-6.93319
0.65,-0.5,-2.2,0,-1.7,-6.93319
0.65,-0.5,-2.2,0,-1.7,-6.93319
0.65,-0.5,-2.2,0,-1.7,-6.93319
0.65,-0.5,-2.2,0,-1.7,-6.93319
0.65,-0.5,-2.2,0,-1.7,-6.93319
0.65,-0.5,-2.2,0,-1.7,-6.93319
0.65,-0.5,-2.2,0,-1.7,-6.93319
0.65,-0.5,-2.2,0,-1.7,-6.93319
0.65,-0.5,-2.2,0,-1.7,-6.93319
0.65,-0.5,-2.2,0,-1.7,-6.93319
0.65,-0.5,-2.2,0,-1.7,-6.93319
0.65,-0.5,-2.2,0,-1.7,-6.93319
0.65,-0.5,-2.2,0,-1.7,-6.93319
0.65,-0.5,-2.2,0,-1.7,-6.93319
0.65,-0.5,-2.2,0,-1.7,-6.93319
0.65,-0.5,-2.2,0,-1.7,-6.93319
0.65,-0.5,-2.2,0,-1.7,-6.93319
0.65,-0.5,-2.2,0,-1.7,-6.93319
0.65,-0.5,-2.2,0,-1.7,-6.93319
0.65,-0.5,-2.2,0,-1.7,-6.93319
0.65,-0.5,-2.2,0,-1.7,-6.93319
0.65,-0.5,-2.2,0,-1.7,-6.93319
0.65,-0.5,-2.2,0,-1.7,-6.93318
0.65,-0.5,-2.2,0,-1.7,-6.93318
0.65,-0.5,-2.2,0,-1.7,-6.93318
0.65,-0.5,-2.2,0,-1.7,-6.93318
0.65,-0.5,-2.2,0,-1.7,-6.93318
0.65,-0.5,-2.2,0,-1.7,-6.93318
0.65,-0.5,-2.2,0,-1.7,-6.93318
0.65,-0.5,-2.2,0,-1.7,-6.93318
0.65,-0.5,-2.2,0,-1.7,-6.93318
0.65,-0.5,-2.2,0,-1.7,-6.93317
0.65,-0.5,-2.2,0,-1.7,-6.93317
0.65,-0.5,-2.2,0,-1.7,-6.93317
0.65,-0.5,-2.2,0,-1.7,-6.93317
0.65,-0.5,-2.2,0,-1.7,-6.93317
0.65,-0.5,-2.2,0,-1.7,-6.93317
0.65,-0.5,-2.2,0,-1.7,-6.93316
0.65,-0.5,-2.2,0,-1.7,-6.93316
0.65,-0.5,-2.2,0,-1.7,-6.93316
0.65,-0.5,-2.2,0,-1.7,-6.93315
0.65,-0.5,-2.2,0,-1.7,-6.93315
0.65,-0.5,-2.2,0,-1.7,-6.93315
0.65,-0.5,-2.2,0,-1.7,-6.93315
0.65,-0.5,-2.2,0,-1.7,-6.93314
0.65,-0.5,-2.2,0,-1.7,-6.93314
0.65,-0.5,-2.2,0,-1.7,-6.93313
0.65,-0.5,-2.2,0,-1.7,-6.93313
0.65,-0.5,-2.2,0,-1.7,-6.93312
0.65,-0.5,-2.2,0,-1.7,-6.93312
0.65,-0.5,-2.2,0,-1.7,-6.93311
0.65,-0.5,-2.2,0,-1.7,-6.93311
0.65,-0.5,-2.2,0,-1.7,-6.9331
0.65,-0.5,-2.2,0,-1.7,-6.9331
0.65,-0.5,-2.2,0,-1.7,-6.93309
0.65,-0.5,-2.2,0,-1.7,-6.93308
0.65,-0.5,-2.2,0,-1.7,-6.93308
0.65,-0.5,-2.2,0,-1.7,-6.93307
0.65,-0.5,-2.2,0,-1.7,-6.93306
0.65,-0.5,-2.2,0,-1.7,-6.93305
0.65,-0.5,-2.2,0,-1.7,-6.93305
0.65,-0.5,-2.2,0,-1.7,-6.93304
0.65,-0.5,-2.2,0,-1.7,-6.93303
0.65,-0.5,-2.2,0,-1.7,-6.93302
0.65,-0.5,-2.2,0,-1.7,-6.93301
0.65,-0.5,-2.2,0,-1.7,-6.933
0.65,-0.5,-2.2,0,-1.7,-6.93299
0.65,-0.5,-2.2,0,-1.7,-6.93298
0.65,-0.5,-2.2,0,-1.7,-6.93297
0.65,-0.5,-2.2,0,-1.7,-6.93295
0.65,-0.5,-2.2,0,-1.7,-6.93294
0.65,-0.5,-2.2,0,-1.7,-6.93293
0.65,-0.5,-2.2,0,-1.7,-6.93291
0.65,-0.5,-2.2,0,-1.7,-6.9329
0.65,-0.5,-2.2,0,-1.7,-6.93288
0.65,-0.5,-2.2,0,-1.7,-6.93287
0.65,-0.5,-2.2,0,-1.7,-6.93285
0.65,-0.5,-2.2,0,-1.7,-6.93284
0.65,-0.5,-2.2,0,-1.7,-6.93282
0.65,-0.5,-2.2,0,-1.7,-6.9328
0.65,-0.5,-2.2,0,-1.7,-6.93278
0.65,-0.5,-2.2,0,-1.7,-6.93277
0.65,-0.5,-2.2,0,-1.7,-6.93275
0.65,-0.5,-2.2,0,-1.7,-6.93273
0.65,-0.5,-2.2,0,-1.7,-6.9327
0.65,-0.5,-2.2,0,-1.7,-6.93268
0.65,-0.5,-2.2,0,-1.7,-6.93266
0.65,-0.5,-2.2,0,-1.7,-6.93264
0.65,-0.5,-2.2,0,-1.7,-6.93261
0.65,-0.5,-2.2,0,-1.7,-6.93259
0.65,-0.5,-2.2,0,-1.7,-6.93256
0.65,-0.5,-2.2,0,-1.7,-6.93254
0.65,-0.5,-2.2,0,-1.7,-6.93251
0.65,-0.5,-2.2,0,-1.7,-6.93248
0.65,-0.5,-2.2,0,-1.7,-6.93246
0.65,-0.5,-2.2,0,-1.7,-6.93243
0.65,-0.5,-2.2,0,-1.7,-6.9324
0.65,-0.5,-2.2,0,-1.7,-6.93236
0.65,-0.5,-2.2,0,-1.7,-6.93233
0.65,-0.5,-2.2,0,-1.7,-6.9323
0.65,-0.5,-2.2,0,-1.7,-6.93227
0.65,-0.5,-2.2,0,-1.7,-6.93223
0.65,-0.5,-2.2,0,-1.7,-6.9322
0.65,-0.5,-2.2,0,-1.7,-6.93216
0.65,-0.5,-2.2,0,-1.7,-6.93212
0.65,-0.5,-2.2,0,-1.7,-6.93208
0.65,-0.5,-2.2,0,-1.7,-6.93204
0.65,-0.5,-2.2,0,-1.7,-6.932
0.65,-0.5,-2.2,0,-1.7,-6.93196
0.65,-0.5,-2.2,0,-1.7,-6.93192
0.65,-0.5,-2.2,0,-1.7,-6.93187
0.65,-0.5,-2.2,0,-1.7,-6.93183
0.65,-0.5,-2.2,0,-1.7,-6.93178
0.65,-0.5,-2.2,0,-1.7,-6.93173
0.65,-0.5,-2.2,0,-1.7,-6.93168
0.65,-0.5,-2.2,0,-1.7,-6.93163
0.65,-0.5,-2.2,0,-1.7,-6.93158
0.65,-0.5,-2.2,0,-1.7,-6.93153
0.65,-0.5,-2.2,0,-1.7,-6.93147
0.65,-0.5,-2.2,0,-1.7,-6.93142
0.65,-0.5,-2.2,0,-1.7,-6.93136
0.65,-0.5,-2.2,0,-1.7,-6.9313
0.65,-0.5,-2.2,0,-1.7,-6.93124
0.65,-0.5,-2.2,0,-1.7,-6.93118
0.65,-0.5,-2.2,0,-1.7,-6.93112
0.65,-0.5,-2.2,0,-1.7,-6.93106
0.65,-0.5,-2.2,0,-1.7,-6.93099
0.65,-0.5,-2.2,0,-1.7,-6.93093
0.65,-0.5,-2.2,0,-1.7,-6.93086
0.65,-0.5,-2.2,0,-1.7,-6.93079
0.65,-0.5,-2.2,0,-1.7,-6.93072
0.65,-0.5,-2.2,0,-1.7,-6.93064
0.65,-0.5,-2.2,0,-1.7,-6.93057
0.65,-0.5,-2.2,0,-1.7,-6.93049
0.65,-0.5,-2.2,0,-1.7,-6.93042
0.65,-0.5,-2.2,0,-1.7,-6.93034
0.65,-0.5,-2.2,0,-1.7,-6.93026
0.65,-0.5,-2.2,0,-1.7,-6.93017
0.65,-0.5,-2.2,0,-1.7,-6.93009
0.65,-0.5,-2.2,0,-1.7,-6.93
0.65,-0.5,-2.2,0,-1.7,-6.92991
0.65,-0.5,-2.2,0,-1.7,-6.92982
0.65,-0.5,-2.2,0,-1.7,-6.92973
0.65,-0.5,-2.2,0,-1.7,-6.92964
0.65,-0.5,-2.2,0,-1.7,-6.92954
0.65,-0.5,-2.2,0,-1.7,-6.92945
0.65,-0.5,-2.2,0,-1.7,-6.92935
0.65,-0.5,-2.2,0,-1.7,-6.92925
0.65,-0.5,-2.2,0,-1.7,-6.92914
0.65,-0.5,-2.2,0,-1.7,-6.92904
0.65,-0.5,-2.2,0,-1.7,-6.92893
0.65,-0.5,-2.2,0,-1.7,-6.92882
0.65,-0.5,-2.2,0,-1.7,-6.92871
0.65,-0.5,-2.2,0,-1.7,-6.9286
0.65,-0.5,-2.2,0,-1.7,-6.92848
0.65,-0.5,-2.2,0,-1.7,-6.92836
0.65,-0.5,-2.2,0,-1.7,-6.92824
0.65,-0.5,-2.2,0,-1.7,-6.92812
0.65,-0.5,-2.2,0,-1.7,-6.928
0.65,-0.5,-2.2,0,-1.7,-6.92787
0.65,-0.5,-2.2,0,-1.7,-6.92774
0.65,-0.5,-2.2,0,-1.7,-6.92761
0.65,-0.5,-2.2,0,-1.7,-6.92748
0.65,-0.5,-2.2,0,-1.7,-6.92734
0.65,-0.5,-2.2,0,-1.7,-6.9272
0.65,-0.5,-2.2,0,-1.7,-6.92706
0.65,-0.5,-2.2,0,-1.7,-6.92692
0.65,-0.5,-2.2,0,-1.7,-6.92677
0.65,-0.5,-2.2,0,-1.7,-6.92662
0.65,-0.5,-2.2,0,-1.7,-6.92647
0.65,-0.5,-2.2,0,-1.7,-6.92632
0.65,-0.5,-2.2,0,-1.7,-6.92616
0.65,-0.5,-2.2,0,-1.7,-6.926
0.65,-0.5,-2.2,0,-1.7,-6.92584
0.65,-0.5,-2.2,0,-1.7,-6.92568
0.65,-0.5,-2.2,0,-1.7,-6.92551
0.65,-0.5,-2.2,0,-1.7,-6.92534
0.65,-0.5,-2.2,0,-1.7,-6.92517
0.65,-0.5,-2.2,0,-1.7,-6.92499
0.65,-0.5,-2.2,0,-1.7,-6.92482
0.65,-0.5,-2.2,0,-1.7,-6.92464
0.65,-0.5,-2.2,0,-1.7,-6.92445
0.65,-0.5,-2.2,0,-1.7,-6.92426
0.65,-0.5,-2.2,0,-1.7,-6.92407
0.65,-0.5,-2.2,0,-1.7,-6.92388
0.65,-0.5,-2.2,0,-1.7,-6.92369
0.65,-0.5,-2.2,0,-1.7,-6.92349
0.65,-0.5,-2.2,0,-1.7,-6.92328
0.65,-0.5,-2.2,0,-1.7,-6.92308
0.65,-0.5,-2.2,0,-1.7,-6.92287
0.65,-0.5,-2.2,0,-1.7,-6.92266
0.65,-0.5,-2.2,0,-1.7,-6.92244
0.65,-0.5,-2.2,0,-1.7,-6.92223
0.65,-0.5,-2.2,0,-1.7,-6.922
0.65,-0.5,-2.2,0,-1.7,-6.92178
0.65,-0.5,-2.2,0,-1.7,-6.92155
0.65,-0.5,-2.2,0,-1.7,-6.92132
0.65,-0.5,-2.2,0,-1.7,-6.92109
0.65,-0.5,-2.2,0,-1.7,-6.92085
0.65,-0.5,-2.2,0,-1.7,-6.9206
0.65,-0.5,-2.2,0,-1.7,-6.92036
0.65,-0.5,-2.2,0,-1.7,-6.92011
0.65,-0.5,-2.2,0,-1.7,-6.91986
0.65,-0.5,-2.2,0,-1.7,-6.9196
0.65,-0.5,-2.2,0,-1.7,-6.91934
0.65,-0.5,-2.2,0,-1.7,-6.91908
0.65,-0.5,-2.2,0,-1.7,-6.91881
0.65,-0.5,-2.2,0,-1.7,-6.91854
0.65,-0.5,-2.2,0,-1.7,-6.91826
0.65,-0.5,-2.2,0,-1.7,-6.91798
0.65,-0.5,-2.2,0,-1.7,-6.9177
0.65,-0.5,-2.2,0,-1.7,-6.91741
0.65,-0.5,-2.2,0,-1.7,-6.91712
0.65,-0.5,-2.2,0,-1.7,-6.91683
0.65,-0.5,-2.2,0,-1.7,-6.91653
0.65,-0.5,-2.2,0,-1.7,-6.91623
0.65,-0.5,-2.2,0,-1.7,-6.91592
0.65,-0.5,-2.2,0,-1.7,-6.91561
0.65,-0.5,-2.2,0,-1.7,-6.91529
0.65,-0.5,-2.2,0,-1.7,-6.91497
0.65,-0.5,-2.2,0,-1.7,-6.91465
0.65,-0.5,-2.2,0,-1.7,-6.91432
0.65,-0.5,-2.2,0,-1.7,-6.91399
0.65,-0.5,-2.2,0,-1.7,-6.91365
0.65,-0.5,-2.2,0,-1.7,-6.91331
0.65,-0.5,-2.2,0,-1.7,-6.91297
0.65,-0.5,-2.2,0,-1.7,-6.91261
0.65,-0.5,-2.2,0,-1.7,-6.91226
0.65,-0.5,-2.2,0,-1.7,-6.9119
0.65,-0.5,-2.2,0,-1.7,-6.91154
0.65,-0.5,-2.2,0,-1.7,-6.91117
0.65,-0.5,-2.2,0,-1.7,-6.9108
0.65,-0.5,-2.2,0,-1.7,-6.91042
0.65,-0.5,-2.2,0,-1.7,-6.91003
0.65,-0.5,-2.2,0,-1.7,-6.90965
0.65,-0.5,-2.2,0,-1.7,-6.90925
0.65,-0.5,-2.2,0,-1.7,-6.90886
0.65,-0.5,-2.2,0,-1.7,-6.90846
0.65,-0.5,-2.2,0,-1.7,-6.90805
0.65,-0.5,-2.2,0,-1.7,-6.90764
0.65,-0.5,-2.2,0,-1.7,-6.90722
0.65,-0.5,-2.2,0,-1.7,-6.9068
0.65,-0.5,-2.2,0,-1.7,-6.90637
0.65,-0.5,-2.2,0,-1.7,-6.90594
0.65,-0.5,-2.2,0,-1.7,-6.9055
0.65,-0.5,-2.2,0,-1.7,-6.90506
0.65,-0.5,-2.2,0,-1.7,-6.90461
0.65,-0.5,-2.2,0,-1.7,-6.90415
0.65,-0.5,-2.2,0,-1.7,-6.90369
0.65,-0.5,-2.2,0,-1.7,-6.90323
0.65,-0.5,-2.2,0,-1.7,-6.90276
0.65,-0.5,-2.2,0,-1.7,-6.90228
0.65,-0.5,-2.2,0,-1.7,-6.9018
0.65,-0.5,-2.2,0,-1.7,-6.90132
0.65,-0.5,-2.2,0,-1.7,-6.90082
0.65,-0.5,-2.2,0,-1.7,-6.90033
0.65,-0.5,-2.2,0,-1.7,-6.89982
0.65,-0.5,-2.2,0,-1.7,-6.89931
0.65,-0.5,-2.2,0,-1.7,-6.8988
0.65,-0.5,-2.2,0,-1.7,-6.89828
0.65,-0.5,-2.2,0,-1.7,-6.89775
0.65,-0.5,-2.2,0,-1.7,-6.89722
0.65,-0.5,-2.2,0,-1.7,-6.89668
0.65,-0.5,-2.2,0,-1.7,-6.89613
0.65,-0.5,-2.2,0,-1.7,-6.89558
0.65,-0.5,-2.2,0,-1.7,-6.89502
0.65,-0.5,-2.2,0,-1.7,-6.89446
0.65,-0.5,-2.2,0,-1.7,-6.89389
0.65,-0.5,-2.2,0,-1.7,-6.89332
0.65,-0.5,-2.2,0,-1.7,-6.89273
0.65,-0.5,-2.2,0,-1.7,-6.89215
0.65,-0.5,-2.2,0,-1.7,-6.89155
0.65,-0.5,-2.2,0,-1.7,-6.89095
0.65,-0.5,-2.2,0,-1.7,-6.89034
0.65,-0.5,-2.2,0,-1.7,-6.88973
0.65,-0.5,-2.2,0,-1.7,-6.88911
0.65,-0.5,-2.2,0,-1.7,-6.88848
0.65,-0.5,-2.2,0,-1.7,-6.88784
0.65,-0.5,-2.2,0,-1.7,-6.8872
0.65,-0.5,-2.2,0,-1.7,-6.88656
0.65,-0.5,-2.2,0,-1.7,-6.8859
0.65,-0.5,-2.2,0,-1.7,-6.88524
0.65,-0.5,-2.2,0,-1.7,-6.88457
0.65,-0.5,-2.2,0,-1.7,-6.8839
0.65,-0.5,-2.2,0,-1.7,-6.88321
0.65,-0.5,-2.2,0,-1.7,-6.88253
0.65,-0.5,-2.2,0,-1.7,-6.88183
0.65,-0.5,-2.2,0,-1.7,-6.88113
0.65,-0.5,-2.2,0,-1.7,-6.88041
0.65,-0.5,-2.2,0,-1.7,-6.8797
0.65,-0.5,-2.2,0,-1.7,-6.87897
0.65,-0.5,-2.2,0,-1.7,-6.87824
0.65,-0.5,-2.2,0,-1.7,-6.8775
0.65,-0.5,-2.2,0,-1.7,-6.87675
0.65,-0.5,-2.2,0,-1.7,-6.876
0.65,-0.5,-2.2,0,-1.7,-6.87523
0.65,-0.5,-2.2,0,-1.7,-6.87446
0.65,-0.5,-2.2,0,-1.7,-6.87369
0.65,-0.5,-2.2,0,-1.7,-6.8729
0.65,-0.5,-2.2,0,-1.7,-6.87211
0.65,-0.5,-2.2,0,-1.7,-6.87131
0.65,-0.5,-2.2,0,-1.7,-6.8705
0.65,-0.5,-2.2,0,-1.7,-6.86968
0.65,-0.5,-2.2,0,-1.7,-6.86885
0.65,-0.5,-2.2,0,-1.7,-6.86802
0.65,-0.5,-2.2,0,-1.7,-6.86718
0.65,-0.5,-2.2,0,-1.7,-6.86633
0.65,-0.5,-2.2,0,-1.7,-6.86547
0.65,-0.5,-2.2,0,-1.7,-6.86461
0.65,-0.5,-2.2,0,-1.7,-6.86374
0.65,-0.5,-2.2,0,-1.7,-6.86285
0.65,-0.5,-2.2,0,-1.7,-6.86196
0.65,-0.5,-2.2,0,-1.7,-6.86106
0.65,-0.5,-2.2,0,-1.7,-6.86016
0.65,-0.5,-2.2,0,-1.7,-6.85924
0.65,-0.5,-2.2,0,-1.7,-6.85832
0.65,-0.5,-2.2,0,-1.7,-6.85738
0.65,-0.5,-2.2,0,-1.7,-6.85644
0.65,-0.5,-2.2,0,-1.7,-6.85549
0.65,-0.5,-2.2,0,-1.7,-6.85453
0.65,-0.5,-2.2,0,-1.7,-6.85356
0.65,-0.5,-2.2,0,-1.7,-6.85259
0.65,-0.5,-2.2,0,-1.7,-6.8516
0.65,-0.5,-2.2,0,-1.7,-6.85061
0.65,-0.5,-2.2,0,-1.7,-6.8496
0.65,-0.5,-2.2,0,-1.7,-6.84859
0.65,-0.5,-2.2,0,-1.7,-6.84757
0.65,-0.5,-2.2,0,-1.7,-6.84654
0.65,-0.5,-2.2,0,-1.7,-6.84549
0.65,-0.5,-2.2,0,-1.7,-6.84444
0.65,-0.5,-2.2,0,-1.7,-6.84339
0.65,-0.5,-2.2,0,-1.7,-6.84232
0.65,-0.5,-2.2,0,-1.7,-6.84124
0.65,-0.5,-2.2,0,-1.7,-6.84015
0.65,-0.5,-2.2,0,-1.7,-6.83905
0.65,-0.5,-2.2,0,-1.7,-6.83794
0.65,-0.5,-2.2,0,-1.7,-6.83683
0.65,-0.5,-2.2,0,-1.7,-6.8357
0.65,-0.5,-2.2,0,-1.7,-6.83456
0.65,-0.5,-2.2,0,-1.7,-6.83342
0.65,-0.5,-2.2,0,-1.7,-6.83226
0.65,-0.5,-2.2,0,-1.7,-6.83109
0.65,-0.5,-2.2,0,-1.7,-6.82992
0.65,-0.5,-2.2,0,-1.7,-6.82873
0.65,-0.5,-2.2,0,-1.7,-6.82753
0.65,-0.5,-2.2,0,-1.7,-6.82632
0.65,-0.5,-2.2,0,-1.7,-6.82511
0.65,-0.5,-2.2,0,-1.7,-6.82388
0.65,-0.5,-2.2,0,-1.7,-6.82264
0.65,-0.5,-2.2,0,-1.7,-6.82139
0.65,-0.5,-2.2,0,-1.7,-6.82013
0.65,-0.5,-2.2,0,-1.7,-6.81886
0.65,-0.5,-2.2,0,-1.7,-6.81758
0.65,-0.5,-2.2,0,-1.7,-6.81629
0.65,-0.5,-2.2,0,-1.7,-6.81498
0.65,-0.5,-2.2,0,-1.7,-6.81367
0.65,-0.5,-2.2,0,-1.7,-6.81235
0.65,-0.5,-2.2,0,-1.7,-6.81101
0.65,-0.5,-2.2,0,-1.7,-6.80966
0.65,-0.5,-2.2,0,-1.7,-6.80831
0.65,-0.5,-2.2,0,-1.7,-6.80694
0.65,-0.5,-2.2,0,-1.7,-6.80556
0.65,-0.5,-2.2,0,-1.7,-6.80417
0.65,-0.5,-2.2,0,-1.7,-6.80277
0.65,-0.5,-2.2,0,-1.7,-6.80135
0.65,-0.5,-2.2,0,-1.7,-6.79993
0.65,-0.5,-2.2,0,-1.7,-6.79849
0.65,-0.5,-2.2,0,-1.7,-6.79704
0.65,-0.5,-2.2,0,-1.7,-6.79558
0.65,-0.5,-2.2,0,-1.7,-6.79411
0.65,-0.5,-2.2,0,-1.7,-6.79263
0.65,-0.5,-2.2,0,-1.7,-6.79113
0.65,-0.5,-2.2,0,-1.7,-6.78962
0.65,-0.5,-2.2,0,-1.7,-6.7881
0.65,-0.5,-2.2,0,-1.7,-6.78657
0.65,-0.5,-2.2,0,-1.7,-6.78503
0.65,-0.5,-2.2,0,-1.7,-6.78347
0.65,-0.5,-2.2,0,-1.7,-6.78191
0.65,-0.5,-2.2,0,-1.7,-6.78033
0.65,-0.5,-2.2,0,-1.7,-6.77873
0.65,-0.5,-2.2,0,-1.7,-6.77713
0.65,-0.5,-2.2,0,-1.7,-6.77551
0.65,-0.5,-2.2,0,-1.7,-6.77388
0.65,-0.5,-2.2,0,-1.7,-6.77224
0.65,-0.5,-2.2,0,-1.7,-6.77058
0.65,-0.5,-2.2,0,-1.7,-6.76892
0.65,-0.5,-2.2,0,-1.7,-6.76724
0.65,-0.5,-2.2,0,-1.7,-6.76554
0.65,-0.5,-2.2,0,-1.7,-6.76384
0.65,-0.5,-2.2,0,-1.7,-6.76212
0.65,-0.5,-2.2,0,-1.7,-6.76039
0.65,-0.5,-2.2,0,-1.7,-6.75864
0.65,-0.5,-2.2,0,-1.7,-6.75688
0.65,-0.5,-2.2,0,-1.7,-6.75511
0.65,-0.5,-2.2,0,-1.7,-6.75332
0.65,-0.5,-2.2,0,-1.7,-6.75152
0.65,-0.5,-2.2,0,-1.7,-6.74971
0.65,-0.5,-2.2,0,-1.7,-6.74789
0.65,-0.5,-2.2,0,-1.7,-6.74605
0.65,-0.5,-2.2,0,-1.7,-6.7442
0.65,-0.5,-2.2,0,-1.7,-6.74233
0.65,-0.5,-2.2,0,-1.7,-6.74045
0.65,-0.5,-2.2,0,-1.7,-6.73855
0.65,-0.5,-2.2,0,-1.7,-6.73665
0.65,-0.5,-2.2,0,-1.7,-6.73472
0.65,-0.5,-2.2,0,-1.7,-6.73279
0.65,-0.5,-2.2,0,-1.7,-6.73084
0.65,-0.5,-2.2,0,-1.7,-6.72887
0.65,-0.5,-2.2,0,-1.7,-6.72689
0.65,-0.5,-2.2,0,-1.7,-6.7249
0.65,-0.5,-2.2,0,-1.7,-6.72289
0.65,-0.5,-2.2,0,-1.7,-6.72087
0.65,-0.5,-2.2,0,-1.7,-6.71883
0.65,-0.5,-2.2,0,-1.7,-6.71678
0.65,-0.5,-2.2,0,-1.7,-6.71472
0.65,-0.5,-2.2,0,-1.7,-6.71264
0.65,-0.5,-2.2,0,-1.7,-6.71054
0.65,-0.5,-2.2,0,-1.7,-6.70843
0.65,-0.5,-2.2,0,-1.7,-6.7063
0.65,-0.5,-2.2,0,-1.7,-6.70416
0.65,-0.5,-2.2,0,-1.7,-6.70201
0.65,-0.5,-2.2,0,-1.7,-6.69984
0.65,-0.5,-2.2,0,-1.7,-6.69765
0.65,-0.5,-2.2,0,-1.7,-6.69545
0.65,-0.5,-2.2,0,-1.7,-6.69323
0.65,-0.5,-2.2,0,-1.7,-6.691
0.65,-0.5,-2.2,0,-1.7,-6.68875
0.65,-0.5,-2.2,0,-1.7,-6.68649
0.65,-0.5,-2.2,0,-1.7,-6.68421
0.65,-0.5,-2.2,0,-1.7,-6.68192
0.65,-0.5,-2.2,0,-1.7,-6.67961
0.65,-0.5,-2.2,0,-1.7,-6.67728
0.65,-0.5,-2.2,0,-1.7,-6.67494
0.65,-0.5,-2.2,0,-1.7,-6.67258
0.65,-0.5,-2.2,0,-1.7,-6.6702
0.65,-0.5,-2.2,0,-1.7,-6.66781
0.65,-0.5,-2.2,0,-1.7,-6.66541
0.65,-0.5,-2.2,0,-1.7,-6.66298
0.65,-0.5,-2.2,0,-1.7,-6.66054
0.65,-0.5,-2.2,0,-1.7,-6.65809
0.65,-0.5,-2.2,0,-1.7,-6.65561
0.65,-0.5,-2.2,0,-1.7,-6.65313
0.65,-0.5,-2.2,0,-1.7,-6.65062
0.65,-0.5,-2.2,0,-1.7,-6.6481
0.65,-0.5,-2.2,0,-1.7,-6.64556
0.65,-0.5,-2.2,0,-1.7,-6.643
0.65,-0.5,-2.2,0,-1.7,-6.64043
0.65,-0.5,-2.2,0,-1.7,-6.63784
0.65,-0.5,-2.2,0,-1.7,-6.63523
0.65,-0.5,-2.2,0,-1.7,-6.6326
0.65,-0.5,-2.2,0,-1.7,-6.62996
0.65,-0.5,-2.2,0,-1.7,-6.6273
0.65,-0.5,-2.2,0,-1.7,-6.62462
0.65,-0.5,-2.2,0,-1.7,-6.62193
0.65,-0.5,-2.2,0,-1.7,-6.61922
0.65,-0.5,-2.2,0,-1.7,-6.61649
0.65,-0.5,-2.2,0,-1.7,-6.61374
0.65,-0.5,-2.2,0,-1.7,-6.61098
0.65,-0.5,-2.2,0,-1.7,-6.6082
0.65,-0.5,-2.2,0,-1.7,-6.6054
0.65,-0.5,-2.2,0,-1.7,-6.60258
0.65,-0.5,-2.2,0,-1.7,-6.59974
0.65,-0.5,-2.2,0,-1.7,-6.59689
0.65,-0.5,-2.2,0,-1.7,-6.59402
0.65,-0.5,-2.2,0,-1.7,-6.59113
0.65,-0.5,-2.2,0,-1.7,-6.58822
0.65,-0.5,-2.2,0,-1.7,-6.58529
0.65,-0.5,-2.2,0,-1.7,-6.58235
0.65,-0.5,-2.2,0,-1.7,-6.57939
0.65,-0.5,-2.2,0,-1.7,-6.5764
0.65,-0.5,-2.2,0,-1.7,-6.5734
0.65,-0.5,-2.2,0,-1.7,-6.57039
0.65,-0.5,-2.2,0,-1.7,-6.56735
0.65,-0.5,-2.2,0,-1.7,-6.56429
0.65,-0.5,-2.2,0,-1.7,-6.56122
0.65,-0.5,-2.2,0,-1.7,-6.55813
0.65,-0.5,-2.2,0,-1.7,-6.55502
0.65,-0.5,-2.2,0,-1.7,-6.55189
0.65,-0.5,-2.2,0,-1.7,-6.54874
0.65,-0.5,-2.2,0,-1.7,-6.54557
0.65,-0.5,-2.2,0,-1.7,-6.54238
0.65,-0.5,-2.2,0,-1.7,-6.53917
0.65,-0.5,-2.2,0,-1.7,-6.53595
0.65,-0.5,-2.2,0,-1.7,-6.53271
0.65,-0.5,-2.2,0,-1.7,-6.52944
0.65,-0.5,-2.2,0,-1.7,-6.52616
0.65,-0.5,-2.2,0,-1.7,-6.52286
0.65,-0.5,-2.2,0,-1.7,-6.51954
0.65,-0.5,-2.2,0,-1.7,-6.5162
0.65,-0.5,-2.2,0,-1.7,-6.51284
0.65,-0.5,-2.2,0,-1.7,-6.50946
0.65,-0.5,-2.2,0,-1.7,-6.50606
0.65,-0.5,-2.2,0,-1.7,-6.50264
0.65,-0.5,-2.2,0,-1.7,-6.4992
0.65,-0.5,-2.2,0,-1.7,-6.49574
0.65,-0.5,-2.2,0,-1.7,-6.49226
0.65,-0.5,-2.2,0,-1.7,-6.48877
0.65,-0.5,-2.2,0,-1.7,-6.48525
0.65,-0.5,-2.2,0,-1.7,-6.48171
0.65,-0.5,-2.2,0,-1.7,-6.47816
0.65,-0.5,-2.2,0,-1.7,-6.47458
0.65,-0.5,-2.2,0,-1.7,-6.47098
0.65,-0.5,-2.2,0,-1.7,-6.46737
0.65,-0.5,-2.2,0,-1.7,-6.46373
0.65,-0.5,-2.2,0,-1.7,-6.46008
0.65,-0.5,-2.2,0,-1.7,-6.4564
0.65,-0.5,-2.2,0,-1.7,-6.4527
0.65,-0.5,-2.2,0,-1.7,-6.44899
0.65,-0.5,-2.2,0,-1.7,-6.44525
0.65,-0.5,-2.2,0,-1.7,-6.44149
0.65,-0.5,-2.2,0,-1.7,-6.43771
0.65,-0.5,-2.2,0,-1.7,-6.43392
0.65,-0.5,-2.2,0,-1.7,-6.4301
0.65,-0.5,-2.2,0,-1.7,-6.42626
0.65,-0.5,-2.2,0,-1.7,-6.4224
0.65,-0.5,-2.2,0,-1.7,-6.41852
0.65,-0.5,-2.2,0,-1.7,-6.41462
0.65,-0.5,-2.2,0,-1.7,-6.4107
0.65,-0.5,-2.2,0,-1.7,-6.40676
0.65,-0.5,-2.2,0,-1.7,-6.4028
0.65,-0.5,-2.2,0,-1.7,-6.39882
0.65,-0.5,-2.2,0,-1.7,-6.39482
0.65,-0.5,-2.2,0,-1.7,-6.39079
0.65,-0.5,-2.2,0,-1.7,-6.38675
0.65,-0.5,-2.2,0,-1.7,-6.38268
0.65,-0.5,-2.2,0,-1.7,-6.3786
0.65,-0.5,-2.2,0,-1.7,-6.37449
0.65,-0.5,-2.2,0,-1.7,-6.37037
0.65,-0.5,-2.2,0,-1.7,-6.36622
0.65,-0.5,-2.2,0,-1.7,-6.36205
0.65,-0.5,-2.2,0,-1.7,-6.35786
0.65,-0.5,-2.2,0,-1.7,-6.35365
0.65,-0.5,-2.2,0,-1.7,-6.34942
0.65,-0.5,-2.2,0,-1.7,-6.34517
0.65,-0.5,-2.2,0,-1.7,-6.34089
0.65,-0.5,-2.2,0,-1.7,-6.3366
0.65,-0.5,-2.2,0,-1.7,-6.33228
0.65,-0.5,-2.2,0,-1.7,-6.32795
0.65,-0.5,-2.2,0,-1.7,-6.32359
0.65,-0.5,-2.2,0,-1.7,-6.31921
0.65,-0.5,-2.2,0,-1.7,-6.31481
0.65,-0.5,-2.2,0,-1.7,-6.31039
0.65,-0.5,-2.2,0,-1.7,-6.30595
0.65,-0.5,-2.2,0,-1.7,-6.30149
0.65,-0.5,-2.2,0,-1.7,-6.297
0.65,-0.5,-2.2,0,-1.7,-6.2925
0.65,-0.5,-2.2,0,-1.7,-6.28797
0.65,-0.5,-2.2,0,-1.7,-6.28342
0.65,-0.5,-2.2,0,-1.7,-6.27885
0.65,-0.5,-2.2,0,-1.7,-6.27426
0.65,-0.5,-2.2,0,-1.7,-6.26965
0.65,-0.5,-2.2,0,-1.7,-6.26502
0.65,-0.5,-2.2,0,-1.7,-6.26036
0.65,-0.5,-2.2,0,-1.7,-6.25569
0.65,-0.5,-2.2,0,-1.7,-6.25099
0.65,-0.5,-2.2,0,-1.7,-6.24627
0.65,-0.5,-2.2,0,-1.7,-6.24153
0.65,-0.5,-2.2,0,-1.7,-6.23677
0.65,-0.5,-2.2,0,-1.7,-6.23199
0.65,-0.5,-2.2,0,-1.7,-6.22719
0.65,-0.5,-2.2,0,-1.7,-6.22236
0.65,-0.5,-2.2,0,-1.7,-6.21751
0.65,-0.5,-2.2,0,-1.7,-6.21265
0.65,-0.5,-2.2,0,-1.7,-6.20776
0.65,-0.5,-2.2,0,-1.7,-6.20285
0.65,-0.5,-2.2,0,-1.7,-6.19791
0.65,-0.5,-2.2,0,-1.7,-6.19296
0.65,-0.5,-2.2,0,-1.7,-6.18798
0.65,-0.5,-2.2,0,-1.7,-6.18299
0.65,-0.5,-2.2,0,-1.7,-6.17797
0.65,-0.5,-2.2,0,-1.7,-6.17293
0.65,-0.5,-2.2,0,-1.7,-6.16787
0.65,-0.5,-2.2,0,-1.7,-6.16278
0.65,-0.5,-2.2,0,-1.7,-6.15768
0.65,-0.5,-2.2,0,-1.7,-6.15255
0.65,-0.5,-2.2,0,-1.7,-6.1474
0.65,-0.5,-2.2,0,-1.7,-6.14223
0.65,-0.5,-2.2,0,-1.7,-6.13704
0.65,-0.5,-2.2,0,-1.7,-6.13183
0.65,-0.5,-2.2,0,-1.7,-6.1266
0.65,-0.5,-2.2,0,-1.7,-6.12134
0.65,-0.5,-2.2,0,-1.7,-6.11607
0.65,-0.5,-2.2,0,-1.7,-6.11077
0.65,-0.5,-2.2,0,-1.7,-6.10545
0.65,-0.5,-2.2,0,-1.7,-6.10011
0.65,-0.5,-2.2,0,-1.7,-6.09474
0.65,-0.5,-2.2,0,-1.7,-6.08936
0.65,-0.5,-2.2,0,-1.7,-6.08395
0.65,-0.5,-2.2,0,-1.7,-6.07852
0.65,-0.5,-2.2,0,-1.7,-6.07308
0.65,-0.5,-2.2,0,-1.7,-6.0676
0.65,-0.5,-2.2,0,-1.7,-6.06211
0.65,-0.5,-2.2,0,-1.7,-6.0566
0.65,-0.5,-2.2,0,-1.7,-6.05106
0.65,-0.5,-2.2,0,-1.7,-6.04551
0.65,-0.5,-2.2,0,-1.7,-6.03993
0.65,-0.5,-2.2,0,-1.7,-6.03433
0.65,-0.5,-2.2,0,-1.7,-6.02871
0.65,-0.5,-2.2,0,-1.7,-6.02307
0.65,-0.5,-2.2,0,-1.7,-6.0174
0.65,-0.5,-2.2,0,-1.7,-6.01172
0.65,-0.5,-2.2,0,-1.7,-6.00601
0.65,-0.5,-2.2,0,-1.7,-6.00028
0.65,-0.5,-2.2,0,-1.7,-5.99453
0.65,-0.5,-2.2,0,-1.7,-5.98876
0.65,-0.5,-2.2,0,-1.7,-5.98297
0.65,-0.5,-2.2,0,-1.7,-5.97715
0.65,-0.5,-2.2,0,-1.7,-5.97132
0.65,-0.5,-2.2,0,-1.7,-5.96546
0.65,-0.5,-2.2,0,-1.7,-5.95958
0.65,-0.5,-2.2,0,-1.7,-5.95368
0.65,-0.5,-2.2,0,-1.7,-5.94776
0.65,-0.5,-2.2,0,-1.7,-5.94182
0.65,-0.5,-2.2,0,-1.7,-5.93586
0.65,-0.5,-2.2,0,-1.7,-5.92987
0.65,-0.5,-2.2,0,-1.7,-5.92387
0.65,-0.5,-2.2,0,-1.7,-5.91784
0.65,-0.5,-2.2,0,-1.7,-5.91179
0.65,-0.5,-2.2,0,-1.7,-5.90572
0.65,-0.5,-2.2,0,-1.7,-5.89963
0.65,-0.5,-2.2,0,-1.7,-5.89352
0.65,-0.5,-2.2,0,-1.7,-5.88738
0.65,-0.5,-2.2,0,-1.7,-5.88123
0.65,-0.5,-2.2,0,-1.7,-5.87506
0.65,-0.5,-2.2,0,-1.7,-5.86886
0.65,-0.5,-2.2,0,-1.7,-5.86264
0.65,-0.5,-2.2,0,-1.7,-5.8564
0.65,-0.5,-2.2,0,-1.7,-5.85014
0.65,-0.5,-2.2,0,-1.7,-5.84386
0.65,-0.5,-2.2,0,-1.7,-5.83756
0.65,-0.5,-2.2,0,-1.7,-5.83124
0.65,-0.5,-2.2,0,-1.7,-5.8249
0.65,-0.5,-2.2,0,-1.7,-5.81853
0.65,-0.5,-2.2,0,-1.7,-5.81215
0.65,-0.5,-2.2,0,-1.7,-5.80574
0.65,-0.5,-2.2,0,-1.7,-5.79931
0.65,-0.5,-2.2,0,-1.7,-5.79286
0.65,-0.5,-2.2,0,-1.7,-5.7864
0.65,-0.5,-2.2,0,-1.7,-5.77991
0.65,-0.5,-2.2,0,-1.7,-5.7734
0.65,-0.5,-2.2,0,-1.7,-5.76687
0.65,-0.5,-2.2,0,-1.7,-5.76032
0.65,-0.5,-2.2,0,-1.7,-5.75374
0.65,-0.5,-2.2,0,-1.7,-5.74715
0.65,-0.5,-2.2,0,-1.7,-5.74054
0.65,-0.5,-2.2,0,-1.7,-5.7339
0.65,-0.5,-2.2,0,-1.7,-5.72725
0.65,-0.5,-2.2,0,-1.7,-5.72058
0.65,-0.5,-2.2,0,-1.7,-5.71388
0.65,-0.5,-2.2,0,-1.7,-5.70717
0.65,-0.5,-2.2,0,-1.7,-5.70043
0.65,-0.5,-2.2,0,-1.7,-5.69367
0.65,-0.5,-2.2,0,-1.7,-5.6869
0.65,-0.5,-2.2,0,-1.7,-5.6801
0.65,-0.5,-2.2,0,-1.7,-5.67328
0.65,-0.5,-2.2,0,-1.7,-5.66645
0.65,-0.5,-2.2,0,-1.7,-5.65959
0.65,-0.5,-2.2,0,-1.7,-5.65271
0.65,-0.5,-2.2,0,-1.7,-5.64581
0.65,-0.5,-2.2,0,-1.7,-5.6389
0.65,-0.5,-2.2,0,-1.7,-5.63196
0.65,-0.5,-2.2,0,-1.7,-5.625
0.65,-0.5,-2.2,0,-1.7,-5.61803
0.65,-0.5,-2.2,0,-1.7,-5.61103
0.65,-0.5,-2.2,0,-1.7,-5.60401
0.65,-0.5,-2.2,0,-1.7,-5.59697
0.65,-0.5,-2.2,0,-1.7,-5.58992
0.65,-0.5,-2.2,0,-1.7,-5.58284
0.65,-0.5,-2.2,0,-1.7,-5.57574
0.65,-0.5,-2.2,0,-1.7,-5.56863
0.65,-0.5,-2.2,0,-1.7,-5.56149
0.65,-0.5,-2.2,0,-1.7,-5.55434
0.65,-0.5,-2.2,0,-1.7,-5.54716
0.65,-0.5,-2.2,0,-1.7,-5.53997
0.65,-0.5,-2.2,0,-1.7,-5.53276
0.65,-0.5,-2.2,0,-1.7,-5.52553
0.65,-0.5,-2.2,0,-1.7,-5.51827
0.65,-0.5,-2.2,0,-1.7,-5.511
0.65,-0.5,-2.2,0,-1.7,-5.50371
0.65,-0.5,-2.2,0,-1.7,-5.4964
0.65,-0.5,-2.2,0,-1.7,-5.48907
0.65,-0.5,-2.2,0,-1.7,-5.48173
0.65,-0.5,-2.2,0,-1.7,-5.47436
0.65,-0.5,-2.2,0,-1.7,-5.46697
0.65,-0.5,-2.2,0,-1.7,-5.45957
0.65,-0.5,-2.2,0,-1.7,-5.45215
0.65,-0.5,-2.2,0,-1.7,-5.4447
0.65,-0.5,-2.2,0,-1.7,-5.43724
0.65,-0.5,-2.2,0,-1.7,-5.42976
0.65,-0.5,-2.2,0,-1.7,-5.42226
0.65,-0.5,-2.2,0,-1.7,-5.41475
0.65,-0.5,-2.2,0,-1.7,-5.40721
0.65,-0.5,-2.2,0,-1.7,-5.39966
0.65,-0.5,-2.2,0,-1.7,-5.39209
0.65,-0.5,-2.2,0,-1.7,-5.38449
0.65,-0.5,-2.2,0,-1.7,-5.37689
0.65,-0.5,-2.2,0,-1.7,-5.36926
0.65,-0.5,-2.2,0,-1.7,-5.36161
0.65,-0.5,-2.2,0,-1.7,-5.35395
0.65,-0.5,-2.2,0,-1.7,-5.34627
0.65,-0.5,-2.2,0,-1.7,-5.33857
0.65,-0.5,-2.2,0,-1.7,-5.33085
0.65,-0.5,-2.2,0,-1.7,-5.32311
0.65,-0.5,-2.2,0,-1.7,-5.31536
0.65,-0.5,-2.2,0,-1.7,-5.30759
0.65,-0.5,-2.2,0,-1.7,-5.2998
0.65,-0.5,-2.2,0,-1.7,-5.29199
0.65,-0.5,-2.2,0,-1.7,-5.28417
0.65,-0.5,-2.2,0,-1.7,-5.27632
0.65,-0.5,-2.2,0,-1.7,-5.26846
0.65,-0.5,-2.2,0,-1.7,-5.26059
0.65,-0.5,-2.2,0,-1.7,-5.25269
0.65,-0.5,-2.2,0,-1.7,-5.24478
0.65,-0.5,-2.2,0,-1.7,-5.23685
0.65,-0.5,-2.2,0,-1.7,-5.22891
0.65,-0.5,-2.2,0,-1.7,-5.22094
0.65,-0.5,-2.2,0,-1.7,-5.21296
0.65,-0.5,-2.2,0,-1.7,-5.20497
0.65,-0.5,-2.2,0,-1.7,-5.19695
0.65,-0.5,-2.2,0,-1.7,-5.18892
0.65,-0.5,-2.2,0,-1.7,-5.18087
0.65,-0.5,-2.2,0,-1.7,-5.17281
0.65,-0.5,-2.2,0,-1.7,-5.16473
0.65,-0.5,-2.2,0,-1.7,-5.15663
0.65,-0.5,-2.2,0,-1.7,-5.14852
0.65,-0.5,-2.2,0,-1.7,-5.14039
0.65,-0.5,-2.2,0,-1.7,-5.13224
0.65,-0.5,-2.2,0,-1.7,-5.12408
0.65,-0.5,-2.2,0,-1.7,-5.1159
0.65,-0.5,-2.2,0,-1.7,-5.1077
0.65,-0.5,-2.2,0,-1.7,-5.09949
0.65,-0.5,-2.2,0,-1.7,-5.09126
0.65,-0.5,-2.2,0,-1.7,-5.08302
0.65,-0.5,-2.2,0,-1.7,-5.07476
0.65,-0.5,-2.2,0,-1.7,-5.06649
0.65,-0.5,-2.2,0,-1.7,-5.0582
0.65,-0.5,-2.2,0,-1.7,-5.04989
0.65,-0.5,-2.2,0,-1.7,-5.04157
0.65,-0.5,-2.2,0,-1.7,-5.03323
0.65,-0.5,-2.2,0,-1.7,-5.02488
0.65,-0.5,-2.2,0,-1.7,-5.01651
0.65,-0.5,-2.2,0,-1.7,-5.00813
0.65,-0.5,-2.2,0,-1.7,-4.99973
0.65,-0.5,-2.2,0,-1.7,-4.99132
0.65,-0.5,-2.2,0,-1.7,-4.98289
0.65,-0.5,-2.2,0,-1.7,-4.97445
0.65,-0.5,-2.2,0,-1.7,-4.96599
0.65,-0.5,-2.2,0,-1.7,-4.95752
0.65,-0.5,-2.2,0,-1.7,-4.94903
0.65,-0.5,-2.2,0,-1.7,-4.94053
0.65,-0.5,-2.2,0,-1.7,-4.93201
0.65,-0.5,-2.2,0,-1.7,-4.92348
0.65,-0.5,-2.2,0,-1.7,-4.91494
0.65,-0.5,-2.2,0,-1.7,-4.90638
0.65,-0.5,-2.2,0,-1.7,-4.89781
0.65,-0.5,-2.2,0,-1.7,-4.88922
0.65,-0.5,-2.2,0,-1.7,-4.88062
0.65,-0.5,-2.2,0,-1.7,-4.872
0.65,-0.5,-2.2,0,-1.7,-4.86337
0.65,-0.5,-2.2,0,-1.7,-4.85473
0.65,-0.5,-2.2,0,-1.7,-4.84608
0.65,-0.5,-2.2,0,-1.7,-4.83741
0.65,-0.5,-2.2,0,-1.7,-4.82872
0.65,-0.5,-2.2,0,-1.7,-4.82003
0.65,-0.5,-2.2,0,-1.7,-4.81132
0.65,-0.5,-2.2,0,-1.7,-4.8026
0.65,-0.5,-2.2,0,-1.7,-4.79386
0.65,-0.5,-2.2,0,-1.7,-4.78511
0.65,-0.5,-2.2,0,-1.7,-4.77635
0.65,-0.5,-2.2,0,-1.7,-4.76758
0.65,-0.5,-2.2,0,-1.7,-4.75879
0.65,-0.5,-2.2,0,-1.7,-4.74999
0.65,-0.5,-2.2,0,-1.7,-4.74118
0.65,-0.5,-2.2,0,-1.7,-4.73235
0.65,-0.5,-2.2,0,-1.7,-4.72352
0.65,-0.5,-2.2,0,-1.7,-4.71467
0.65,-0.5,-2.2,0,-1.7,-4.70581
0.65,-0.5,-2.2,0,-1.7,-4.69693
0.65,-0.5,-2.2,0,-1.7,-4.68805
0.65,-0.5,-2.2,0,-1.7,-4.67915
0.65,-0.5,-2.2,0,-1.7,-4.67024
0.65,-0.5,-2.2,0,-1.7,-4.66132
0.65,-0.5,-2.2,0,-1.7,-4.65239
0.65,-0.5,-2.2,0,-1.7,-4.64345
0.65,-0.5,-2.2,0,-1.7,-4.6345
0.65,-0.5,-2.2,0,-1.7,-4.62553
0.65,-0.5,-2.2,0,-1.7,-4.61655
0.65,-0.5,-2.2,0,-1.7,-4.60757
0.65,-0.5,-2.2,0,-1.7,-4.59857
0.65,-0.5,-2.2,0,-1.7,-4.58956
0.65,-0.5,-2.2,0,-1.7,-4.58054
0.65,-0.5,-2.2,0,-1.7,-4.57151
0.65,-0.5,-2.2,0,-1.7,-4.56247
0.65,-0.5,-2.2,0,-1.7,-4.55341
0.65,-0.5,-2.2,0,-1.7,-4.54435
0.65,-0.5,-2.2,0,-1.7,-4.53528
0.65,-0.5,-2.2,0,-1.7,-4.5262
0.65,-0.5,-2.2,0,-1.7,-4.51711
0.65,-0.5,-2.2,0,-1.7,-4.508
0.65,-0.5,-2.2,0,-1.7,-4.49889
0.65,-0.5,-2.2,0,-1.7,-4.48977
0.65,-0.5,-2.2,0,-1.7,-4.48064
0.65,-0.5,-2.2,0,-1.7,-4.4715
0.65,-0.5,-2.2,0,-1.7,-4.46235
0.65,-0.5,-2.2,0,-1.7,-4.45319
0.65,-0.5,-2.2,0,-1.7,-4.44402
0.65,-0.5,-2.2,0,-1.7,-4.43485
0.65,-0.5,-2.2,0,-1.7,-4.42566
0.65,-0.5,-2.2,0,-1.7,-4.41647
0.65,-0.5,-2.2,0,-1.7,-4.40726
0.65,-0.5,-2.2,0,-1.7,-4.39805
0.65,-0.5,-2.2,0,-1.7,-4.38883
0.65,-0.5,-2.2,0,-1.7,-4.3796
0.65,-0.5,-2.2,0,-1.7,-4.37037
0.65,-0.5,-2.2,0,-1.7,-4.36112
0.65,-0.5,-2.2,0,-1.7,-4.35187
0.65,-0.5,-2.2,0,-1.7,-4.34261
0.65,-0.5,-2.2,0,-1.7,-4.33334
0.65,-0.5,-2.2,0,-1.7,-4.32406
0.65,-0.5,-2.2,0,-1.7,-4.31478
0.65,-0.5,-2.2,0,-1.7,-4.30549
0.65,-0.5,-2.2,0,-1.7,-4.29619
0.65,-0.5,-2.2,0,-1.7,-4.28689
0.65,-0.5,-2.2,0,-1.7,-4.27757
0.65,-0.5,-2.2,0,-1.7,-4.26826
0.65,-0.5,-2.2,0,-1.7,-4.25893
0.65,-0.5,-2.2,0,-1.7,-4.2496
0.65,-0.5,-2.2,0,-1.7,-4.24026
0.65,-0.5,-2.2,0,-1.7,-4.23091
0.65,-0.5,-2.2,0,-1.7,-4.22156
0.65,-0.5,-2.2,0,-1.7,-4.2122
0.65,-0.5,-2.2,0,-1.7,-4.20284
0.65,-0.5,-2.2,0,-1.7,-4.19347
0.65,-0.5,-2.2,0,-1.7,-4.1841
0.65,-0.5,-2.2,0,-1.7,-4.17472
0.65,-0.5,-2.2,0,-1.7,-4.16533
0.65,-0.5,-2.2,0,-1.7,-4.15594
0.65,-0.5,-2.2,0,-1.7,-4.14654
0.65,-0.5,-2.2,0,-1.7,-4.13714
0.65,-0.5,-2.2,0,-1.7,-4.12773
0.65,-0.5,-2.2,0,-1.7,-4.11832
0.65,-0.5,-2.2,0,-1.7,-4.1089
0.65,-0.5,-2.2,0,-1.7,-4.09948
0.65,-0.5,-2.2,0,-1.7,-4.09005
0.65,-0.5,-2.2,0,-1.7,-4.08062
0.65,-0.5,-2.2,0,-1.7,-4.07119
0.65,-0.5,-2.2,0,-1.7,-4.06175
0.65,-0.5,-2.2,0,-1.7,-4.05231
0.65,-0.5,-2.2,0,-1.7,-4.04286
0.65,-0.5,-2.2,0,-1.7,-4.03341
0.65,-0.5,-2.2,0,-1.7,-4.02396
0.65,-0.5,-2.2,0,-1.7,-4.0145
0.65,-0.5,-2.2,0,-1.7,-4.00504
0.65,-0.5,-2.2,0,-1.7,-3.99557
0.65,-0.5,-2.2,0,-1.7,-3.98611
0.65,-0.5,-2.2,0,-1.7,-3.97664
0.65,-0.5,-2.2,0,-1.7,-3.96716
0.65,-0.5,-2.2,0,-1.7,-3.95769
0.65,-0.5,-2.2,0,-1.7,-3.94821
0.65,-0.5,-2.2,0,-1.7,-3.93873
0.65,-0.5,-2.2,0,-1.7,-3.92925
0.65,-0.5,-2.2,0,-1.7,-3.91976
0.65,-0.5,-2.2,0,-1.7,-3.91028
0.65,-0.5,-2.2,0,-1.7,-3.90079
0.65,-0.5,-2.2,0,-1.7,-3.8913
0.65,-0.5,-2.2,0,-1.7,-3.88181
0.65,-0.5,-2.2,0,-1.7,-3.87232
0.65,-0.5,-2.2,0,-1.7,-3.86282
0.65,-0.5,-2.2,0,-1.7,-3.85333
0.65,-0.5,-2.2,0,-1.7,-3.84383
0.65,-0.5,-2.2,0,-1.7,-3.83434
0.65,-0.5,-2.2,0,-1.7,-3.82484
0.65,-0.5,-2.2,0,-1.7,-3.81534
0.65,-0.5,-2.2,0,-1.7,-3.80584
0.65,-0.5,-2.2,0,-1.7,-3.79634
0.65,-0.5,-2.2,0,-1.7,-3.78685
0.65,-0.5,-2.2,0,-1.7,-3.77735
0.65,-0.5,-2.2,0,-1.7,-3.76785
0.65,-0.5,-2.2,0,-1.7,-3.75835
0.65,-0.5,-2.2,0,-1.7,-3.74885
0.65,-0.5,-2.2,0,-1.7,-3.73936
0.65,-0.5,-2.2,0,-1.7,-3.72986
0.65,-0.5,-2.2,0,-1.7,-3.72037
0.65,-0.5,-2.2,0,-1.7,-3.71087
0.65,-0.5,-2.2,0,-1.7,-3.70138
0.65,-0.5,-2.2,0,-1.7,-3.69189
0.65,-0.5,-2.2,0,-1.7,-3.6824
0.65,-0.5,-2.2,0,-1.7,-3.67291
0.65,-0.5,-2.2,0,-1.7,-3.66343
0.65,-0.5,-2.2,0,-1.7,-3.65394
0.65,-0.5,-2.2,0,-1.7,-3.64446
0.65,-0.5,-2.2,0,-1.7,-3.63498
0.65,-0.5,-2.2,0,-1.7,-3.6255
0.65,-0.5,-2.2,0,-1.7,-3.61603
0.65,-0.5,-2.2,0,-1.7,-3.60655
0.65,-0.5,-2.2,0,-1.7,-3.59708
0.65,-0.5,-2.2,0,-1.7,-3.58762
0.65,-0.5,-2.2,0,-1.7,-3.57815
0.65,-0.5,-2.2,0,-1.7,-3.56869
0.65,-0.5,-2.2,0,-1.7,-3.55924
0.65,-0.5,-2.2,0,-1.7,-3.54978
0.65,-0.5,-2.2,0,-1.7,-3.54033
0.65,-0.5,-2.2,0,-1.7,-3.53088
0.65,-0.5,-2.2,0,-1.7,-3.52144
0.65,-0.5,-2.2,0,-1.7,-3.512
0.65,-0.5,-2.2,0,-1.7,-3.50257
0.65,-0.5,-2.2,0,-1.7,-3.49314
0.65,-0.5,-2.2,0,-1.7,-3.48371
0.65,-0.5,-2.2,0,-1.7,-3.47429
0.65,-0.5,-2.2,0,-1.7,-3.46487
0.65,-0.5,-2.2,0,-1.7,-3.45546
0.65,-0.5,-2.2,0,-1.7,-3.44605
0.65,-0.5,-2.2,0,-1.7,-3.43665
0.65,-0.5,-2.2,0,-1.7,-3.42725
0.65,-0.5,-2.2,0,-1.7,-3.41786
0.65,-0.5,-2.2,0,-1.7,-3.40848
0.65,-0.5,-2.2,0,-1.7,-3.39909
0.65,-0.5,-2.2,0,-1.7,-3.38972
0.65,-0.5,-2.2,0,-1.7,-3.38035
0.65,-0.5,-2.2,0,-1.7,-3.37099
0.65,-0.5,-2.2,0,-1.7,-3.36163
0.65,-0.5,-2.2,0,-1.7,-3.35228
0.65,-0.5,-2.2,0,-1.7,-3.34293
0.65,-0.5,-2.2,0,-1.7,-3.33359
0.65,-0.5,-2.2,0,-1.7,-3.32426
0.65,-0.5,-2.2,0,-1.7,-3.31493
0.65,-0.5,-2.2,0,-1.7,-3.30562
0.65,-0.5,-2.2,0,-1.7,-3.2963
0.65,-0.5,-2.2,0,-1.7,-3.287
0.65,-0.5,-2.2,0,-1.7,-3.2777
0.65,-0.5,-2.2,0,-1.7,-3.26841
0.65,-0.5,-2.2,0,-1.7,-3.25913
0.65,-0.5,-2.2,0,-1.7,-3.24985
0.65,-0.5,-2.2,0,-1.7,-3.24058
0.65,-0.5,-2.2,0,-1.7,-3.23132
0.65,-0.5,-2.2,0,-1.7,-3.22207
0.65,-0.5,-2.2,0,-1.7,-3.21283
0.65,-0.5,-2.2,0,-1.7,-3.20359
0.65,-0.5,-2.2,0,-1.7,-3.19436
0.65,-0.5,-2.2,0,-1.7,-3.18514
0.65,-0.5,-2.2,0,-1.7,-3.17593
0.65,-0.5,-2.2,0,-1.7,-3.16673
0.65,-0.5,-2.2,0,-1.7,-3.15753
0.65,-0.5,-2.2,0,-1.7,-3.14835
0.65,-0.5,-2.2,0,-1.7,-3.13917
0.65,-0.5,-2.2,0,-1.7,-3.13
0.65,-0.5,-2.2,0,-1.7,-3.12084
0.65,-0.5,-2.2,0,-1.7,-3.11169
0.65,-0.5,-2.2,0,-1.7,-3.10255
0.65,-0.5,-2.2,0,-1.7,-3.09342
0.65,-0.5,-2.2,0,-1.7,-3.0843
0.65,-0.5,-2.2,0,-1.7,-3.07519
0.65,-0.5,-2.2,0,-1.7,-3.06609
0.65,-0.5,-2.2,0,-1.7,-3.05699
0.65,-0.5,-2.2,0,-1.7,-3.04791
0.65,-0.5,-2.2,0,-1.7,-3.03884
0.65,-0.5,-2.2,0,-1.7,-3.02978
0.65,-0.5,-2.2,0,-1.7,-3.02073
0.65,-0.5,-2.2,0,-1.7,-3.01168
0.65,-0.5,-2.2,0,-1.7,-3.00265
0.65,-0.5,-2.2,0,-1.7,-2.99363
0.65,-0.5,-2.2,0,-1.7,-2.98462
0.65,-0.5,-2.2,0,-1.7,-2.97563
0.65,-0.5,-2.2,0,-1.7,-2.96664
0.65,-0.5,-2.2,0,-1.7,-2.95766
0.65,-0.5,-2.2,0,-1.7,-2.9487
0.65,-0.5,-2.2,0,-1.7,-2.93974
0.65,-0.5,-2.2,0,-1.7,-2.9308
0.65,-0.5,-2.2,0,-1.7,-2.92187
0.65,-0.5,-2.2,0,-1.7,-2.91295
0.65,-0.5,-2.2,0,-1.7,-2.90404
0.65,-0.5,-2.2,0,-1.7,-2.89514
0.65,-0.5,-2.2,0,-1.7,-2.88626
0.65,-0.5,-2.2,0,-1.7,-2.87738
0.65,-0.5,-2.2,0,-1.7,-2.86852
0.65,-0.5,-2.2,0,-1.7,-2.85967
0.65,-0.5,-2.2,0,-1.7,-2.85084
0.65,-0.5,-2.2,0,-1.7,-2.84201
0.65,-0.5,-2.2,0,-1.7,-2.8332
0.65,-0.5,-2.2,0,-1.7,-2.8244
0.65,-0.5,-2.2,0,-1.7,-2.81561
0.65,-0.5,-2.2,0,-1.7,-2.80684
0.65,-0.5,-2.2,0,-1.7,-2.79808
0.65,-0.5,-2.2,0,-1.7,-2.78933
0.65,-0.5,-2.2,0,-1.7,-2.78059
0.65,-0.5,-2.2,0,-1.7,-2.77187
0.65,-0.5,-2.2,0,-1.7,-2.76316
0.65,-0.5,-2.2,0,-1.7,-2.75447
0.65,-0.5,-2.2,0,-1.7,-2.74578
0.65,-0.5,-2.2,0,-1.7,-2.73711
0.65,-0.5,-2.2,0,-1.7,-2.72846
0.65,-0.5,-2.2,0,-1.7,-2.71982
0.65,-0.5,-2.2,0,-1.7,-2.71119
0.65,-0.5,-2.2,0,-1.7,-2.70257
0.65,-0.5,-2.2,0,-1.7,-2.69397
0.65,-0.5,-2.2,0,-1.7,-2.68538
0.65,-0.5,-2.2,0,-1.7,-2.67681
0.65,-0.5,-2.2,0,-1.7,-2.66825
0.65,-0.5,-2.2,0,-1.7,-2.65971
0.65,-0.5,-2.2,0,-1.7,-2.65118
0.65,-0.5,-2.2,0,-1.7,-2.64266
0.65,-0.5,-2.2,0,-1.7,-2.63416
0.65,-0.5,-2.2,0,-1.7,-2.62567
0.65,-0.5,-2.2,0,-1.7,-2.6172
0.65,-0.5,-2.2,0,-1.7,-2.60874
0.65,-0.5,-2.2,0,-1.7,-2.6003
0.65,-0.5,-2.2,0,-1.7,-2.59187
0.65,-0.5,-2.2,0,-1.7,-2.58346
0.65,-0.5,-2.2,0,-1.7,-2.57506
0.65,-0.5,-2.2,0,-1.7,-2.56668
0.65,-0.5,-2.2,0,-1.7,-2.55831
0.65,-0.5,-2.2,0,-1.7,-2.54996
0.65,-0.5,-2.2,0,-1.7,-2.54162
0.65,-0.5,-2.2,0,-1.7,-2.5333
0.65,-0.5,-2.2,0,-1.7,-2.52499
0.65,-0.5,-2.2,0,-1.7,-2.5167
0.65,-0.5,-2.2,0,-1.7,-2.50843
0.65,-0.5,-2.2,0,-1.7,-2.50017
0.65,-0.5,-2.2,0,-1.7,-2.49193
0.65,-0.5,-2.2,0,-1.7,-2.4837
0.65,-0.5,-2.2,0,-1.7,-2.47549
0.65,-0.5,-2.2,0,-1.7,-2.46729
0.65,-0.5,-2.2,0,-1.7,-2.45911
0.65,-0.5,-2.2,0,-1.7,-2.45095
0.65,-0.5,-2.2,0,-1.7,-2.4428
0.65,-0.5,-2.2,0,-1.7,-2.43467
0.65,-0.5,-2.2,0,-1.7,-2.42656
0.65,-0.5,-2.2,0,-1.7,-2.41846
0.65,-0.5,-2.2,0,-1.7,-2.41038
0.65,-0.5,-2.2,0,-1.7,-2.40232
0.65,-0.5,-2.2,0,-1.7,-2.39427
0.65,-0.5,-2.2,0,-1.7,-2.38624
0.65,-0.5,-2.2,0,-1.7,-2.37822
0.65,-0.5,-2.2,0,-1.7,-2.37023
0.65,-0.5,-2.2,0,-1.7,-2.36225
0.65,-0.5,-2.2,0,-1.7,-2.35428
0.65,-0.5,-2.2,0,-1.7,-2.34634
0.65,-0.5,-2.2,0,-1.7,-2.33841
0.65,-0.5,-2.2,0,-1.7,-2.3305
0.65,-0.5,-2.2,0,-1.7,-2.3226
0.65,-0.5,-2.2,0,-1.7,-2.31473
0.65,-0.5,-2.2,0,-1.7,-2.30687
0.65,-0.5,-2.2,0,-1.7,-2.29902
0.65,-0.5,-2.2,0,-1.7,-2.2912
0.65,-0.5,-2.2,0,-1.7,-2.28339
0.65,-0.5,-2.2,0,-1.7,-2.2756
0.65,-0.5,-2.2,0,-1.7,-2.26783
0.65,-0.5,-2.2,0,-1.7,-2.26008
0.65,-0.5,-2.2,0,-1.7,-2.25234
0.65,-0.5,-2.2,0,-1.7,-2.24462
0.65,-0.5,-2.2,0,-1.7,-2.23692
0.65,-0.5,-2.2,0,-1.7,-2.22924
0.65,-0.5,-2.2,0,-1.7,-2.22158
0.65,-0.5,-2.2,0,-1.7,-2.21393
0.65,-0.5,-2.2,0,-1.7,-2.20631
0.65,-0.5,-2.2,0,-1.7,-2.1987
0.65,-0.5,-2.2,0,-1.7,-2.19111
0.65,-0.5,-2.2,0,-1.7,-2.18353
0.65,-0.5,-2.2,0,-1.7,-2.17598
0.65,-0.5,-2.2,0,-1.7,-2.16844
0.65,-0.5,-2.2,0,-1.7,-2.16093
0.65,-0.5,-2.2,0,-1.7,-2.15343
0.65,-0.5,-2.2,0,-1.7,-2.14595
0.65,-0.5,-2.2,0,-1.7,-2.13849
0.65,-0.5,-2.2,0,-1.7,-2.13104
0.65,-0.5,-2.2,0,-1.7,-2.12362
0.65,-0.5,-2.2,0,-1.7,-2.11622
0.65,-0.5,-2.2,0,-1.7,-2.10883
0.65,-0.5,-2.2,0,-1.7,-2.10146
0.65,-0.5,-2.2,0,-1.7,-2.09412
0.65,-0.5,-2.2,0,-1.7,-2.08679
0.65,-0.5,-2.2,0,-1.7,-2.07948
0.65,-0.5,-2.2,0,-1.7,-2.07219
0.65,-0.5,-2.2,0,-1.7,-2.06492
0.65,-0.5,-2.2,0,-1.7,-2.05767
0.65,-0.5,-2.2,0,-1.7,-2.05043
0.65,-0.5,-2.2,0,-1.7,-2.04322
0.65,-0.5,-2.2,0,-1.7,-2.03603
0.65,-0.5,-2.2,0,-1.7,-2.02885
0.65,-0.5,-2.2,0,-1.7,-2.0217
0.65,-0.5,-2.2,0,-1.7,-2.01456
0.65,-0.5,-2.2,0,-1.7,-2.00745
0.65,-0.5,-2.2,0,-1.7,-2.00035
0.65,-0.5,-2.2,0,-1.7,-1.99327
0.65,-0.5,-2.2,0,-1.7,-1.98622
0.65,-0.5,-2.2,0,-1.7,-1.97918
0.65,-0.5,-2.2,0,-1.7,-1.97216
0.65,-0.5,-2.2,0,-1.7,-1.96517
0.65,-0.5,-2.2,0,-1.7,-1.95819
0.65,-0.5,-2.2,0,-1.7,-1.95123
0.65,-0.5,-2.2,0,-1.7,-1.94429
0.65,-0.5,-2.2,0,-1.7,-1.93738
0.65,-0.5,-2.2,0,-1.7,-1.93048
0.65,-0.5,-2.2,0,-1.7,-1.9236
0.65,-0.5,-2.2,0,-1.7,-1.91674
0.65,-0.5,-2.2,0,-1.7,-1.90991
0.65,-0.5,-2.2,0,-1.7,-1.90309
0.65,-0.5,-2.2,0,-1.7,-1.89629
0.65,-0.5,-2.2,0,-1.7,-1.88952
0.65,-0.5,-2.2,0,-1.7,-1.88276
0.65,-0.5,-2.2,0,-1.7,-1.87603
0.65,-0.5,-2.2,0,-1.7,-1.86931
0.65,-0.5,-2.2,0,-1.7,-1.86261
0.65,-0.5,-2.2,0,-1.7,-1.85594
0.65,-0.5,-2.2,0,-1.7,-1.84929
0.65,-0.5,-2.2,0,-1.7,-1.84265
0.65,-0.5,-2.2,0,-1.7,-1.83604
0.65,-0.5,-2.2,0,-1.7,-1.82945
0.65,-0.5,-2.2,0,-1.7,-1.82288
0.65,-0.5,-2.2,0,-1.7,-1.81632
0.65,-0.5,-2.2,0,-1.7,-1.80979
0.65,-0.5,-2.2,0,-1.7,-1.80328
0.65,-0.5,-2.2,0,-1.7,-1.79679
0.65,-0.5,-2.2,0,-1.7,-1.79033
0.65,-0.5,-2.2,0,-1.7,-1.78388
0.65,-0.5,-2.2,0,-1.7,-1.77745
0.65,-0.5,-2.2,0,-1.7,-1.77105
0.65,-0.5,-2.2,0,-1.7,-1.76466
0.65,-0.5,-2.2,0,-1.7,-1.7583
0.65,-0.5,-2.2,0,-1.7,-1.75195
0.65,-0.5,-2.2,0,-1.7,-1.74563
0.65,-0.5,-2.2,0,-1.7,-1.73933
0.65,-0.5,-2.2,0,-1.7,-1.73305
0.65,-0.5,-2.2,0,-1.7,-1.72679
0.65,-0.5,-2.2,0,-1.7,-1.72055
0.65,-0.5,-2.2,0,-1.7,-1.71433
0.65,-0.5,-2.2,0,-1.7,-1.70814
0.65,-0.5,-2.2,0,-1.7,-1.70196
0.65,-0.5,-2.2,0,-1.7,-1.69581
0.65,-0.5,-2.2,0,-1.7,-1.68967
0.65,-0.5,-2.2,0,-1.7,-1.68356
0.65,-0.5,-2.2,0,-1.7,-1.67747
0.65,-0.5,-2.2,0,-1.7,-1.6714
0.65,-0.5,-2.2,0,-1.7,-1.66535
0.65,-0.5,-2.2,0,-1.7,-1.65933
0.65,-0.5,-2.2,0,-1.7,-1.65332
0.65,-0.5,-2.2,0,-1.7,-1.64733
0.65,-0.5,-2.2,0,-1.7,-1.64137
0.65,-0.5,-2.2,0,-1.7,-1.63543
0.65,-0.5,-2.2,0,-1.7,-1.62951
0.65,-0.5,-2.2,0,-1.7,-1.62361
0.65,-0.5,-2.2,0,-1.7,-1.61773
0.65,-0.5,-2.2,0,-1.7,-1.61187
0.65,-0.5,-2.2,0,-1.7,-1.60604
0.65,-0.5,-2.2,0,-1.7,-1.60022
0.65,-0.5,-2.2,0,-1.7,-1.59443
0.65,-0.5,-2.2,0,-1.7,-1.58866
0.65,-0.5,-2.2,0,-1.7,-1.58291
0.65,-0.5,-2.2,0,-1.7,-1.57718
0.65,-0.5,-2.2,0,-1.7,-1.57148
0.65,-0.5,-2.2,0,-1.7,-1.56579
0.65,-0.5,-2.2,0,-1.7,-1.56013
0.65,-0.5,-2.2,0,-1.7,-1.55448
0.65,-0.5,-2.2,0,-1.7,-1.54886
0.65,-0.5,-2.2,0,-1.7,-1.54326
0.65,-0.5,-2.2,0,-1.7,-1.53768
0.65,-0.5,-2.2,0,-1.7,-1.53213
0.65,-0.5,-2.2,0,-1.7,-1.52659
0.65,-0.5,-2.2,0,-1.7,-1.52108
0.65,-0.5,-2.2,0,-1.7,-1.51559
0.65,-0.5,-2.2,0,-1.7,-1.51012
0.65,-0.5,-2.2,0,-1.7,-1.50467
0.65,-0.5,-2.2,0,-1.7,-1.49924
0.65,-0.5,-2.2,0,-1.7,-1.49383
0.65,-0.5,-2.2,0,-1.7,-1.48845
0.65,-0.5,-2.2,0,-1.7,-1.48308
0.65,-0.5,-2.2,0,-1.7,-1.47774
0.65,-0.5,-2.2,0,-1.7,-1.47242
0.65,-0.5,-2.2,0,-1.7,-1.46712
0.65,-0.5,-2.2,0,-1.7,-1.46185
0.65,-0.5,-2.2,0,-1.7,-1.45659
0.65,-0.5,-2.2,0,-1.7,-1.45136
0.65,-0.5,-2.2,0,-1.7,-1.44615
0.65,-0.5,-2.2,0,-1.7,-1.44096
0.65,-0.5,-2.2,0,-1.7,-1.43579
0.65,-0.5,-2.2,0,-1.7,-1.43064
0.65,-0.5,-2.2,0,-1.7,-1.42551
0.65,-0.5,-2.2,0,-1.7,-1.42041
0.65,-0.5,-2.2,0,-1.7,-1.41533
0.65,-0.5,-2.2,0,-1.7,-1.41026
0.65,-0.5,-2.2,0,-1.7,-1.40522
0.65,-0.5,-2.2,0,-1.7,-1.4002
0.65,-0.5,-2.2,0,-1.7,-1.39521
0.65,-0.5,-2.2,0,-1.7,-1.39023
0.65,-0.5,-2.2,0,-1.7,-1.38528
0.65,-0.5,-2.2,0,-1.7,-1.38035
0.65,-0.5,-2.2,0,-1.7,-1.37543
0.65,-0.5,-2.2,0,-1.7,-1.37054
0.65,-0.5,-2.2,0,-1.7,-1.36568
0.65,-0.5,-2.2,0,-1.7,-1.36083
0.65,-0.5,-2.2,0,-1.7,-1.356
0.65,-0.5,-2.2,0,-1.7,-1.3512
0.65,-0.5,-2.2,0,-1.7,-1.34642
0.65,-0.5,-2.2,0,-1.7,-1.34166
0.65,-0.5,-2.2,0,-1.7,-1.33692
0.65,-0.5,-2.2,0,-1.7,-1.3322
0.65,-0.5,-2.2,0,-1.7,-1.3275
0.65,-0.5,-2.2,0,-1.7,-1.32283
0.65,-0.5,-2.2,0,-1.7,-1.31817
0.65,-0.5,-2.2,0,-1.7,-1.31354
0.65,-0.5,-2.2,0,-1.7,-1.30893
0.65,-0.5,-2.2,0,-1.7,-1.30434
0.65,-0.5,-2.2,0,-1.7,-1.29977
0.65,-0.5,-2.2,0,-1.7,-1.29522
0.65,-0.5,-2.2,0,-1.7,-1.29069
0.65,-0.5,-2.2,0,-1.7,-1.28619
0.65,-0.5,-2.2,0,-1.7,-1.2817
0.65,-0.5,-2.2,0,-1.7,-1.27724
0.65,-0.5,-2.2,0,-1.7,-1.2728
0.65,-0.5,-2.2,0,-1.7,-1.26838
0.65,-0.5,-2.2,0,-1.7,-1.26398
0.65,-0.5,-2.2,0,-1.7,-1.2596
0.65,-0.5,-2.2,0,-1.7,-1.25524
0.65,-0.5,-2.2,0,-1.7,-1.25091
0.65,-0.5,-2.2,0,-1.7,-1.24659
0.65,-0.5,-2.2,0,-1.7,-1.2423
0.65,-0.5,-2.2,0,-1.7,-1.23802
0.65,-0.5,-2.2,0,-1.7,-1.23377
0.65,-0.5,-2.2,0,-1.7,-1.22954
0.65,-0.5,-2.2,0,-1.7,-1.22533
0.65,-0.5,-2.2,0,-1.7,-1.22114
0.65,-0.5,-2.2,0,-1.7,-1.21697
0.65,-0.5,-2.2,0,-1.7,-1.21282
0.65,-0.5,-2.2,0,-1.7,-1.2087
0.65,-0.5,-2.2,0,-1.7,-1.20459
0.65,-0.5,-2.2,0,-1.7,-1.20051
0.65,-0.5,-2.2,0,-1.7,-1.19644
0.65,-0.5,-2.2,0,-1.7,-1.1924
0.65,-0.5,-2.2,0,-1.7,-1.18837
0.65,-0.5,-2.2,0,-1.7,-1.18437
0.65,-0.5,-2.2,0,-1.7,-1.18039
0.65,-0.5,-2.2,0,-1.7,-1.17643
0.65,-0.5,-2.2,0,-1.7,-1.17249
0.65,-0.5,-2.2,0,-1.7,-1.16857
0.65,-0.5,-2.2,0,-1.7,-1.16467
0.65,-0.5,-2.2,0,-1.7,-1.16079
0.65,-0.5,-2.2,0,-1.7,-1.15693
0.65,-0.5,-2.2,0,-1.7,-1.15309
0.65,-0.5,-2.2,0,-1.7,-1.14927
0.65,-0.5,-2.2,0,-1.7,-1.14548
0.65,-0.5,-2.2,0,-1.7,-1.1417
0.65,-0.5,-2.2,0,-1.7,-1.13794
0.65,-0.5,-2.2,0,-1.7,-1.1342
0.65,-0.5,-2.2,0,-1.7,-1.13049
0.65,-0.5,-2.2,0,-1.7,-1.12679
0.65,-0.5,-2.2,0,-1.7,-1.12311
0.65,-0.5,-2.2,0,-1.7,-1.11946
0.65,-0.5,-2.2,0,-1.7,-1.11582
0.65,-0.5,-2.2,0,-1.7,-1.11221
0.65,-0.5,-2.2,0,-1.7,-1.10861
0.65,-0.5,-2.2,0,-1.7,-1.10503
0.65,-0.5,-2.2,0,-1.7,-1.10148
0.65,-0.5,-2.2,0,-1.7,-1.09794
0.65,-0.5,-2.2,0,-1.7,-1.09442
0.65,-0.5,-2.2,0,-1.7,-1.09093
0.65,-0.5,-2.2,0,-1.7,-1.08745
0.65,-0.5,-2.2,0,-1.7,-1.08399
0.65,-0.5,-2.2,0,-1.7,-1.08055
0.65,-0.5,-2.2,0,-1.7,-1.07713
0.65,-0.5,-2.2,0,-1.7,-1.07374
0.65,-0.5,-2.2,0,-1.7,-1.07036
0.65,-0.5,-2.2,0,-1.7,-1.067
0.65,-0.5,-2.2,0,-1.7,-1.06366
0.65,-0.5,-2.2,0,-1.7,-1.06033
0.65,-0.5,-2.2,0,-1.7,-1.05703
0.65,-0.5,-2.2,0,-1.7,-1.05375
0.65,-0.5,-2.2,0,-1.7,-1.05049
0.65,-0.5,-2.2,0,-1.7,-1.04724
0.65,-0.5,-2.2,0,-1.7,-1.04402
0.65,-0.5,-2.2,0,-1.7,-1.04081
0.65,-0.5,-2.2,0,-1.7,-1.03762
0.65,-0.5,-2.2,0,-1.7,-1.03445
0.65,-0.5,-2.2,0,-1.7,-1.03131
0.65,-0.5,-2.2,0,-1.7,-1.02818
0.65,-0.5,-2.2,0,-1.7,-1.02506
0.65,-0.5,-2.2,0,-1.7,-1.02197
0.65,-0.5,-2.2,0,-1.7,-1.0189
0.65,-0.5,-2.2,0,-1.7,-1.01584
0.65,-0.5,-2.2,0,-1.7,-1.0128
0.65,-0.5,-2.2,0,-1.7,-1.00979
0.65,-0.5,-2.2,0,-1.7,-1.00679
0.65,-0.5,-2.2,0,-1.7,-1.00381
0.65,-0.5,-2.2,0,-1.7,-1.00084
0.65,-0.5,-2.2,0,-1.7,-0.997898
0.65,-0.5,-2.2,0,-1.7,-0.994972
0.65,-0.5,-2.2,0,-1.7,-0.992064
0.65,-0.5,-2.2,0,-1.7,-0.989174
0.65,-0.5,-2.2,0,-1.7,-0.986302
0.65,-0.5,-2.2,0,-1.7,-0.983448
0.65,-0.5,-2.2,0,-1.7,-0.980612
0.65,-0.5,-2.2,0,-1.7,-0.977795
0.65,-0.5,-2.2,0,-1.7,-0.974995
0.65,-0.5,-2.2,0,-1.7,-0.972212
0.65,-0.5,-2.2,0,-1.7,-0.969448
0.65,-0.5,-2.2,0,-1.7,-0.966701
0.65,-0.5,-2.2,0,-1.7,-0.963972
0.65,-0.5,-2.2,0,-1.7,-0.96126
0.65,-0.5,-2.2,0,-1.7,-0.958566
0.65,-0.5,-2.2,0,-1.7,-0.955889
0.65,-0.5,-2.2,0,-1.7,-0.95323
0.65,-0.5,-2.2,0,-1.7,-0.950588
0.65,-0.5,-2.2,0,-1.7,-0.947963
0.65,-0.5,-2.2,0,-1.7,-0.945355
0.65,-0.5,-2.2,0,-1.7,-0.942765
0.65,-0.5,-2.2,0,-1.7,-0.940191
0.65,-0.5,-2.2,0,-1.7,-0.937635
0.65,-0.5,-2.2,0,-1.7,-0.935095
0.65,-0.5,-2.2,0,-1.7,-0.932572
0.65,-0.5,-2.2,0,-1.7,-0.930066
0.65,-0.5,-2.2,0,-1.7,-0.927576
0.65,-0.5,-2.2,0,-1.7,-0.925104
0.65,-0.5,-2.2,0,-1.7,-0.922647
0.65,-0.5,-2.2,0,-1.7,-0.920208
0.65,-0.5,-2.2,0,-1.7,-0.917784
0.65,-0.5,-2.2,0,-1.7,-0.915377
0.65,-0.5,-2.2,0,-1.7,-0.912986
0.65,-0.5,-2.2,0,-1.7,-0.910612
0.65,-0.5,-2.2,0,-1.7,-0.908253
0.65,-0.5,-2.2,0,-1.7,-0.905911
0.65,-0.5,-2.2,0,-1.7,-0.903584
0.65,-0.5,-2.2,0,-1.7,-0.901274
0.65,-0.5,-2.2,0,-1.7,-0.898979
0.65,-0.5,-2.2,0,-1.7,-0.8967
0.65,-0.5,-2.2,0,-1.7,-0.894437
0.65,-0.5,-2.2,0,-1.7,-0.892189
0.65,-0.5,-2.2,0,-1.7,-0.889957
0.65,-0.5,-2.2,0,-1.7,-0.88774
0.65,-0.5,-2.2,0,-1.7,-0.885539
0.65,-0.5,-2.2,0,-1.7,-0.883353
0.65,-0.5,-2.2,0,-1.7,-0.881182
0.65,-0.5,-2.2,0,-1.7,-0.879027
0.65,-0.5,-2.2,0,-1.7,-0.876886
0.65,-0.5,-2.2,0,-1.7,-0.874761
0.65,-0.5,-2.2,0,-1.7,-0.872651
0.65,-0.5,-2.2,0,-1.7,-0.870555
0.65,-0.5,-2.2,0,-1.7,-0.868474
0.65,-0.5,-2.2,0,-1.7,-0.866408
0.65,-0.5,-2.2,0,-1.7,-0.864357
0.65,-0.5,-2.2,0,-1.7,-0.86232
0.65,-0.5,-2.2,0,-1.7,-0.860298
0.65,-0.5,-2.2,0,-1.7,-0.858291
0.65,-0.5,-2.2,0,-1.7,-0.856298
0.65,-0.5,-2.2,0,-1.7,-0.854319
0.65,-0.5,-2.2,0,-1.7,-0.852354
0.65,-0.5,-2.2,0,-1.7,-0.850404
0.65,-0.5,-2.2,0,-1.7,-0.848467
0.65,-0.5,-2.2,0,-1.7,-0.846545
0.65,-0.5,-2.2,0,-1.7,-0.844637
0.65,-0.5,-2.2,0,-1.7,-0.842743
0.65,-0.5,-2.2,0,-1.7,-0.840862
0.65,-0.5,-2.2,0,-1.7,-0.838996
0.65,-0.5,-2.2,0,-1.7,-0.837143
0.65,-0.5,-2.2,0,-1.7,-0.835304
0.65,-0.5,-2.2,0,-1.7,-0.833478
0.65,-0.5,-2.2,0,-1.7,-0.831666
0.65,-0.5,-2.2,0,-1.7,-0.829867
0.65,-0.5,-2.2,0,-1.7,-0.828082
0.65,-0.5,-2.2,0,-1.7,-0.82631
0.65,-0.5,-2.2,0,-1.7,-0.824551
0.65,-0.5,-2.2,0,-1.7,-0.822806
0.65,-0.5,-2.2,0,-1.7,-0.821073
0.65,-0.5,-2.2,0,-1.7,-0.819354
0.65,-0.5,-2.2,0,-1.7,-0.817648
0.65,-0.5,-2.2,0,-1.7,-0.815954
0.65,-0.5,-2.2,0,-1.7,-0.814274
0.65,-0.5,-2.2,0,-1.7,-0.812606
0.65,-0.5,-2.2,0,-1.7,-0.810951
0.65,-0.5,-2.2,0,-1.7,-0.809309
0.65,-0.5,-2.2,0,-1.7,-0.807679
0.65,-0.5,-2.2,0,-1.7,-0.806062
0.65,-0.5,-2.2,0,-1.7,-0.804457
0.65,-0.5,-2.2,0,-1.7,-0.802865
0.65,-0.5,-2.2,0,-1.7,-0.801285
0.65,-0.5,-2.2,0,-1.7,-0.799717
0.65,-0.5,-2.2,0,-1.7,-0.798161
0.65,-0.5,-2.2,0,-1.7,-0.796618
0.65,-0.5,-2.2,0,-1.7,-0.795087
0.65,-0.5,-2.2,0,-1.7,-0.793568
0.65,-0.5,-2.2,0,-1.7,-0.79206
0.65,-0.5,-2.2,0,-1.7,-0.790565
0.65,-0.5,-2.2,0,-1.7,-0.789082
0.65,-0.5,-2.2,0,-1.7,-0.78761
0.65,-0.5,-2.2,0,-1.7,-0.78615
0.65,-0.5,-2.2,0,-1.7,-0.784701
0.65,-0.5,-2.2,0,-1.7,-0.783265
0.65,-0.5,-2.2,0,-1.7,-0.781839
0.65,-0.5,-2.2,0,-1.7,-0.780425
0.65,-0.5,-2.2,0,-1.7,-0.779023
0.65,-0.5,-2.2,0,-1.7,-0.777632
0.65,-0.5,-2.2,0,-1.7,-0.776252
0.65,-0.5,-2.2,0,-1.7,-0.774884
0.65,-0.5,-2.2,0,-1.7,-0.773526
0.65,-0.5,-2.2,0,-1.7,-0.77218
0.65,-0.5,-2.2,0,-1.7,-0.770845
0.65,-0.5,-2.2,0,-1.7,-0.76952
0.65,-0.5,-2.2,0,-1.7,-0.768207
0.65,-0.5,-2.2,0,-1.7,-0.766904
0.65,-0.5,-2.2,0,-1.7,-0.765613
0.65,-0.5,-2.2,0,-1.7,-0.764331
0.65,-0.5,-2.2,0,-1.7,-0.763061
0.65,-0.5,-2.2,0,-1.7,-0.761801
0.65,-0.5,-2.2,0,-1.7,-0.760552
0.65,-0.5,-2.2,0,-1.7,-0.759314
0.65,-0.5,-2.2,0,-1.7,-0.758085
0.65,-0.5,-2.2,0,-1.7,-0.756868
0.65,-0.5,-2.2,0,-1.7,-0.75566
0.65,-0.5,-2.2,0,-1.7,-0.754463
0.65,-0.5,-2.2,0,-1.7,-0.753276
0.65,-0.5,-2.2,0,-1.7,-0.752099
0.65,-0.5,-2.2,0,-1.7,-0.750932
0.65,-0.5,-2.2,0,-1.7,-0.749775
0.65,-0.5,-2.2,0,-1.7,-0.748628
0.65,-0.5,-2.2,0,-1.7,-0.747491
0.65,-0.5,-2.2,0,-1.7,-0.746364
0.65,-0.5,-2.2,0,-1.7,-0.745247
0.65,-0.5,-2.2,0,-1.7,-0.744139
0.65,-0.5,-2.2,0,-1.7,-0.743042
0.65,-0.5,-2.2,0,-1.7,-0.741953
0.65,-0.5,-2.2,0,-1.7,-0.740875
0.65,-0.5,-2.2,0,-1.7,-0.739806
0.65,-0.5,-2.2,0,-1.7,-0.738746
0.65,-0.5,-2.2,0,-1.7,-0.737696
0.65,-0.5,-2.2,0,-1.7,-0.736655
0.65,-0.5,-2.2,0,-1.7,-0.735623
0.65,-0.5,-2.2,0,-1.7,-0.734601
0.65,-0.5,-2.2,0,-1.7,-0.733588
0.65,-0.5,-2.2,0,-1.7,-0.732584
0.65,-0.5,-2.2,0,-1.7,-0.731589
0.65,-0.5,-2.2,0,-1.7,-0.730603
0.65,-0.5,-2.2,0,-1.7,-0.729626
0.65,-0.5,-2.2,0,-1.7,-0.728658
0.65,-0.5,-2.2,0,-1.7,-0.727699
0.65,-0.5,-2.2,0,-1.7,-0.726748
0.65,-0.5,-2.2,0,-1.7,-0.725806
0.65,-0.5,-2.2,0,-1.7,-0.724873
0.65,-0.5,-2.2,0,-1.7,-0.723949
0.65,-0.5,-2.2,0,-1.7,-0.723033
0.65,-0.5,-2.2,0,-1.7,-0.722126
0.65,-0.5,-2.2,0,-1.7,-0.721227
0.65,-0.5,-2.2,0,-1.7,-0.720337
0.65,-0.5,-2.2,0,-1.7,-0.719455
0.65,-0.5,-2.2,0,-1.7,-0.718581
0.65,-0.5,-2.2,0,-1.7,-0.717716
0.65,-0.5,-2.2,0,-1.7,-0.716859
0.65,-0.5,-2.2,0,-1.7,-0.71601
0.65,-0.5,-2.2,0,-1.7,-0.715169
0.65,-0.5,-2.2,0,-1.7,-0.714336
0.65,-0.5,-2.2,0,-1.7,-0.713511
0.65,-0.5,-2.2,0,-1.7,-0.712695
0.65,-0.5,-2.2,0,-1.7,-0.711886
0.65,-0.5,-2.2,0,-1.7,-0.711084
0.65,-0.5,-2.2,0,-1.7,-0.710291
0.65,-0.5,-2.2,0,-1.7,-0.709506
0.65,-0.5,-2.2,0,-1.7,-0.708728
0.65,-0.5,-2.2,0,-1.7,-0.707958
0.65,-0.5,-2.2,0,-1.7,-0.707195
0.65,-0.5,-2.2,0,-1.7,-0.70644
0.65,-0.5,-2.2,0,-1.7,-0.705692
0.65,-0.5,-2.2,0,-1.7,-0.704952
0.65,-0.5,-2.2,0,-1.7,-0.70422
0.65,-0.5,-2.2,0,-1.7,-0.703494
0.65,-0.5,-2.2,0,-1.7,-0.702776
0.65,-0.5,-2.2,0,-1.7,-0.702066
0.65,-0.5,-2.2,0,-1.7,-0.701362
0.65,-0.5,-2.2,0,-1.7,-0.700666
0.65,-0.5,-2.2,0,-1.7,-0.699976
0.65,-0.5,-2.2,0,-1.7,-0.699294
0.65,-0.5,-2.2,0,-1.7,-0.698619
0.65,-0.5,-2.2,0,-1.7,-0.69795
0.65,-0.5,-2.2,0,-1.7,-0.697289
0.65,-0.5,-2.2,0,-1.7,-0.696635
0.65,-0.5,-2.2,0,-1.7,-0.695987
0.65,-0.5,-2.2,0,-1.7,-0.695346
0.65,-0.5,-2.2,0,-1.7,-0.694712
0.65,-0.5,-2.2,0,-1.7,-0.694084
0.65,-0.5,-2.2,0,-1.7,-0.693463
0.65,-0.5,-2.2,0,-1.7,-0.692849
0.65,-0.5,-2.2,0,-1.7,-0.692241
0.65,-0.5,-2.2,0,-1.7,-0.69164
0.65,-0.5,-2.2,0,-1.7,-0.691045
0.65,-0.5,-2.2,0,-1.7,-0.690457
0.65,-0.5,-2.2,0,-1.7,-0.689875
0.65,-0.5,-2.2,0,-1.7,-0.689299
0.65,-0.5,-2.2,0,-1.7,-0.688729
0.65,-0.5,-2.2,0,-1.7,-0.688166
0.65,-0.5,-2.2,0,-1.7,-0.687609
0.65,-0.5,-2.2,0,-1.7,-0.687058
0.65,-0.5,-2.2,0,-1.7,-0.686513
0.65,-0.5,-2.2,0,-1.7,-0.685974
0.65,-0.5,-2.2,0,-1.7,-0.685441
0.65,-0.5,-2.2,0,-1.7,-0.684914
0.65,-0.5,-2.2,0,-1.7,-0.684393
0.65,-0.5,-2.2,0,-1.7,-0.683878
0.65,-0.5,-2.2,0,-1.7,-0.683368
0.65,-0.5,-2.2,0,-1.7,-0.682864
0.65,-0.5,-2.2,0,-1.7,-0.682367
0.65,-0.5,-2.2,0,-1.7,-0.681874
0.65,-0.5,-2.2,0,-1.7,-0.681388
0.65,-0.5,-2.2,0,-1.7,-0.680907
0.65,-0.5,-2.2,0,-1.7,-0.680431
0.65,-0.5,-2.2,0,-1.7,-0.679961
0.65,-0.5,-2.2,0,-1.7,-0.679497
0.65,-0.5,-2.2,0,-1.7,-0.679038
0.65,-0.5,-2.2,0,-1.7,-0.678584
0.65,-0.5,-2.2,0,-1.7,-0.678136
0.65,-0.5,-2.2,0,-1.7,-0.677693
0.65,-0.5,-2.2,0,-1.7,-0.677255
0.65,-0.5,-2.2,0,-1.7,-0.676822
0.65,-0.5,-2.2,0,-1.7,-0.676395
0.65,-0.5,-2.2,0,-1.7,-0.675972
0.65,-0.5,-2.2,0,-1.7,-0.675555
0.65,-0.5,-2.2,0,-1.7,-0.675143
0.65,-0.5,-2.2,0,-1.7,-0.674736
0.65,-0.5,-2.2,0,-1.7,-0.674334
0.65,-0.5,-2.2,0,-1.7,-0.673936
0.65,-0.5,-2.2,0,-1.7,-0.673544
0.65,-0.5,-2.2,0,-1.7,-0.673156
0.65,-0.5,-2.2,0,-1.7,-0.672774
0.65,-0.5,-2.2,0,-1.7,-0.672396
0.65,-0.5,-2.2,0,-1.7,-0.672022
0.65,-0.5,-2.2,0,-1.7,-0.671654
0.65,-0.5,-2.2,0,-1.7,-0.67129
0.65,-0.5,-2.2,0,-1.7,-0.670931
0.65,-0.5,-2.2,0,-1.7,-0.670576
0.65,-0.5,-2.2,0,-1.7,-0.670226
0.65,-0.5,-2.2,0,-1.7,-0.66988
0.65,-0.5,-2.2,0,-1.7,-0.669539
0.65,-0.5,-2.2,0,-1.7,-0.669202
0.65,-0.5,-2.2,0,-1.7,-0.668869
0.65,-0.5,-2.2,0,-1.7,-0.668541
0.65,-0.5,-2.2,0,-1.7,-0.668217
0.65,-0.5,-2.2,0,-1.7,-0.667898
0.65,-0.5,-2.2,0,-1.7,-0.667582
0.65,-0.5,-2.2,0,-1.7,-0.667271
0.65,-0.5,-2.2,0,-1.7,-0.666964
0.65,-0.5,-2.2,0,-1.7,-0.666661
0.65,-0.5,-2.2,0,-1.7,-0.666362
0.65,-0.5,-2.2,0,-1.7,-0.666068
0.65,-0.5,-2.2,0,-1.7,-0.665777
0.65,-0.5,-2.2,0,-1.7,-0.66549
0.65,-0.5,-2.2,0,-1.7,-0.665207
0.65,-0.5,-2.2,0,-1.7,-0.664928
0.65,-0.5,-2.2,0,-1.7,-0.664653
0.65,-0.5,-2.2,0,-1.7,-0.664382
0.65,-0.5,-2.2,0,-1.7,-0.664114
0.65,-0.5,-2.2,0,-1.7,-0.66385
0.65,-0.5,-2.2,0,-1.7,-0.66359
0.65,-0.5,-2.2,0,-1.7,-0.663334
0.65,-0.5,-2.2,0,-1.7,-0.663081
0.65,-0.5,-2.2,0,-1.7,-0.662832
0.65,-0.5,-2.2,0,-1.7,-0.662586
0.65,-0.5,-2.2,0,-1.7,-0.662344
0.65,-0.5,-2.2,0,-1.7,-0.662106
0.65,-0.5,-2.2,0,-1.7,-0.661871
0.65,-0.5,-2.2,0,-1.7,-0.661639
0.65,-0.5,-2.2,0,-1.7,-0.661411
0.65,-0.5,-2.2,0,-1.7,-0.661186
0.65,-0.5,-2.2,0,-1.7,-0.660965
0.65,-0.5,-2.2,0,-1.7,-0.660746
0.65,-0.5,-2.2,0,-1.7,-0.660531
0.65,-0.5,-2.2,0,-1.7,-0.66032
0.65,-0.5,-2.2,0,-1.7,-0.660111
0.65,-0.5,-2.2,0,-1.7,-0.659906
0.65,-0.5,-2.2,0,-1.7,-0.659704
0.65,-0.5,-2.2,0,-1.7,-0.659505
0.65,-0.5,-2.2,0,-1.7,-0.659309
0.65,-0.5,-2.2,0,-1.7,-0.659116
0.65,-0.5,-2.2,0,-1.7,-0.658926
0.65,-0.5,-2.2,0,-1.7,-0.658739
0.65,-0.5,-2.2,0,-1.7,-0.658555
0.65,-0.5,-2.2,0,-1.7,-0.658374
0.65,-0.5,-2.2,0,-1.7,-0.658196
0.65,-0.5,-2.2,0,-1.7,-0.658021
0.65,-0.5,-2.2,0,-1.7,-0.657848
0.65,-0.5,-2.2,0,-1.7,-0.657679
0.65,-0.5,-2.2,0,-1.7,-0.657512
0.65,-0.5,-2.2,0,-1.7,-0.657347
0.65,-0.5,-2.2,0,-1.7,-0.657186
0.65,-0.5,-2.2,0,-1.7,-0.657027
0.65,-0.5,-2.2,0,-1.7,-0.656871
0.65,-0.5,-2.2,0,-1.7,-0.656718
0.65,-0.5,-2.2,0,-1.7,-0.656567
0.65,-0.5,-2.2,0,-1.7,-0.656418
0.65,-0.5,-2.2,0,-1.7,-0.656272
0.65,-0.5,-2.2,0,-1.7,-0.656129
0.65,-0.5,-2.2,0,-1.7,-0.655988
0.65,-0.5,-2.2,0,-1.7,-0.65585
0.65,-0.5,-2.2,0,-1.7,-0.655714
0.65,-0.5,-2.2,0,-1.7,-0.65558
0.65,-0.5,-2.2,0,-1.7,-0.655449
0.65,-0.5,-2.2,0,-1.7,-0.65532
0.65,-0.5,-2.2,0,-1.7,-0.655193
0.65,-0.5,-2.2,0,-1.7,-0.655069
0.65,-0.5,-2.2,0,-1.7,-0.654947
0.65,-0.5,-2.2,0,-1.7,-0.654827
0.65,-0.5,-2.2,0,-1.7,-0.654709
0.65,-0.5,-2.2,0,-1.7,-0.654594
0.65,-0.5,-2.2,0,-1.7,-0.65448
0.65,-0.5,-2.2,0,-1.7,-0.654369
0.65,-0.5,-2.2,0,-1.7,-0.65426
0.65,-0.5,-2.2,0,-1.7,-0.654153
0.65,-0.5,-2.2,0,-1.7,-0.654047
0.65,-0.5,-2.2,0,-1.7,-0.653944
0.65,-0.5,-2.2,0,-1.7,-0.653843
0.65,-0.5,-2.2,0,-1.7,-0.653744
0.65,-0.5,-2.2,0,-1.7,-0.653647
0.65,-0.5,-2.2,0,-1.7,-0.653552
0.65,-0.5,-2.2,0,-1.7,-0.653458
0.65,-0.5,-2.2,0,-1.7,-0.653366
0.65,-0.5,-2.2,0,-1.7,-0.653277
0.65,-0.5,-2.2,0,-1.7,-0.653189
0.65,-0.5,-2.2,0,-1.7,-0.653103
0.65,-0.5,-2.2,0,-1.7,-0.653018
0.65,-0.5,-2.2,0,-1.7,-0.652936
0.65,-0.5,-2.2,0,-1.7,-0.652855
0.65,-0.5,-2.2,0,-1.7,-0.652775
0.65,-0.5,-2.2,0,-1.7,-0.652698
0.65,-0.5,-2.2,0,-1.7,-0.652622
0.65,-0.5,-2.2,0,-1.7,-0.652547
0.65,-0.5,-2.2,0,-1.7,-0.652475
0.65,-0.5,-2.2,0,-1.7,-0.652403
0.65,-0.5,-2.2,0,-1.7,-0.652334
0.65,-0.5,-2.2,0,-1.7,-0.652266
0.65,-0.5,-2.2,0,-1.7,-0.652199
0.65,-0.5,-2.2,0,-1.7,-0.652134
0.65,-0.5,-2.2,0,-1.7,-0.65207
0.65,-0.5,-2.2,0,-1.7,-0.652008
0.65,-0.5,-2.2,0,-1.7,-0.651947
0.65,-0.5,-2.2,0,-1.7,-0.651888
0.65,-0.5,-2.2,0,-1.7,-0.65183
0.65,-0.5,-2.2,0,-1.7,-0.651773
0.65,-0.5,-2.2,0,-1.7,-0.651718
0.65,-0.5,-2.2,0,-1.7,-0.651664
0.65,-0.5,-2.2,0,-1.7,-0.651611
0.65,-0.5,-2.2,0,-1.7,-0.651559
0.65,-0.5,-2.2,0,-1.7,-0.651509
0.65,-0.5,-2.2,0,-1.7,-0.65146
0.65,-0.5,-2.2,0,-1.7,-0.651412
0.65,-0.5,-2.2,0,-1.7,-0.651365
0.65,-0.5,-2.2,0,-1.7,-0.65132
0.65,-0.5,-2.2,0,-1.7,-0.651276
0.65,-0.5,-2.2,0,-1.7,-0.651232
0.65,-0.5,-2.2,0,-1.7,-0.65119
0.65,-0.5,-2.2,0,-1.7,-0.651149
0.65,-0.5,-2.2,0,-1.7,-0.651109
0.65,-0.5,-2.2,0,-1.7,-0.65107
0.65,-0.5,-2.2,0,-1.7,-0.651033
0.65,-0.5,-2.2,0,-1.7,-0.650996
0.65,-0.5,-2.2,0,-1.7,-0.65096
0.65,-0.5,-2.2,0,-1.7,-0.650925
0.65,-0.5,-2.2,0,-1.7,-0.650891
0.65,-0.5,-2.2,0,-1.7,-0.650858
0.65,-0.5,-2.2,0,-1.7,-0.650826
0.65,-0.5,-2.2,0,-1.7,-0.650795
0.65,-0.5,-2.2,0,-1.7,-0.650765
0.65,-0.5,-2.2,0,-1.7,-0.650735
0.65,-0.5,-2.2,0,-1.7,-0.650707
0.65,-0.5,-2.2,0,-1.7,-0.650679
0.65,-0.5,-2.2,0,-1.7,-0.650652
0.65,-0.5,-2.2,0,-1.7,-0.650626
0.65,-0.5,-2.2,0,-1.7,-0.650601
0.65,-0.5,-2.2,0,-1.7,-0.650576
0.65,-0.5,-2.2,0,-1.7,-0.650553
0.65,-0.5,-2.2,0,-1.7,-0.65053
0.65,-0.5,-2.2,0,-1.7,-0.650507
0.65,-0.5,-2.2,0,-1.7,-0.650486
0.65,-0.5,-2.2,0,-1.7,-0.650465
0.65,-0.5,-2.2,0,-1.7,-0.650445
0.65,-0.5,-2.2,0,-1.7,-0.650425
0.65,-0.5,-2.2,0,-1.7,-0.650406
0.65,-0.5,-2.2,0,-1.7,-0.650388
0.65,-0.5,-2.2,0,-1.7,-0.650371
0.65,-0.5,-2.2,0,-1.7,-0.650354
0.65,-0.5,-2.2,0,-1.7,-0.650337
0.65,-0.5,-2.2,0,-1.7,-0.650321
0.65,-0.5,-2.2,0,-1.7,-0.650306
0.65,-0.5,-2.2,0,-1.7,-0.650291
0.65,-0.5,-2.2,0,-1.7,-0.650277
0.65,-0.5,-2.2,0,-1.7,-0.650264
0.65,-0.5,-2.2,0,-1.7,-0.65025
0.65,-0.5,-2.2,0,-1.7,-0.650238
0.65,-0.5,-2.2,0,-1.7,-0.650226
0.65,-0.5,-2.2,0,-1.7,-0.650214
0.65,-0.5,-2.2,0,-1.7,-0.650203
0.65,-0.5,-2.2,0,-1.7,-0.650192
0.65,-0.5,-2.2,0,-1.7,-0.650182
0.65,-0.5,-2.2,0,-1.7,-0.650172
0.65,-0.5,-2.2,0,-1.7,-0.650162
0.65,-0.5,-2.2,0,-1.7,-0.650153
0.65,-0.5,-2.2,0,-1.7,-0.650144
0.65,-0.5,-2.2,0,-1.7,-0.650136
0.65,-0.5,-2.2,0,-1.7,-0.650128
0.65,-0.5,-2.2,0,-1.7,-0.650121
0.65,-0.5,-2.2,0,-1.7,-0.650113
0.65,-0.5,-2.2,0,-1.7,-0.650106
0.65,-0.5,-2.2,0,-1.7,-0.6501
0.65,-0.5,-2.2,0,-1.7,-0.650093
0.65,-0.5,-2.2,0,-1.7,-0.650088
0.65,-0.5,-2.2,0,-1.7,-0.650082
0.65,-0.5,-2.2,0,-1.7,-0.650076
0.65,-0.5,-2.2,0,-1.7,-0.650071
0.65,-0.5,-2.2,0,-1.7,-0.650066
0.65,-0.5,-2.2,0,-1.7,-0.650062
0.65,-0.5,-2.2,0,-1.7,-0.650057
0.65,-0.5,-2.2,0,-1.7,-0.650053
0.65,-0.5,-2.2,0,-1.7,-0.650049
0.65,-0.5,-2.2,0,-1.7,-0.650046
0.65,-0.5,-2.2,0,-1.7,-0.650042
0.65,-0.5,-2.2,0,-1.7,-0.650039
0.65,-0.5,-2.2,0,-1.7,-0.650036
0.65,-0.5,-2.2,0,-1.7,-0.650033
0.65,-0.5,-2.2,0,-1.7,-0.65003
0.65,-0.5,-2.2,0,-1.7,-0.650028
0.65,-0.5,-2.2,0,-1.7,-0.650026
0.65,-0.5,-2.2,0,-1.7,-0.650023
0.65,-0.5,-2.2,0,-1.7,-0.650021
0.65,-0.5,-2.2,0,-1.7,-0.650019
0.65,-0.5,-2.2,0,-1.7,-0.650018
0.65,-0.5,-2.2,0,-1.7,-0.650016
0.65,-0.5,-2.2,0,-1.7,-0.650014
0.65,-0.5,-2.2,0,-1.7,-0.650013
0.65,-0.5,-2.2,0,-1.7,-0.650012
0.65,-0.5,-2.2,0,-1.7,-0.650011
0.65,-0.5,-2.2,0,-1.7,-0.65001
0.65,-0.5,-2.2,0,-1.7,-0.650009
0.65,-0.5,-2.2,0,-1.7,-0.650008
0.65,-0.5,-2.2,0,-1.7,-0.650007
0.65,-0.5,-2.2,0,-1.7,-0.650006
0.65,-0.5,-2.2,0,-1.7,-0.650005
0.65,-0.5,-2.2,0,-1.7,-0.650005
0.65,-0.5,-2.2,0,-1.7,-0.650004
0.65,-0.5,-2.2,0,-1.7,-0.650004
