-0.796916,0.30901,-1.45311,5.09149e-17,-1.76212,-0.774084
-0.796916,0.30901,-1.45311,5.09149e-17,-1.76212,-0.774084
-0.796916,0.30901,-1.45311,5.09149e-17,-1.76212,-0.774084
-0.796916,0.30901,-1.45311,5.09149e-17,-1.76212,-0.774084
-0.796916,0.30901,-1.45311,5.09149e-17,-1.76212,-0.774084
-0.796916,0.30901,-1.45311,5.09149e-17,-1.76212,-0.774084
-0.796916,0.30901,-1.45311,5.09149e-17,-1.76212,-0.774084
-0.796916,0.30901,-1.45311,5.09149e-17,-1.76212,-0.774084
-0.796916,0.30901,-1.45311,5.09149e-17,-1.76212,-0.774084
-0.796916,0.30901,-1.45311,5.09149e-17,-1.76212,-0.774084
-0.796916,0.30901,-1.45311,5.09149e-17,-1.76212,-0.774084
-0.796916,0.30901,-1.45311,5.09149e-17,-1.76212,-0.774084
-0.796916,0.30901,-1.45311,5.09149e-17,-1.76212,-0.774084
-0.796916,0.30901,-1.45311,5.09149e-17,-1.76212,-0.774084
-0.796916,0.30901,-1.45311,5.09149e-17,-1.76212,-0.774084
-0.796916,0.30901,-1.45311,5.09149e-17,-1.76212,-0.774084
-0.796916,0.30901,-1.45311,5.09149e-17,-1.76212,-0.774084
-0.796916,0.30901,-1.45311,5.09149e-17,-1.76212,-0.774084
-0.796916,0.30901,-1.45311,5.09149e-17,-1.76212,-0.774084
-0.796916,0.30901,-1.45311,5.09149e-17,-1.76212,-0.774084
-0.796916,0.30901,-1.45311,5.09149e-17,-1.76212,-0.774084
-0.796916,0.30901,-1.45311,5.09149e-17,-1.76212,-0.774084
-0.796916,0.30901,-1.45311,5.09149e-17,-1.76212,-0.774084
-0.796916,0.30901,-1.45311,5.09149e-17,-1.76212,-0.774084
-0.796916,0.30901,-1.45311,5.09149e-17,-1.76212,-0.774084
-0.796916,0.30901,-1.45311,5.09149e-17,-1.76212,-0.774084
-0.796916,0.30901,-1.45311,5.09149e-17,-1.76212,-0.774084
-0.796916,0.30901,-1.45311,5.09149e-17,-1.76212,-0.774084
-0.796916,0.30901,-1.45311,5.09149e-17,-1.76212,-0.774084
-0.796916,0.30901,-1.45311,5.09149e-17,-1.76212,-0.774084
-0.796916,0.30901,-1.45311,5.09149e-17,-1.76212,-0.774084
-0.796916,0.30901,-1.45311,5.09149e-17,-1.76212,-0.774084
-0.796916,0.30901,-1.45311,5.09149e-17,-1.76212,-0.774084
-0.796916,0.30901,-1.45311,5.09149e-17,-1.76212,-0.774084
-0.796916,0.30901,-1.45311,5.09149e-17,-1.76212,-0.774084
-0.796916,0.30901,-1.45311,5.09149e-17,-1.76212,-0.774084
-0.796916,0.30901,-1.45311,5.09149e-17,-1.76212,-0.774084
-0.796916,0.30901,-1.45311,5.09149e-17,-1.76212,-0.774084
-0.796916,0.30901,-1.45311,5.09149e-17,-1.76212,-0.774084
-0.796916,0.30901,-1.45311,5.09149e-17,-1.76212,-0.774084
-0.796916,0.30901,-1.45311,5.09149e-17,-1.76212,-0.774084
-0.796916,0.30901,-1.45311,5.09149e-17,-1.76212,-0.774084
-0.796916,0.30901,-1.45311,5.09149e-17,-1.76212,-0.774084
-0.796916,0.30901,-1.45311,5.09149e-17,-1.76212,-0.774084
-0.796916,0.30901,-1.45311,5.09149e-17,-1.76212,-0.774084
-0.796916,0.30901,-1.45311,5.09149e-17,-1.76212,-0.774084
-0.796916,0.30901,-1.45311,5.09149e-17,-1.76212,-0.774084
-0.796916,0.30901,-1.45311,5.09149e-17,-1.76212,-0.774084
-0.796915,0.30901,-1.45311,5.09149e-17,-1.76212,-0.774084
-0.796915,0.30901,-1.45311,5.09149e-17,-1.76212,-0.774084
-0.796915,0.30901,-1.45311,5.09149e-17,-1.76212,-0.774084
-0.796915,0.30901,-1.45311,5.09149e-17,-1.76212,-0.774084
-0.796915,0.30901,-1.45311,5.09148e-17,-1.76212,-0.774084
-0.796915,0.309009,-1.45311,5.09148e-17,-1.76212,-0.774084
-0.796914,0.309009,-1.45311,5.09148e-17,-1.76212,-0.774083
-0.796914,0.309009,-1.45311,5.09148e-17,-1.76212,-0.774083
-0.796914,0.309009,-1.45311,5.09148e-17,-1.76212,-0.774083
-0.796913,0.309009,-1.45311,5.09148e-17,-1.76212,-0.774083
-0.796913,0.309009,-1.45311,5.09148e-17,-1.76212,-0.774083
-0.796912,0.309009,-1.45311,5.09147e-17,-1.76212,-0.774083
-0.796912,0.309009,-1.45311,5.09147e-17,-1.76212,-0.774083
-0.796911,0.309008,-1.45311,5.09147e-17,-1.76212,-0.774083
-0.796911,0.309008,-1.45311,5.09147e-17,-1.76212,-0.774082
-0.79691,0.309008,-1.45311,5.09147e-17,-1.76212,-0.774082
-0.796909,0.309008,-1.45311,5.09146e-17,-1.76212,-0.774082
-0.796909,0.309007,-1.45311,5.09146e-17,-1.76212,-0.774082
-0.796908,0.309007,-1.45311,5.09146e-17,-1.76212,-0.774081
-0.796907,0.309007,-1.45311,5.09145e-17,-1.76212,-0.774081
-0.796906,0.309007,-1.45311,5.09145e-17,-1.76212,-0.774081
-0.796905,0.309006,-1.45311,5.09144e-17,-1.76212,-0.774081
-0.796904,0.309006,-1.45311,5.09144e-17,-1.76212,-0.77408
-0.796902,0.309005,-1.45312,5.09143e-17,-1.76212,-0.77408
-0.796901,0.309005,-1.45312,5.09143e-17,-1.76212,-0.774079
-0.7969,0.309004,-1.45312,5.09142e-17,-1.76212,-0.774079
-0.796898,0.309004,-1.45312,5.09141e-17,-1.76212,-0.774078
-0.796897,0.309003,-1.45312,5.09141e-17,-1.76212,-0.774078
-0.796895,0.309003,-1.45312,5.0914e-17,-1.76212,-0.774077
-0.796893,0.309002,-1.45312,5.09139e-17,-1.76212,-0.774077
-0.796891,0.309001,-1.45312,5.09138e-17,-1.76212,-0.774076
-0.796889,0.309001,-1.45312,5.09138e-17,-1.76212,-0.774076
-0.796887,0.309,-1.45312,5.09137e-17,-1.76212,-0.774075
-0.796884,0.308999,-1.45312,5.09136e-17,-1.76212,-0.774074
-0.796882,0.308998,-1.45312,5.09135e-17,-1.76212,-0.774073
-0.796879,0.308997,-1.45312,5.09133e-17,-1.76212,-0.774073
-0.796877,0.308997,-1.45312,5.09132e-17,-1.76212,-0.774072
-0.796874,0.308996,-1.45313,5.09131e-17,-1.76212,-0.774071
-0.796871,0.308994,-1.45313,5.0913e-17,-1.76212,-0.77407
-0.796867,0.308993,-1.45313,5.09128e-17,-1.76212,-0.774069
-0.796864,0.308992,-1.45313,5.09127e-17,-1.76212,-0.774068
-0.79686,0.308991,-1.45313,5.09125e-17,-1.76212,-0.774067
-0.796857,0.30899,-1.45313,5.09124e-17,-1.76212,-0.774065
-0.796853,0.308988,-1.45313,5.09122e-17,-1.76212,-0.774064
-0.796848,0.308987,-1.45314,5.0912e-17,-1.76212,-0.774063
-0.796844,0.308985,-1.45314,5.09118e-17,-1.76212,-0.774062
-0.79684,0.308984,-1.45314,5.09116e-17,-1.76212,-0.77406
-0.796835,0.308982,-1.45314,5.09114e-17,-1.76212,-0.774059
-0.79683,0.308981,-1.45314,5.09112e-17,-1.76212,-0.774057
-0.796825,0.308979,-1.45314,5.0911e-17,-1.76212,-0.774055
-0.796819,0.308977,-1.45315,5.09108e-17,-1.76212,-0.774054
-0.796813,0.308975,-1.45315,5.09105e-17,-1.76212,-0.774052
-0.796807,0.308973,-1.45315,5.09103e-17,-1.76212,-0.77405
-0.796801,0.308971,-1.45315,5.091e-17,-1.76212,-0.774048
-0.796795,0.308969,-1.45316,5.09097e-17,-1.76212,-0.774046
-0.796788,0.308966,-1.45316,5.09095e-17,-1.76212,-0.774044
-0.796781,0.308964,-1.45316,5.09092e-17,-1.76212,-0.774042
-0.796774,0.308961,-1.45316,5.09088e-17,-1.76212,-0.77404
-0.796766,0.308959,-1.45317,5.09085e-17,-1.76212,-0.774037
-0.796758,0.308956,-1.45317,5.09082e-17,-1.76212,-0.774035
-0.79675,0.308953,-1.45317,5.09078e-17,-1.76213,-0.774032
-0.796742,0.30895,-1.45318,5.09075e-17,-1.76213,-0.774029
-0.796733,0.308947,-1.45318,5.09071e-17,-1.76213,-0.774027
-0.796724,0.308944,-1.45318,5.09067e-17,-1.76213,-0.774024
-0.796714,0.308941,-1.45319,5.09063e-17,-1.76213,-0.774021
-0.796704,0.308938,-1.45319,5.09059e-17,-1.76213,-0.774018
-0.796694,0.308934,-1.45319,5.09055e-17,-1.76213,-0.774015
-0.796683,0.308931,-1.4532,5.0905e-17,-1.76213,-0.774011
-0.796673,0.308927,-1.4532,5.09045e-17,-1.76213,-0.774008
-0.796661,0.308923,-1.45321,5.09041e-17,-1.76213,-0.774004
-0.79665,0.308919,-1.45321,5.09036e-17,-1.76213,-0.774001
-0.796637,0.308915,-1.45321,5.0903e-17,-1.76213,-0.773997
-0.796625,0.308911,-1.45322,5.09025e-17,-1.76213,-0.773993
-0.796612,0.308906,-1.45322,5.0902e-17,-1.76213,-0.773989
-0.796599,0.308902,-1.45323,5.09014e-17,-1.76213,-0.773985
-0.796585,0.308897,-1.45323,5.09008e-17,-1.76213,-0.77398
-0.796571,0.308892,-1.45324,5.09002e-17,-1.76213,-0.773976
-0.796556,0.308887,-1.45324,5.08996e-17,-1.76213,-0.773971
-0.796541,0.308882,-1.45325,5.08989e-17,-1.76213,-0.773967
-0.796525,0.308876,-1.45326,5.08983e-17,-1.76213,-0.773962
-0.796509,0.308871,-1.45326,5.08976e-17,-1.76213,-0.773957
-0.796492,0.308865,-1.45327,5.08969e-17,-1.76213,-0.773952
-0.796475,0.308859,-1.45327,5.08961e-17,-1.76213,-0.773946
-0.796458,0.308853,-1.45328,5.08954e-17,-1.76213,-0.773941
-0.796439,0.308847,-1.45329,5.08946e-17,-1.76214,-0.773935
-0.796421,0.308841,-1.45329,5.08938e-17,-1.76214,-0.773929
-0.796401,0.308834,-1.4533,5.0893e-17,-1.76214,-0.773923
-0.796382,0.308827,-1.45331,5.08922e-17,-1.76214,-0.773917
-0.796361,0.30882,-1.45332,5.08913e-17,-1.76214,-0.773911
-0.79634,0.308813,-1.45332,5.08904e-17,-1.76214,-0.773904
-0.796319,0.308806,-1.45333,5.08895e-17,-1.76214,-0.773897
-0.796297,0.308798,-1.45334,5.08886e-17,-1.76214,-0.77389
-0.796274,0.308791,-1.45335,5.08876e-17,-1.76214,-0.773883
-0.796251,0.308783,-1.45336,5.08866e-17,-1.76214,-0.773876
-0.796227,0.308774,-1.45337,5.08856e-17,-1.76214,-0.773869
-0.796202,0.308766,-1.45338,5.08845e-17,-1.76214,-0.773861
-0.796177,0.308757,-1.45339,5.08835e-17,-1.76214,-0.773853
-0.796151,0.308749,-1.4534,5.08824e-17,-1.76214,-0.773845
-0.796124,0.308739,-1.45341,5.08812e-17,-1.76215,-0.773837
-0.796097,0.30873,-1.45342,5.08801e-17,-1.76215,-0.773828
-0.796069,0.308721,-1.45343,5.08789e-17,-1.76215,-0.773819
-0.79604,0.308711,-1.45344,5.08776e-17,-1.76215,-0.77381
-0.796011,0.308701,-1.45345,5.08764e-17,-1.76215,-0.773801
-0.795981,0.30869,-1.45346,5.08751e-17,-1.76215,-0.773792
-0.79595,0.30868,-1.45347,5.08738e-17,-1.76215,-0.773782
-0.795918,0.308669,-1.45348,5.08724e-17,-1.76215,-0.773772
-0.795886,0.308658,-1.45349,5.08711e-17,-1.76215,-0.773762
-0.795852,0.308646,-1.45351,5.08697e-17,-1.76215,-0.773752
-0.795818,0.308635,-1.45352,5.08682e-17,-1.76215,-0.773741
-0.795783,0.308623,-1.45353,5.08667e-17,-1.76216,-0.77373
-0.795748,0.308611,-1.45355,5.08652e-17,-1.76216,-0.773719
-0.795711,0.308598,-1.45356,5.08636e-17,-1.76216,-0.773707
-0.795674,0.308586,-1.45357,5.08621e-17,-1.76216,-0.773696
-0.795636,0.308572,-1.45359,5.08604e-17,-1.76216,-0.773684
-0.795597,0.308559,-1.4536,5.08588e-17,-1.76216,-0.773672
-0.795557,0.308545,-1.45362,5.08571e-17,-1.76216,-0.773659
-0.795516,0.308531,-1.45363,5.08553e-17,-1.76216,-0.773646
-0.795474,0.308517,-1.45365,5.08536e-17,-1.76217,-0.773633
-0.795431,0.308503,-1.45366,5.08517e-17,-1.76217,-0.77362
-0.795387,0.308488,-1.45368,5.08499e-17,-1.76217,-0.773606
-0.795343,0.308472,-1.4537,5.0848e-17,-1.76217,-0.773592
-0.795297,0.308457,-1.45371,5.0846e-17,-1.76217,-0.773578
-0.795251,0.308441,-1.45373,5.08441e-17,-1.76217,-0.773564
-0.795203,0.308425,-1.45375,5.0842e-17,-1.76217,-0.773549
-0.795154,0.308408,-1.45377,5.084e-17,-1.76218,-0.773533
-0.795105,0.308391,-1.45379,5.08379e-17,-1.76218,-0.773518
-0.795054,0.308374,-1.45381,5.08357e-17,-1.76218,-0.773502
-0.795002,0.308356,-1.45382,5.08335e-17,-1.76218,-0.773486
-0.79495,0.308338,-1.45384,5.08313e-17,-1.76218,-0.773469
-0.794896,0.30832,-1.45386,5.0829e-17,-1.76218,-0.773453
-0.794841,0.308301,-1.45388,5.08266e-17,-1.76219,-0.773435
-0.794785,0.308282,-1.45391,5.08242e-17,-1.76219,-0.773418
-0.794728,0.308262,-1.45393,5.08218e-17,-1.76219,-0.7734
-0.794669,0.308242,-1.45395,5.08193e-17,-1.76219,-0.773382
-0.79461,0.308222,-1.45397,5.08168e-17,-1.76219,-0.773363
-0.794549,0.308201,-1.45399,5.08142e-17,-1.76219,-0.773344
-0.794487,0.30818,-1.45402,5.08116e-17,-1.7622,-0.773325
-0.794424,0.308158,-1.45404,5.08089e-17,-1.7622,-0.773305
-0.79436,0.308136,-1.45406,5.08062e-17,-1.7622,-0.773285
-0.794294,0.308114,-1.45409,5.08034e-17,-1.7622,-0.773265
-0.794227,0.308091,-1.45411,5.08005e-17,-1.76221,-0.773244
-0.794159,0.308068,-1.45414,5.07976e-17,-1.76221,-0.773222
-0.79409,0.308044,-1.45417,5.07947e-17,-1.76221,-0.773201
-0.794019,0.30802,-1.45419,5.07917e-17,-1.76221,-0.773179
-0.793947,0.307996,-1.45422,5.07886e-17,-1.76221,-0.773156
-0.793874,0.30797,-1.45425,5.07855e-17,-1.76222,-0.773133
-0.793799,0.307945,-1.45427,5.07823e-17,-1.76222,-0.77311
-0.793723,0.307919,-1.4543,5.07791e-17,-1.76222,-0.773086
-0.793646,0.307893,-1.45433,5.07758e-17,-1.76222,-0.773062
-0.793567,0.307866,-1.45436,5.07724e-17,-1.76223,-0.773037
-0.793487,0.307838,-1.45439,5.0769e-17,-1.76223,-0.773012
-0.793405,0.30781,-1.45442,5.07656e-17,-1.76223,-0.772987
-0.793322,0.307782,-1.45445,5.0762e-17,-1.76223,-0.772961
-0.793238,0.307753,-1.45448,5.07584e-17,-1.76224,-0.772934
-0.793152,0.307724,-1.45452,5.07548e-17,-1.76224,-0.772907
-0.793064,0.307694,-1.45455,5.0751e-17,-1.76224,-0.77288
-0.792975,0.307663,-1.45458,5.07473e-17,-1.76224,-0.772852
-0.792884,0.307632,-1.45462,5.07434e-17,-1.76225,-0.772824
-0.792792,0.307601,-1.45465,5.07395e-17,-1.76225,-0.772795
-0.792698,0.307569,-1.45468,5.07355e-17,-1.76225,-0.772766
-0.792603,0.307536,-1.45472,5.07314e-17,-1.76226,-0.772736
-0.792506,0.307503,-1.45476,5.07273e-17,-1.76226,-0.772706
-0.792408,0.307469,-1.45479,5.07231e-17,-1.76226,-0.772675
-0.792308,0.307435,-1.45483,5.07189e-17,-1.76227,-0.772644
-0.792206,0.3074,-1.45487,5.07145e-17,-1.76227,-0.772612
-0.792102,0.307365,-1.45491,5.07101e-17,-1.76227,-0.772579
-0.791997,0.307329,-1.45495,5.07056e-17,-1.76228,-0.772547
-0.79189,0.307293,-1.45499,5.07011e-17,-1.76228,-0.772513
-0.791781,0.307255,-1.45503,5.06965e-17,-1.76228,-0.772479
-0.791671,0.307218,-1.45507,5.06918e-17,-1.76229,-0.772445
-0.791559,0.307179,-1.45511,5.0687e-17,-1.76229,-0.77241
-0.791445,0.30714,-1.45515,5.06822e-17,-1.76229,-0.772374
-0.791329,0.307101,-1.4552,5.06772e-17,-1.7623,-0.772338
-0.791211,0.307061,-1.45524,5.06722e-17,-1.7623,-0.772301
-0.791092,0.30702,-1.45528,5.06671e-17,-1.7623,-0.772264
-0.79097,0.306978,-1.45533,5.0662e-17,-1.76231,-0.772226
-0.790847,0.306936,-1.45538,5.06567e-17,-1.76231,-0.772187
-0.790722,0.306893,-1.45542,5.06514e-17,-1.76232,-0.772148
-0.790595,0.30685,-1.45547,5.0646e-17,-1.76232,-0.772108
-0.790466,0.306806,-1.45552,5.06405e-17,-1.76232,-0.772068
-0.790335,0.306761,-1.45557,5.0635e-17,-1.76233,-0.772027
-0.790202,0.306716,-1.45562,5.06293e-17,-1.76233,-0.771986
-0.790067,0.30667,-1.45567,5.06236e-17,-1.76234,-0.771943
-0.78993,0.306623,-1.45572,5.06177e-17,-1.76234,-0.771901
-0.789791,0.306575,-1.45577,5.06118e-17,-1.76235,-0.771857
-0.78965,0.306527,-1.45582,5.06058e-17,-1.76235,-0.771813
-0.789507,0.306478,-1.45588,5.05997e-17,-1.76235,-0.771768
-0.789362,0.306429,-1.45593,5.05936e-17,-1.76236,-0.771723
-0.789214,0.306378,-1.45599,5.05873e-17,-1.76236,-0.771677
-0.789065,0.306327,-1.45604,5.05809e-17,-1.76237,-0.77163
-0.788913,0.306275,-1.4561,5.05745e-17,-1.76237,-0.771583
-0.788759,0.306223,-1.45616,5.05679e-17,-1.76238,-0.771535
-0.788603,0.306169,-1.45621,5.05613e-17,-1.76238,-0.771486
-0.788445,0.306115,-1.45627,5.05545e-17,-1.76239,-0.771436
-0.788284,0.30606,-1.45633,5.05477e-17,-1.76239,-0.771386
-0.788121,0.306005,-1.45639,5.05408e-17,-1.7624,-0.771335
-0.787956,0.305948,-1.45646,5.05338e-17,-1.7624,-0.771284
-0.787789,0.305891,-1.45652,5.05266e-17,-1.76241,-0.771231
-0.787619,0.305833,-1.45658,5.05194e-17,-1.76241,-0.771178
-0.787447,0.305774,-1.45665,5.05121e-17,-1.76242,-0.771124
-0.787272,0.305714,-1.45671,5.05047e-17,-1.76243,-0.77107
-0.787095,0.305654,-1.45678,5.04971e-17,-1.76243,-0.771015
-0.786916,0.305593,-1.45684,5.04895e-17,-1.76244,-0.770959
-0.786734,0.305531,-1.45691,5.04818e-17,-1.76244,-0.770902
-0.78655,0.305468,-1.45698,5.04739e-17,-1.76245,-0.770844
-0.786363,0.305404,-1.45705,5.0466e-17,-1.76245,-0.770786
-0.786174,0.305339,-1.45712,5.04579e-17,-1.76246,-0.770727
-0.785982,0.305274,-1.45719,5.04498e-17,-1.76247,-0.770667
-0.785787,0.305207,-1.45727,5.04415e-17,-1.76247,-0.770606
-0.78559,0.30514,-1.45734,5.04331e-17,-1.76248,-0.770544
-0.785391,0.305072,-1.45741,5.04246e-17,-1.76248,-0.770482
-0.785189,0.305002,-1.45749,5.0416e-17,-1.76249,-0.770419
-0.784984,0.304932,-1.45757,5.04073e-17,-1.7625,-0.770355
-0.784776,0.304862,-1.45764,5.03985e-17,-1.7625,-0.77029
-0.784566,0.30479,-1.45772,5.03895e-17,-1.76251,-0.770224
-0.784353,0.304717,-1.4578,5.03805e-17,-1.76252,-0.770158
-0.784137,0.304643,-1.45788,5.03713e-17,-1.76252,-0.77009
-0.783919,0.304569,-1.45796,5.0362e-17,-1.76253,-0.770022
-0.783698,0.304493,-1.45805,5.03526e-17,-1.76254,-0.769953
-0.783474,0.304416,-1.45813,5.03431e-17,-1.76255,-0.769883
-0.783247,0.304339,-1.45821,5.03334e-17,-1.76255,-0.769812
-0.783017,0.30426,-1.4583,5.03237e-17,-1.76256,-0.76974
-0.782784,0.304181,-1.45839,5.03138e-17,-1.76257,-0.769667
-0.782549,0.3041,-1.45847,5.03037e-17,-1.76257,-0.769594
-0.78231,0.304019,-1.45856,5.02936e-17,-1.76258,-0.769519
-0.782069,0.303936,-1.45865,5.02833e-17,-1.76259,-0.769444
-0.781825,0.303853,-1.45874,5.02729e-17,-1.7626,-0.769367
-0.781577,0.303768,-1.45884,5.02624e-17,-1.76261,-0.76929
-0.781327,0.303683,-1.45893,5.02518e-17,-1.76261,-0.769212
-0.781073,0.303596,-1.45903,5.0241e-17,-1.76262,-0.769133
-0.780817,0.303509,-1.45912,5.02301e-17,-1.76263,-0.769052
-0.780557,0.30342,-1.45922,5.0219e-17,-1.76264,-0.768971
-0.780294,0.30333,-1.45932,5.02078e-17,-1.76265,-0.768889
-0.780028,0.303239,-1.45942,5.01965e-17,-1.76265,-0.768806
-0.779759,0.303147,-1.45952,5.01851e-17,-1.76266,-0.768722
-0.779487,0.303054,-1.45962,5.01735e-17,-1.76267,-0.768637
-0.779211,0.30296,-1.45972,5.01618e-17,-1.76268,-0.768551
-0.778933,0.302865,-1.45982,5.01499e-17,-1.76269,-0.768463
-0.77865,0.302768,-1.45993,5.01379e-17,-1.7627,-0.768375
-0.778365,0.302671,-1.46004,5.01258e-17,-1.76271,-0.768286
-0.778076,0.302572,-1.46014,5.01135e-17,-1.76272,-0.768196
-0.777784,0.302472,-1.46025,5.01011e-17,-1.76273,-0.768105
-0.777489,0.302371,-1.46036,5.00885e-17,-1.76273,-0.768012
-0.77719,0.302269,-1.46048,5.00758e-17,-1.76274,-0.767919
-0.776888,0.302166,-1.46059,5.00629e-17,-1.76275,-0.767824
-0.776582,0.302061,-1.4607,5.00499e-17,-1.76276,-0.767729
-0.776273,0.301956,-1.46082,5.00368e-17,-1.76277,-0.767632
-0.77596,0.301849,-1.46093,5.00235e-17,-1.76278,-0.767534
-0.775643,0.301741,-1.46105,5.001e-17,-1.76279,-0.767435
-0.775324,0.301631,-1.46117,4.99964e-17,-1.7628,-0.767335
-0.775,0.301521,-1.46129,4.99826e-17,-1.76281,-0.767234
-0.774673,0.301409,-1.46141,4.99687e-17,-1.76282,-0.767132
-0.774342,0.301296,-1.46154,4.99546e-17,-1.76283,-0.767029
-0.774008,0.301182,-1.46166,4.99404e-17,-1.76284,-0.766924
-0.77367,0.301066,-1.46179,4.9926e-17,-1.76286,-0.766819
-0.773328,0.300949,-1.46192,4.99115e-17,-1.76287,-0.766712
-0.772982,0.300831,-1.46205,4.98968e-17,-1.76288,-0.766604
-0.772633,0.300712,-1.46218,4.98819e-17,-1.76289,-0.766495
-0.77228,0.300591,-1.46231,4.98669e-17,-1.7629,-0.766384
-0.771922,0.300469,-1.46244,4.98517e-17,-1.76291,-0.766273
-0.771562,0.300346,-1.46258,4.98364e-17,-1.76292,-0.76616
-0.771197,0.300221,-1.46271,4.98208e-17,-1.76293,-0.766046
-0.770828,0.300095,-1.46285,4.98052e-17,-1.76295,-0.76593
-0.770455,0.299968,-1.46299,4.97893e-17,-1.76296,-0.765814
-0.770079,0.299839,-1.46313,4.97733e-17,-1.76297,-0.765696
-0.769698,0.299709,-1.46327,4.97571e-17,-1.76298,-0.765577
-0.769313,0.299578,-1.46342,4.97407e-17,-1.76299,-0.765457
-0.768925,0.299445,-1.46356,4.97242e-17,-1.76301,-0.765336
-0.768532,0.299311,-1.46371,4.97075e-17,-1.76302,-0.765213
-0.768135,0.299175,-1.46386,4.96906e-17,-1.76303,-0.765089
-0.767734,0.299038,-1.46401,4.96735e-17,-1.76304,-0.764963
-0.767328,0.298899,-1.46416,4.96563e-17,-1.76306,-0.764837
-0.766919,0.298759,-1.46431,4.96389e-17,-1.76307,-0.764709
-0.766505,0.298618,-1.46446,4.96213e-17,-1.76308,-0.764579
-0.766087,0.298475,-1.46462,4.96035e-17,-1.7631,-0.764449
-0.765665,0.298331,-1.46478,4.95855e-17,-1.76311,-0.764317
-0.765238,0.298185,-1.46494,4.95674e-17,-1.76312,-0.764183
-0.764807,0.298038,-1.4651,4.9549e-17,-1.76314,-0.764049
-0.764372,0.297889,-1.46526,4.95305e-17,-1.76315,-0.763913
-0.763932,0.297739,-1.46543,4.95118e-17,-1.76316,-0.763775
-0.763488,0.297587,-1.46559,4.94929e-17,-1.76318,-0.763636
-0.763039,0.297434,-1.46576,4.94738e-17,-1.76319,-0.763496
-0.762586,0.297279,-1.46593,4.94545e-17,-1.76321,-0.763354
-0.762128,0.297122,-1.4661,4.94351e-17,-1.76322,-0.763211
-0.761666,0.296964,-1.46627,4.94154e-17,-1.76324,-0.763067
-0.761199,0.296805,-1.46645,4.93955e-17,-1.76325,-0.762921
-0.760727,0.296644,-1.46662,4.93755e-17,-1.76327,-0.762774
-0.760251,0.296481,-1.4668,4.93552e-17,-1.76328,-0.762625
-0.75977,0.296317,-1.46698,4.93348e-17,-1.7633,-0.762474
-0.759285,0.296151,-1.46716,4.93141e-17,-1.76331,-0.762323
-0.758794,0.295983,-1.46734,4.92933e-17,-1.76333,-0.762169
-0.758299,0.295814,-1.46753,4.92722e-17,-1.76334,-0.762015
-0.757799,0.295643,-1.46771,4.92509e-17,-1.76336,-0.761858
-0.757295,0.295471,-1.4679,4.92295e-17,-1.76337,-0.761701
-0.756785,0.295296,-1.46809,4.92078e-17,-1.76339,-0.761541
-0.756271,0.295121,-1.46829,4.91859e-17,-1.76341,-0.761381
-0.755751,0.294943,-1.46848,4.91638e-17,-1.76342,-0.761218
-0.755227,0.294764,-1.46868,4.91415e-17,-1.76344,-0.761054
-0.754697,0.294583,-1.46887,4.9119e-17,-1.76346,-0.760889
-0.754163,0.2944,-1.46907,4.90963e-17,-1.76347,-0.760722
-0.753623,0.294216,-1.46927,4.90733e-17,-1.76349,-0.760553
-0.753079,0.29403,-1.46948,4.90501e-17,-1.76351,-0.760383
-0.752529,0.293842,-1.46968,4.90268e-17,-1.76352,-0.760211
-0.751974,0.293653,-1.46989,4.90032e-17,-1.76354,-0.760038
-0.751414,0.293461,-1.4701,4.89793e-17,-1.76356,-0.759863
-0.750849,0.293268,-1.47031,4.89553e-17,-1.76358,-0.759686
-0.750279,0.293073,-1.47052,4.8931e-17,-1.7636,-0.759508
-0.749703,0.292876,-1.47074,4.89065e-17,-1.76361,-0.759328
-0.749122,0.292678,-1.47095,4.88818e-17,-1.76363,-0.759146
-0.748535,0.292477,-1.47117,4.88569e-17,-1.76365,-0.758963
-0.747944,0.292275,-1.47139,4.88317e-17,-1.76367,-0.758778
-0.747346,0.292071,-1.47162,4.88063e-17,-1.76369,-0.758591
-0.746744,0.291865,-1.47184,4.87806e-17,-1.76371,-0.758403
-0.746135,0.291657,-1.47207,4.87548e-17,-1.76373,-0.758213
-0.745522,0.291448,-1.4723,4.87287e-17,-1.76375,-0.758021
-0.744903,0.291236,-1.47253,4.87023e-17,-1.76377,-0.757828
-0.744278,0.291022,-1.47276,4.86758e-17,-1.76379,-0.757632
-0.743647,0.290807,-1.473,4.86489e-17,-1.76381,-0.757435
-0.743011,0.29059,-1.47324,4.86219e-17,-1.76383,-0.757237
-0.74237,0.29037,-1.47348,4.85946e-17,-1.76385,-0.757036
-0.741722,0.290149,-1.47372,4.8567e-17,-1.76387,-0.756834
-0.741069,0.289926,-1.47396,4.85393e-17,-1.76389,-0.75663
-0.74041,0.289701,-1.47421,4.85112e-17,-1.76391,-0.756424
-0.739746,0.289474,-1.47446,4.8483e-17,-1.76393,-0.756216
-0.739075,0.289245,-1.47471,4.84544e-17,-1.76395,-0.756006
-0.738399,0.289013,-1.47496,4.84257e-17,-1.76397,-0.755795
-0.737716,0.28878,-1.47521,4.83966e-17,-1.76399,-0.755582
-0.737028,0.288545,-1.47547,4.83674e-17,-1.76402,-0.755367
-0.736334,0.288308,-1.47573,4.83378e-17,-1.76404,-0.75515
-0.735634,0.288069,-1.47599,4.83081e-17,-1.76406,-0.754931
-0.734928,0.287828,-1.47625,4.8278e-17,-1.76408,-0.75471
-0.734216,0.287584,-1.47652,4.82477e-17,-1.7641,-0.754488
-0.733498,0.287339,-1.47679,4.82172e-17,-1.76413,-0.754263
-0.732774,0.287091,-1.47706,4.81864e-17,-1.76415,-0.754037
-0.732043,0.286842,-1.47733,4.81553e-17,-1.76417,-0.753809
-0.731307,0.28659,-1.47761,4.8124e-17,-1.7642,-0.753579
-0.730564,0.286336,-1.47788,4.80924e-17,-1.76422,-0.753346
-0.729816,0.28608,-1.47816,4.80606e-17,-1.76424,-0.753112
-0.729061,0.285822,-1.47844,4.80284e-17,-1.76427,-0.752877
-0.7283,0.285562,-1.47873,4.79961e-17,-1.76429,-0.752639
-0.727532,0.2853,-1.47902,4.79634e-17,-1.76432,-0.752399
-0.726758,0.285036,-1.4793,4.79305e-17,-1.76434,-0.752157
-0.725978,0.284769,-1.4796,4.78973e-17,-1.76437,-0.751913
-0.725192,0.2845,-1.47989,4.78639e-17,-1.76439,-0.751667
-0.724399,0.28423,-1.48019,4.78301e-17,-1.76442,-0.75142
-0.7236,0.283956,-1.48048,4.77962e-17,-1.76444,-0.75117
-0.722795,0.283681,-1.48078,4.77619e-17,-1.76447,-0.750918
-0.721983,0.283404,-1.48109,4.77274e-17,-1.76449,-0.750664
-0.721164,0.283124,-1.48139,4.76925e-17,-1.76452,-0.750409
-0.720339,0.282842,-1.4817,4.76575e-17,-1.76454,-0.750151
-0.719508,0.282558,-1.48201,4.76221e-17,-1.76457,-0.749891
-0.71867,0.282272,-1.48232,4.75864e-17,-1.7646,-0.749629
-0.717826,0.281983,-1.48264,4.75505e-17,-1.76462,-0.749365
-0.716975,0.281693,-1.48296,4.75143e-17,-1.76465,-0.749099
-0.716117,0.2814,-1.48328,4.74779e-17,-1.76468,-0.748831
-0.715253,0.281104,-1.4836,4.74411e-17,-1.7647,-0.748561
-0.714383,0.280807,-1.48393,4.74041e-17,-1.76473,-0.748289
-0.713505,0.280507,-1.48425,4.73667e-17,-1.76476,-0.748015
-0.712621,0.280205,-1.48458,4.73291e-17,-1.76479,-0.747739
-0.711731,0.2799,-1.48492,4.72912e-17,-1.76482,-0.74746
-0.710833,0.279594,-1.48525,4.72531e-17,-1.76484,-0.74718
-0.709929,0.279285,-1.48559,4.72146e-17,-1.76487,-0.746897
-0.709018,0.278974,-1.48593,4.71759e-17,-1.7649,-0.746612
-0.708101,0.27866,-1.48627,4.71368e-17,-1.76493,-0.746326
-0.707176,0.278344,-1.48662,4.70975e-17,-1.76496,-0.746037
-0.706245,0.278026,-1.48696,4.70579e-17,-1.76499,-0.745746
-0.705307,0.277705,-1.48731,4.7018e-17,-1.76502,-0.745453
-0.704363,0.277383,-1.48767,4.69778e-17,-1.76505,-0.745157
-0.703411,0.277057,-1.48802,4.69373e-17,-1.76508,-0.74486
-0.702453,0.27673,-1.48838,4.68966e-17,-1.76511,-0.74456
-0.701487,0.2764,-1.48874,4.68555e-17,-1.76514,-0.744259
-0.700515,0.276068,-1.4891,4.68142e-17,-1.76517,-0.743955
-0.699536,0.275733,-1.48947,4.67725e-17,-1.7652,-0.743649
-0.69855,0.275396,-1.48984,4.67306e-17,-1.76523,-0.743341
-0.697557,0.275057,-1.49021,4.66883e-17,-1.76526,-0.74303
-0.696557,0.274715,-1.49058,4.66458e-17,-1.7653,-0.742718
-0.695551,0.274371,-1.49096,4.6603e-17,-1.76533,-0.742403
-0.694537,0.274025,-1.49134,4.65599e-17,-1.76536,-0.742086
-0.693516,0.273676,-1.49172,4.65164e-17,-1.76539,-0.741767
-0.692488,0.273325,-1.4921,4.64727e-17,-1.76542,-0.741446
-0.691454,0.272971,-1.49249,4.64287e-17,-1.76546,-0.741123
-0.690412,0.272615,-1.49288,4.63844e-17,-1.76549,-0.740797
-0.689363,0.272257,-1.49327,4.63398e-17,-1.76552,-0.740469
-0.688307,0.271896,-1.49366,4.62949e-17,-1.76556,-0.740139
-0.687244,0.271533,-1.49406,4.62496e-17,-1.76559,-0.739807
-0.686174,0.271167,-1.49446,4.62041e-17,-1.76562,-0.739473
-0.685097,0.270799,-1.49486,4.61583e-17,-1.76566,-0.739136
-0.684013,0.270429,-1.49526,4.61122e-17,-1.76569,-0.738797
-0.682922,0.270056,-1.49567,4.60658e-17,-1.76573,-0.738456
-0.681824,0.269681,-1.49608,4.60191e-17,-1.76576,-0.738113
-0.680718,0.269303,-1.49649,4.5972e-17,-1.7658,-0.737768
-0.679606,0.268923,-1.49691,4.59247e-17,-1.76583,-0.73742
-0.678486,0.26854,-1.49733,4.58771e-17,-1.76587,-0.73707
-0.677359,0.268155,-1.49775,4.58291e-17,-1.7659,-0.736718
-0.676225,0.267767,-1.49817,4.57809e-17,-1.76594,-0.736363
-0.675084,0.267377,-1.4986,4.57323e-17,-1.76598,-0.736007
-0.673935,0.266985,-1.49903,4.56835e-17,-1.76601,-0.735648
-0.67278,0.26659,-1.49946,4.56343e-17,-1.76605,-0.735286
-0.671617,0.266193,-1.49989,4.55849e-17,-1.76609,-0.734923
-0.670447,0.265793,-1.50033,4.55351e-17,-1.76612,-0.734557
-0.66927,0.265391,-1.50077,4.5485e-17,-1.76616,-0.734189
-0.668085,0.264986,-1.50121,4.54346e-17,-1.7662,-0.733819
-0.666894,0.264579,-1.50166,4.5384e-17,-1.76623,-0.733447
-0.665695,0.264169,-1.5021,4.5333e-17,-1.76627,-0.733072
-0.664489,0.263757,-1.50255,4.52817e-17,-1.76631,-0.732695
-0.663275,0.263342,-1.50301,4.523e-17,-1.76635,-0.732316
-0.662055,0.262925,-1.50346,4.51781e-17,-1.76639,-0.731935
-0.660827,0.262506,-1.50392,4.51259e-17,-1.76643,-0.731551
-0.659592,0.262084,-1.50438,4.50734e-17,-1.76647,-0.731165
-0.65835,0.261659,-1.50485,4.50205e-17,-1.76651,-0.730777
-0.6571,0.261232,-1.50531,4.49674e-17,-1.76654,-0.730386
-0.655843,0.260803,-1.50578,4.49139e-17,-1.76658,-0.729993
-0.654579,0.260371,-1.50625,4.48601e-17,-1.76662,-0.729598
-0.653308,0.259936,-1.50673,4.4806e-17,-1.76666,-0.729201
-0.652029,0.259499,-1.50721,4.47517e-17,-1.76671,-0.728801
-0.650744,0.25906,-1.50769,4.4697e-17,-1.76675,-0.728399
-0.64945,0.258618,-1.50817,4.46419e-17,-1.76679,-0.727995
-0.64815,0.258174,-1.50865,4.45866e-17,-1.76683,-0.727589
-0.646842,0.257727,-1.50914,4.4531e-17,-1.76687,-0.72718
-0.645527,0.257277,-1.50963,4.44751e-17,-1.76691,-0.726769
-0.644205,0.256826,-1.51013,4.44188e-17,-1.76695,-0.726356
-0.642875,0.256371,-1.51062,4.43623e-17,-1.767,-0.72594
-0.641538,0.255914,-1.51112,4.43054e-17,-1.76704,-0.725522
-0.640194,0.255455,-1.51162,4.42482e-17,-1.76708,-0.725102
-0.638843,0.254993,-1.51213,4.41907e-17,-1.76712,-0.72468
-0.637484,0.254529,-1.51264,4.41329e-17,-1.76717,-0.724255
-0.636118,0.254062,-1.51315,4.40748e-17,-1.76721,-0.723828
-0.634745,0.253593,-1.51366,4.40164e-17,-1.76725,-0.723399
-0.633364,0.253121,-1.51417,4.39577e-17,-1.7673,-0.722968
-0.631977,0.252647,-1.51469,4.38986e-17,-1.76734,-0.722534
-0.630582,0.25217,-1.51521,4.38393e-17,-1.76738,-0.722098
-0.629179,0.251691,-1.51574,4.37796e-17,-1.76743,-0.72166
-0.62777,0.251209,-1.51626,4.37197e-17,-1.76747,-0.721219
-0.626353,0.250725,-1.51679,4.36594e-17,-1.76752,-0.720776
-0.624928,0.250238,-1.51732,4.35988e-17,-1.76756,-0.720331
-0.623497,0.249749,-1.51786,4.35379e-17,-1.76761,-0.719884
-0.622058,0.249258,-1.5184,4.34767e-17,-1.76765,-0.719434
-0.620612,0.248764,-1.51894,4.34152e-17,-1.7677,-0.718982
-0.619159,0.248267,-1.51948,4.33534e-17,-1.76775,-0.718528
-0.617699,0.247768,-1.52002,4.32913e-17,-1.76779,-0.718071
-0.616231,0.247266,-1.52057,4.32289e-17,-1.76784,-0.717613
-0.614756,0.246762,-1.52112,4.31661e-17,-1.76788,-0.717152
-0.613274,0.246256,-1.52168,4.31031e-17,-1.76793,-0.716689
-0.611785,0.245747,-1.52223,4.30397e-17,-1.76798,-0.716223
-0.610288,0.245236,-1.52279,4.2976e-17,-1.76803,-0.715755
-0.608784,0.244722,-1.52335,4.29121e-17,-1.76807,-0.715285
-0.607273,0.244205,-1.52392,4.28478e-17,-1.76812,-0.714813
-0.605755,0.243687,-1.52448,4.27832e-17,-1.76817,-0.714339
-0.60423,0.243165,-1.52505,4.27183e-17,-1.76822,-0.713862
-0.602697,0.242642,-1.52563,4.26531e-17,-1.76827,-0.713383
-0.601157,0.242115,-1.5262,4.25876e-17,-1.76832,-0.712902
-0.599611,0.241587,-1.52678,4.25218e-17,-1.76836,-0.712418
-0.598057,0.241056,-1.52736,4.24557e-17,-1.76841,-0.711932
-0.596495,0.240522,-1.52794,4.23893e-17,-1.76846,-0.711445
-0.594927,0.239986,-1.52853,4.23226e-17,-1.76851,-0.710954
-0.593352,0.239448,-1.52911,4.22556e-17,-1.76856,-0.710462
-0.591769,0.238907,-1.52971,4.21883e-17,-1.76861,-0.709967
-0.590179,0.238364,-1.5303,4.21206e-17,-1.76866,-0.709471
-0.588582,0.237818,-1.5309,4.20527e-17,-1.76871,-0.708971
-0.586979,0.23727,-1.53149,4.19845e-17,-1.76876,-0.70847
-0.585368,0.23672,-1.5321,4.1916e-17,-1.76882,-0.707967
-0.58375,0.236167,-1.5327,4.18471e-17,-1.76887,-0.707461
-0.582125,0.235612,-1.53331,4.1778e-17,-1.76892,-0.706953
-0.580492,0.235054,-1.53392,4.17086e-17,-1.76897,-0.706443
-0.578853,0.234494,-1.53453,4.16389e-17,-1.76902,-0.705931
-0.577207,0.233931,-1.53514,4.15688e-17,-1.76907,-0.705416
-0.575554,0.233366,-1.53576,4.14985e-17,-1.76913,-0.7049
-0.573894,0.232799,-1.53638,4.14279e-17,-1.76918,-0.704381
-0.572227,0.232229,-1.537,4.1357e-17,-1.76923,-0.70386
-0.570553,0.231657,-1.53763,4.12858e-17,-1.76928,-0.703336
-0.568872,0.231083,-1.53825,4.12143e-17,-1.76934,-0.702811
-0.567184,0.230506,-1.53888,4.11425e-17,-1.76939,-0.702283
-0.565489,0.229927,-1.53952,4.10704e-17,-1.76944,-0.701754
-0.563787,0.229345,-1.54015,4.0998e-17,-1.7695,-0.701222
-0.562078,0.228761,-1.54079,4.09253e-17,-1.76955,-0.700688
-0.560363,0.228175,-1.54143,4.08523e-17,-1.76961,-0.700152
-0.55864,0.227586,-1.54207,4.0779e-17,-1.76966,-0.699613
-0.556911,0.226995,-1.54272,4.07055e-17,-1.76972,-0.699073
-0.555175,0.226402,-1.54337,4.06316e-17,-1.76977,-0.69853
-0.553432,0.225807,-1.54402,4.05575e-17,-1.76983,-0.697986
-0.551682,0.225209,-1.54467,4.0483e-17,-1.76988,-0.697439
-0.549926,0.224608,-1.54533,4.04083e-17,-1.76994,-0.69689
-0.548162,0.224006,-1.54599,4.03333e-17,-1.76999,-0.696339
-0.546392,0.223401,-1.54665,4.0258e-17,-1.77005,-0.695785
-0.544616,0.222794,-1.54731,4.01824e-17,-1.7701,-0.69523
-0.542832,0.222185,-1.54798,4.01066e-17,-1.77016,-0.694673
-0.541042,0.221573,-1.54865,4.00304e-17,-1.77022,-0.694113
-0.539245,0.220959,-1.54932,3.9954e-17,-1.77027,-0.693552
-0.537442,0.220343,-1.54999,3.98773e-17,-1.77033,-0.692988
-0.535632,0.219724,-1.55067,3.98003e-17,-1.77039,-0.692422
-0.533815,0.219103,-1.55134,3.9723e-17,-1.77045,-0.691855
-0.531992,0.21848,-1.55202,3.96455e-17,-1.7705,-0.691285
-0.530162,0.217855,-1.55271,3.95676e-17,-1.77056,-0.690713
-0.528326,0.217227,-1.55339,3.94895e-17,-1.77062,-0.690139
-0.526483,0.216598,-1.55408,3.94111e-17,-1.77068,-0.689563
-0.524634,0.215966,-1.55477,3.93324e-17,-1.77074,-0.688985
-0.522778,0.215331,-1.55546,3.92535e-17,-1.7708,-0.688405
-0.520915,0.214695,-1.55616,3.91743e-17,-1.77085,-0.687823
-0.519047,0.214056,-1.55686,3.90948e-17,-1.77091,-0.687239
-0.517171,0.213416,-1.55756,3.9015e-17,-1.77097,-0.686653
-0.51529,0.212773,-1.55826,3.8935e-17,-1.77103,-0.686065
-0.513402,0.212128,-1.55897,3.88547e-17,-1.77109,-0.685475
-0.511508,0.21148,-1.55967,3.87741e-17,-1.77115,-0.684882
-0.509607,0.210831,-1.56038,3.86932e-17,-1.77121,-0.684288
-0.5077,0.210179,-1.56109,3.86121e-17,-1.77127,-0.683692
-0.505787,0.209525,-1.56181,3.85307e-17,-1.77133,-0.683095
-0.503867,0.208869,-1.56252,3.84491e-17,-1.77139,-0.682495
-0.501942,0.208211,-1.56324,3.83672e-17,-1.77146,-0.681893
-0.50001,0.207551,-1.56397,3.8285e-17,-1.77152,-0.681289
-0.498072,0.206889,-1.56469,3.82025e-17,-1.77158,-0.680683
-0.496128,0.206225,-1.56541,3.81198e-17,-1.77164,-0.680076
-0.494177,0.205558,-1.56614,3.80369e-17,-1.7717,-0.679466
-0.492221,0.20489,-1.56687,3.79537e-17,-1.77176,-0.678855
-0.490259,0.204219,-1.56761,3.78702e-17,-1.77183,-0.678241
-0.48829,0.203546,-1.56834,3.77864e-17,-1.77189,-0.677626
-0.486315,0.202872,-1.56908,3.77024e-17,-1.77195,-0.677009
-0.484335,0.202195,-1.56982,3.76182e-17,-1.77201,-0.67639
-0.482349,0.201516,-1.57056,3.75337e-17,-1.77208,-0.675769
-0.480356,0.200835,-1.5713,3.74489e-17,-1.77214,-0.675146
-0.478358,0.200152,-1.57205,3.73639e-17,-1.7722,-0.674522
-0.476354,0.199467,-1.5728,3.72787e-17,-1.77227,-0.673895
-0.474344,0.198781,-1.57355,3.71932e-17,-1.77233,-0.673267
-0.472328,0.198092,-1.5743,3.71074e-17,-1.77239,-0.672637
-0.470306,0.197401,-1.57506,3.70214e-17,-1.77246,-0.672005
-0.468279,0.196708,-1.57581,3.69352e-17,-1.77252,-0.671372
-0.466246,0.196013,-1.57657,3.68487e-17,-1.77259,-0.670736
-0.464207,0.195317,-1.57733,3.6762e-17,-1.77265,-0.670099
-0.462163,0.194618,-1.5781,3.6675e-17,-1.77271,-0.66946
-0.460113,0.193918,-1.57886,3.65878e-17,-1.77278,-0.66882
-0.458057,0.193215,-1.57963,3.65004e-17,-1.77284,-0.668177
-0.455996,0.192511,-1.5804,3.64127e-17,-1.77291,-0.667533
-0.453929,0.191805,-1.58117,3.63248e-17,-1.77297,-0.666887
-0.451857,0.191096,-1.58194,3.62366e-17,-1.77304,-0.666239
-0.449779,0.190386,-1.58272,3.61483e-17,-1.77311,-0.66559
-0.447696,0.189675,-1.5835,3.60596e-17,-1.77317,-0.664939
-0.445607,0.188961,-1.58428,3.59708e-17,-1.77324,-0.664286
-0.443514,0.188245,-1.58506,3.58817e-17,-1.7733,-0.663632
-0.441414,0.187528,-1.58584,3.57924e-17,-1.77337,-0.662976
-0.43931,0.186809,-1.58663,3.57029e-17,-1.77344,-0.662318
-0.4372,0.186088,-1.58742,3.56132e-17,-1.7735,-0.661658
-0.435085,0.185365,-1.58821,3.55232e-17,-1.77357,-0.660997
-0.432965,0.184641,-1.589,3.5433e-17,-1.77364,-0.660335
-0.430839,0.183914,-1.58979,3.53426e-17,-1.77371,-0.65967
-0.428709,0.183186,-1.59059,3.52519e-17,-1.77377,-0.659005
-0.426573,0.182456,-1.59138,3.51611e-17,-1.77384,-0.658337
-0.424432,0.181725,-1.59218,3.507e-17,-1.77391,-0.657668
-0.422287,0.180992,-1.59298,3.49788e-17,-1.77398,-0.656997
-0.420136,0.180257,-1.59379,3.48873e-17,-1.77404,-0.656325
-0.417981,0.17952,-1.59459,3.47956e-17,-1.77411,-0.655652
-0.41582,0.178782,-1.5954,3.47037e-17,-1.77418,-0.654976
-0.413655,0.178042,-1.59621,3.46116e-17,-1.77425,-0.6543
-0.411485,0.1773,-1.59702,3.45193e-17,-1.77432,-0.653621
-0.40931,0.176557,-1.59783,3.44267e-17,-1.77439,-0.652942
-0.40713,0.175812,-1.59864,3.4334e-17,-1.77446,-0.65226
-0.404945,0.175066,-1.59946,3.42411e-17,-1.77453,-0.651578
-0.402756,0.174318,-1.60028,3.4148e-17,-1.77459,-0.650893
-0.400563,0.173568,-1.6011,3.40547e-17,-1.77466,-0.650208
-0.398364,0.172817,-1.60192,3.39611e-17,-1.77473,-0.649521
-0.396161,0.172064,-1.60274,3.38674e-17,-1.7748,-0.648832
-0.393954,0.17131,-1.60356,3.37735e-17,-1.77487,-0.648142
-0.391742,0.170554,-1.60439,3.36795e-17,-1.77494,-0.647451
-0.389526,0.169797,-1.60522,3.35852e-17,-1.77501,-0.646758
-0.387305,0.169038,-1.60605,3.34907e-17,-1.77508,-0.646064
-0.38508,0.168278,-1.60688,3.33961e-17,-1.77515,-0.645369
-0.382851,0.167516,-1.60771,3.33012e-17,-1.77522,-0.644672
-0.380617,0.166752,-1.60854,3.32062e-17,-1.7753,-0.643974
-0.37838,0.165988,-1.60938,3.3111e-17,-1.77537,-0.643275
-0.376138,0.165222,-1.61022,3.30157e-17,-1.77544,-0.642574
-0.373892,0.164454,-1.61105,3.29201e-17,-1.77551,-0.641872
-0.371641,0.163685,-1.61189,3.28244e-17,-1.77558,-0.641169
-0.369387,0.162915,-1.61274,3.27285e-17,-1.77565,-0.640464
-0.367129,0.162143,-1.61358,3.26324e-17,-1.77572,-0.639758
-0.364867,0.16137,-1.61442,3.25362e-17,-1.77579,-0.639051
-0.362601,0.160596,-1.61527,3.24398e-17,-1.77587,-0.638343
-0.360331,0.15982,-1.61612,3.23433e-17,-1.77594,-0.637634
-0.358057,0.159043,-1.61697,3.22465e-17,-1.77601,-0.636923
-0.355779,0.158265,-1.61782,3.21496e-17,-1.77608,-0.636211
-0.353498,0.157485,-1.61867,3.20526e-17,-1.77615,-0.635498
-0.351213,0.156704,-1.61952,3.19554e-17,-1.77623,-0.634784
-0.348925,0.155922,-1.62038,3.18581e-17,-1.7763,-0.634069
-0.346632,0.155139,-1.62123,3.17605e-17,-1.77637,-0.633352
-0.344337,0.154355,-1.62209,3.16629e-17,-1.77644,-0.632635
-0.342037,0.153569,-1.62295,3.15651e-17,-1.77652,-0.631916
-0.339735,0.152782,-1.62381,3.14671e-17,-1.77659,-0.631197
-0.337429,0.151994,-1.62467,3.1369e-17,-1.77666,-0.630476
-0.335119,0.151205,-1.62553,3.12708e-17,-1.77673,-0.629754
-0.332807,0.150415,-1.62639,3.11724e-17,-1.77681,-0.629031
-0.330491,0.149623,-1.62726,3.10739e-17,-1.77688,-0.628307
-0.328171,0.148831,-1.62812,3.09753e-17,-1.77695,-0.627583
-0.325849,0.148037,-1.62899,3.08765e-17,-1.77703,-0.626857
-0.323524,0.147242,-1.62986,3.07775e-17,-1.7771,-0.62613
-0.321195,0.146447,-1.63073,3.06785e-17,-1.77718,-0.625402
-0.318864,0.14565,-1.6316,3.05793e-17,-1.77725,-0.624674
-0.316529,0.144852,-1.63247,3.048e-17,-1.77732,-0.623944
-0.314192,0.144054,-1.63334,3.03806e-17,-1.7774,-0.623213
-0.311852,0.143254,-1.63422,3.0281e-17,-1.77747,-0.622482
-0.309509,0.142453,-1.63509,3.01814e-17,-1.77755,-0.62175
-0.307163,0.141652,-1.63597,3.00816e-17,-1.77762,-0.621017
-0.304815,0.140849,-1.63684,2.99817e-17,-1.77769,-0.620283
-0.302464,0.140046,-1.63772,2.98817e-17,-1.77777,-0.619548
-0.30011,0.139241,-1.6386,2.97816e-17,-1.77784,-0.618812
-0.297754,0.138436,-1.63948,2.96813e-17,-1.77792,-0.618076
-0.295395,0.13763,-1.64036,2.9581e-17,-1.77799,-0.617339
-0.293034,0.136823,-1.64124,2.94806e-17,-1.77807,-0.616601
-0.29067,0.136016,-1.64213,2.938e-17,-1.77814,-0.615862
-0.288305,0.135207,-1.64301,2.92794e-17,-1.77822,-0.615123
-0.285937,0.134398,-1.64389,2.91786e-17,-1.77829,-0.614383
-0.283566,0.133588,-1.64478,2.90778e-17,-1.77837,-0.613642
-0.281194,0.132778,-1.64566,2.89769e-17,-1.77844,-0.6129
-0.278819,0.131966,-1.64655,2.88759e-17,-1.77852,-0.612158
-0.276443,0.131154,-1.64744,2.87748e-17,-1.77859,-0.611415
-0.274064,0.130341,-1.64833,2.86736e-17,-1.77867,-0.610672
-0.271684,0.129528,-1.64921,2.85724e-17,-1.77874,-0.609928
-0.269301,0.128714,-1.6501,2.8471e-17,-1.77882,-0.609183
-0.266917,0.127899,-1.65099,2.83696e-17,-1.77889,-0.608438
-0.264531,0.127084,-1.65189,2.82681e-17,-1.77897,-0.607693
-0.262144,0.126268,-1.65278,2.81665e-17,-1.77904,-0.606946
-0.259754,0.125451,-1.65367,2.80649e-17,-1.77912,-0.6062
-0.257364,0.124634,-1.65456,2.79632e-17,-1.7792,-0.605452
-0.254971,0.123817,-1.65545,2.78614e-17,-1.77927,-0.604705
-0.252577,0.122999,-1.65635,2.77596e-17,-1.77935,-0.603956
-0.250182,0.12218,-1.65724,2.76577e-17,-1.77942,-0.603208
-0.247785,0.121361,-1.65814,2.75558e-17,-1.7795,-0.602459
-0.245387,0.120542,-1.65903,2.74538e-17,-1.77957,-0.601709
-0.242988,0.119722,-1.65993,2.73517e-17,-1.77965,-0.60096
-0.240588,0.118902,-1.66083,2.72496e-17,-1.77973,-0.600209
-0.238187,0.118081,-1.66172,2.71474e-17,-1.7798,-0.599459
-0.235784,0.11726,-1.66262,2.70452e-17,-1.77988,-0.598708
-0.233381,0.116439,-1.66352,2.6943e-17,-1.77995,-0.597957
-0.230976,0.115617,-1.66441,2.68407e-17,-1.78003,-0.597205
-0.228571,0.114795,-1.66531,2.67384e-17,-1.78011,-0.596454
-0.226165,0.113973,-1.66621,2.66361e-17,-1.78018,-0.595702
-0.223758,0.113151,-1.66711,2.65337e-17,-1.78026,-0.594949
-0.221351,0.112328,-1.66801,2.64313e-17,-1.78034,-0.594197
-0.218943,0.111505,-1.66891,2.63288e-17,-1.78041,-0.593444
-0.216534,0.110682,-1.66981,2.62264e-17,-1.78049,-0.592691
-0.214125,0.109859,-1.67071,2.61239e-17,-1.78056,-0.591939
-0.211715,0.109035,-1.67161,2.60214e-17,-1.78064,-0.591185
-0.209305,0.108212,-1.6725,2.59189e-17,-1.78072,-0.590432
-0.206895,0.107388,-1.6734,2.58164e-17,-1.78079,-0.589679
-0.204485,0.106564,-1.6743,2.57138e-17,-1.78087,-0.588926
-0.202074,0.105741,-1.6752,2.56113e-17,-1.78095,-0.588172
-0.199664,0.104917,-1.6761,2.55087e-17,-1.78102,-0.587419
-0.197253,0.104093,-1.677,2.54062e-17,-1.7811,-0.586665
-0.194842,0.103269,-1.67791,2.53036e-17,-1.78117,-0.585912
-0.192432,0.102446,-1.67881,2.52011e-17,-1.78125,-0.585159
-0.190021,0.101622,-1.67971,2.50986e-17,-1.78133,-0.584405
-0.187611,0.100798,-1.6806,2.4996e-17,-1.7814,-0.583652
-0.185201,0.0999748,-1.6815,2.48935e-17,-1.78148,-0.582899
-0.182792,0.0991515,-1.6824,2.4791e-17,-1.78156,-0.582146
-0.180382,0.0983282,-1.6833,2.46885e-17,-1.78163,-0.581393
-0.177974,0.0975051,-1.6842,2.45861e-17,-1.78171,-0.58064
-0.175566,0.0966823,-1.6851,2.44836e-17,-1.78178,-0.579887
-0.173158,0.0958596,-1.686,2.43812e-17,-1.78186,-0.579135
-0.170751,0.0950371,-1.6869,2.42789e-17,-1.78194,-0.578383
-0.168345,0.0942149,-1.6878,2.41765e-17,-1.78201,-0.577631
-0.16594,0.093393,-1.6887,2.40742e-17,-1.78209,-0.576879
-0.163536,0.0925714,-1.68959,2.39719e-17,-1.78217,-0.576127
-0.161132,0.0917501,-1.69049,2.38697e-17,-1.78224,-0.575376
-0.15873,0.0909291,-1.69139,2.37675e-17,-1.78232,-0.574625
-0.156328,0.0901085,-1.69228,2.36653e-17,-1.78239,-0.573875
-0.153928,0.0892883,-1.69318,2.35632e-17,-1.78247,-0.573125
-0.151529,0.0884684,-1.69408,2.34612e-17,-1.78255,-0.572375
-0.149131,0.087649,-1.69497,2.33592e-17,-1.78262,-0.571625
-0.146734,0.08683,-1.69587,2.32572e-17,-1.7827,-0.570876
-0.144339,0.0860115,-1.69676,2.31553e-17,-1.78277,-0.570128
-0.141945,0.0851935,-1.69766,2.30535e-17,-1.78285,-0.56938
-0.139553,0.084376,-1.69855,2.29517e-17,-1.78292,-0.568632
-0.137162,0.0835589,-1.69944,2.285e-17,-1.783,-0.567885
-0.134773,0.0827425,-1.70033,2.27484e-17,-1.78308,-0.567138
-0.132385,0.0819266,-1.70122,2.26468e-17,-1.78315,-0.566392
-0.129999,0.0811113,-1.70212,2.25453e-17,-1.78323,-0.565646
-0.127615,0.0802965,-1.70301,2.24439e-17,-1.7833,-0.564901
-0.125233,0.0794824,-1.70389,2.23426e-17,-1.78338,-0.564156
-0.122852,0.078669,-1.70478,2.22413e-17,-1.78345,-0.563412
-0.120474,0.0778562,-1.70567,2.21401e-17,-1.78353,-0.562669
-0.118097,0.0770441,-1.70656,2.2039e-17,-1.7836,-0.561926
-0.115723,0.0762326,-1.70745,2.1938e-17,-1.78368,-0.561184
-0.11335,0.0754219,-1.70833,2.18371e-17,-1.78375,-0.560442
-0.11098,0.074612,-1.70922,2.17363e-17,-1.78383,-0.559702
-0.108612,0.0738028,-1.7101,2.16355e-17,-1.7839,-0.558961
-0.106246,0.0729943,-1.71098,2.15349e-17,-1.78398,-0.558222
-0.103883,0.0721867,-1.71187,2.14344e-17,-1.78405,-0.557483
-0.101521,0.0713798,-1.71275,2.13339e-17,-1.78413,-0.556745
-0.0991628,0.0705738,-1.71363,2.12336e-17,-1.7842,-0.556008
-0.0968066,0.0697687,-1.71451,2.11334e-17,-1.78428,-0.555272
-0.0944529,0.0689644,-1.71539,2.10332e-17,-1.78435,-0.554536
-0.0921018,0.068161,-1.71626,2.09332e-17,-1.78443,-0.553801
-0.0897534,0.0673585,-1.71714,2.08333e-17,-1.7845,-0.553067
-0.0874077,0.0665569,-1.71802,2.07335e-17,-1.78457,-0.552334
-0.0850647,0.0657563,-1.71889,2.06339e-17,-1.78465,-0.551602
-0.0827245,0.0649566,-1.71977,2.05343e-17,-1.78472,-0.550871
-0.0803872,0.0641579,-1.72064,2.04349e-17,-1.7848,-0.55014
-0.0780528,0.0633601,-1.72151,2.03356e-17,-1.78487,-0.549411
-0.0757213,0.0625634,-1.72238,2.02364e-17,-1.78494,-0.548682
-0.0733928,0.0617677,-1.72325,2.01374e-17,-1.78502,-0.547954
-0.0710674,0.0609731,-1.72412,2.00385e-17,-1.78509,-0.547227
-0.068745,0.0601795,-1.72499,1.99397e-17,-1.78517,-0.546502
-0.0664259,0.059387,-1.72585,1.9841e-17,-1.78524,-0.545777
-0.0641099,0.0585956,-1.72672,1.97425e-17,-1.78531,-0.545053
-0.0617972,0.0578053,-1.72758,1.96441e-17,-1.78539,-0.54433
-0.0594878,0.0570161,-1.72844,1.95459e-17,-1.78546,-0.543608
-0.0571817,0.0562281,-1.7293,1.94478e-17,-1.78553,-0.542888
-0.0548791,0.0554412,-1.73016,1.93498e-17,-1.7856,-0.542168
-0.0525798,0.0546555,-1.73102,1.9252e-17,-1.78568,-0.541449
-0.0502841,0.053871,-1.73188,1.91544e-17,-1.78575,-0.540732
-0.0479919,0.0530878,-1.73273,1.90569e-17,-1.78582,-0.540015
-0.0457033,0.0523057,-1.73359,1.89595e-17,-1.78589,-0.5393
-0.0434184,0.0515249,-1.73444,1.88623e-17,-1.78597,-0.538586
-0.0411371,0.0507453,-1.73529,1.87653e-17,-1.78604,-0.537873
-0.0388595,0.049967,-1.73614,1.86684e-17,-1.78611,-0.537161
-0.0365858,0.04919,-1.73699,1.85717e-17,-1.78618,-0.53645
-0.0343158,0.0484144,-1.73784,1.84751e-17,-1.78625,-0.535741
-0.0320497,0.04764,-1.73869,1.83787e-17,-1.78633,-0.535033
-0.0297876,0.046867,-1.73953,1.82825e-17,-1.7864,-0.534326
-0.0275293,0.0460953,-1.74037,1.81864e-17,-1.78647,-0.53362
-0.0252751,0.045325,-1.74122,1.80905e-17,-1.78654,-0.532915
-0.0230249,0.044556,-1.74206,1.79948e-17,-1.78661,-0.532212
-0.0207788,0.0437885,-1.74289,1.78993e-17,-1.78668,-0.53151
-0.0185369,0.0430224,-1.74373,1.78039e-17,-1.78675,-0.530809
-0.0162991,0.0422577,-1.74457,1.77087e-17,-1.78682,-0.53011
-0.0140655,0.0414944,-1.7454,1.76137e-17,-1.7869,-0.529412
-0.0118362,0.0407326,-1.74623,1.75189e-17,-1.78697,-0.528715
-0.00961119,0.0399723,-1.74706,1.74242e-17,-1.78704,-0.52802
-0.00739052,0.0392134,-1.74789,1.73297e-17,-1.78711,-0.527326
-0.00517425,0.0384561,-1.74872,1.72355e-17,-1.78718,-0.526633
-0.0029624,0.0377003,-1.74955,1.71414e-17,-1.78725,-0.525942
-0.000755019,0.036946,-1.75037,1.70475e-17,-1.78732,-0.525252
0.00144785,0.0361932,-1.75119,1.69538e-17,-1.78739,-0.524563
0.00364617,0.035442,-1.75201,1.68603e-17,-1.78746,-0.523876
0.0058399,0.0346923,-1.75283,1.67669e-17,-1.78753,-0.523191
0.008029,0.0339443,-1.75365,1.66738e-17,-1.78759,-0.522507
0.0102134,0.0331978,-1.75447,1.65809e-17,-1.78766,-0.521824
0.0123931,0.032453,-1.75528,1.64882e-17,-1.78773,-0.521143
0.0145681,0.0317097,-1.75609,1.63957e-17,-1.7878,-0.520463
0.0167383,0.0309681,-1.7569,1.63033e-17,-1.78787,-0.519785
0.0189036,0.0302282,-1.75771,1.62112e-17,-1.78794,-0.519108
0.0210641,0.0294899,-1.75852,1.61193e-17,-1.78801,-0.518433
0.0232197,0.0287533,-1.75932,1.60276e-17,-1.78808,-0.517759
0.0253704,0.0280184,-1.76013,1.59361e-17,-1.78814,-0.517087
0.027516,0.0272852,-1.76093,1.58449e-17,-1.78821,-0.516416
0.0296567,0.0265537,-1.76173,1.57538e-17,-1.78828,-0.515747
0.0317923,0.0258239,-1.76252,1.5663e-17,-1.78835,-0.51508
0.0339228,0.0250959,-1.76332,1.55723e-17,-1.78841,-0.514414
0.0360482,0.0243696,-1.76411,1.54819e-17,-1.78848,-0.513749
0.0381685,0.023645,-1.7649,1.53917e-17,-1.78855,-0.513087
0.0402835,0.0229223,-1.76569,1.53018e-17,-1.78862,-0.512426
0.0423933,0.0222013,-1.76648,1.5212e-17,-1.78868,-0.511766
0.0444979,0.0214822,-1.76727,1.51225e-17,-1.78875,-0.511109
0.0465971,0.0207648,-1.76805,1.50332e-17,-1.78882,-0.510453
0.048691,0.0200493,-1.76883,1.49441e-17,-1.78888,-0.509798
0.0507796,0.0193356,-1.76961,1.48553e-17,-1.78895,-0.509145
0.0528627,0.0186237,-1.77039,1.47667e-17,-1.78901,-0.508494
0.0549404,0.0179137,-1.77117,1.46783e-17,-1.78908,-0.507845
0.0570127,0.0172056,-1.77194,1.45901e-17,-1.78915,-0.507197
0.0590794,0.0164993,-1.77271,1.45022e-17,-1.78921,-0.506551
0.0611406,0.015795,-1.77348,1.44145e-17,-1.78928,-0.505907
0.0631963,0.0150925,-1.77425,1.43271e-17,-1.78934,-0.505265
0.0652463,0.014392,-1.77501,1.42399e-17,-1.78941,-0.504624
0.0672907,0.0136934,-1.77578,1.41529e-17,-1.78947,-0.503985
0.0693295,0.0129967,-1.77654,1.40662e-17,-1.78953,-0.503348
0.0713625,0.012302,-1.7773,1.39797e-17,-1.7896,-0.502712
0.0733899,0.0116092,-1.77805,1.38935e-17,-1.78966,-0.502079
0.0754115,0.0109184,-1.77881,1.38075e-17,-1.78973,-0.501447
0.0774273,0.0102295,-1.77956,1.37217e-17,-1.78979,-0.500817
0.0794373,0.00954266,-1.78031,1.36362e-17,-1.78985,-0.500189
0.0814414,0.0088578,-1.78106,1.3551e-17,-1.78992,-0.499562
0.0834397,0.00817494,-1.78181,1.3466e-17,-1.78998,-0.498938
0.0854321,0.00749411,-1.78255,1.33812e-17,-1.79004,-0.498315
0.0874186,0.00681529,-1.78329,1.32967e-17,-1.79011,-0.497694
0.0893991,0.00613852,-1.78403,1.32125e-17,-1.79017,-0.497075
0.0913736,0.00546379,-1.78477,1.31285e-17,-1.79023,-0.496458
0.0933421,0.00479111,-1.7855,1.30447e-17,-1.79029,-0.495843
0.0953045,0.0041205,-1.78624,1.29613e-17,-1.79036,-0.495229
0.0972609,0.00345196,-1.78697,1.2878e-17,-1.79042,-0.494618
0.0992112,0.00278551,-1.7877,1.27951e-17,-1.79048,-0.494008
0.101155,0.00212114,-1.78842,1.27124e-17,-1.79054,-0.493401
0.103093,0.00145888,-1.78914,1.26299e-17,-1.7906,-0.492795
0.105025,0.000798721,-1.78987,1.25478e-17,-1.79066,-0.492191
0.106951,0.000140684,-1.79058,1.24658e-17,-1.79073,-0.49159
0.10887,-0.000515226,-1.7913,1.23842e-17,-1.79079,-0.49099
0.110784,-0.001169,-1.79202,1.23028e-17,-1.79085,-0.490392
0.112691,-0.00182063,-1.79273,1.22217e-17,-1.79091,-0.489796
0.114591,-0.00247011,-1.79344,1.21408e-17,-1.79097,-0.489202
0.116485,-0.00311743,-1.79414,1.20603e-17,-1.79103,-0.48861
0.118373,-0.00376258,-1.79485,1.19799e-17,-1.79109,-0.48802
0.120255,-0.00440555,-1.79555,1.18999e-17,-1.79115,-0.487431
0.12213,-0.00504634,-1.79625,1.18201e-17,-1.79121,-0.486845
0.123999,-0.00568494,-1.79695,1.17406e-17,-1.79127,-0.486261
0.125861,-0.00632134,-1.79765,1.16614e-17,-1.79132,-0.485679
0.127717,-0.00695553,-1.79834,1.15825e-17,-1.79138,-0.485099
0.129567,-0.0075875,-1.79903,1.15038e-17,-1.79144,-0.484521
0.131409,-0.00821725,-1.79972,1.14254e-17,-1.7915,-0.483945
0.133246,-0.00884478,-1.8004,1.13473e-17,-1.79156,-0.483371
0.135076,-0.00947006,-1.80109,1.12695e-17,-1.79162,-0.482799
0.136899,-0.0100931,-1.80177,1.11919e-17,-1.79167,-0.48223
0.138715,-0.0107139,-1.80244,1.11146e-17,-1.79173,-0.481662
0.140526,-0.0113324,-1.80312,1.10376e-17,-1.79179,-0.481096
0.142329,-0.0119487,-1.80379,1.09609e-17,-1.79185,-0.480532
0.144126,-0.0125627,-1.80446,1.08845e-17,-1.7919,-0.479971
0.145916,-0.0131744,-1.80513,1.08083e-17,-1.79196,-0.479411
0.147699,-0.0137838,-1.8058,1.07325e-17,-1.79202,-0.478854
0.149476,-0.014391,-1.80646,1.06569e-17,-1.79207,-0.478299
0.151246,-0.0149958,-1.80712,1.05816e-17,-1.79213,-0.477746
0.153009,-0.0155983,-1.80778,1.05066e-17,-1.79218,-0.477194
0.154766,-0.0161986,-1.80844,1.04319e-17,-1.79224,-0.476645
0.156515,-0.0167965,-1.80909,1.03574e-17,-1.79229,-0.476099
0.158258,-0.0173921,-1.80974,1.02833e-17,-1.79235,-0.475554
0.159994,-0.0179853,-1.81039,1.02095e-17,-1.7924,-0.475011
0.161724,-0.0185763,-1.81104,1.01359e-17,-1.79246,-0.474471
0.163446,-0.0191649,-1.81168,1.00626e-17,-1.79251,-0.473932
0.165162,-0.0197511,-1.81232,9.98964e-18,-1.79257,-0.473396
0.16687,-0.020335,-1.81296,9.91696e-18,-1.79262,-0.472862
0.168572,-0.0209165,-1.81359,9.84457e-18,-1.79268,-0.47233
0.170267,-0.0214957,-1.81423,9.77247e-18,-1.79273,-0.471801
0.171955,-0.0220725,-1.81486,9.70066e-18,-1.79278,-0.471273
0.173636,-0.022647,-1.81548,9.62915e-18,-1.79284,-0.470748
0.17531,-0.0232191,-1.81611,9.55794e-18,-1.79289,-0.470224
0.176977,-0.0237888,-1.81673,9.48702e-18,-1.79294,-0.469703
0.178638,-0.0243561,-1.81735,9.4164e-18,-1.79299,-0.469185
0.180291,-0.024921,-1.81797,9.34608e-18,-1.79305,-0.468668
0.181937,-0.0254835,-1.81858,9.27606e-18,-1.7931,-0.468153
0.183576,-0.0260436,-1.81919,9.20633e-18,-1.79315,-0.467641
0.185208,-0.0266014,-1.8198,9.1369e-18,-1.7932,-0.467131
0.186833,-0.0271567,-1.82041,9.06777e-18,-1.79325,-0.466623
0.188451,-0.0277096,-1.82101,8.99895e-18,-1.7933,-0.466117
0.190062,-0.0282601,-1.82162,8.93042e-18,-1.79336,-0.465614
0.191666,-0.0288082,-1.82221,8.86219e-18,-1.79341,-0.465113
0.193263,-0.0293538,-1.82281,8.79427e-18,-1.79346,-0.464614
0.194853,-0.029897,-1.8234,8.72665e-18,-1.79351,-0.464117
0.196435,-0.0304378,-1.824,8.65933e-18,-1.79356,-0.463622
0.198011,-0.0309762,-1.82458,8.59231e-18,-1.79361,-0.46313
0.199579,-0.0315121,-1.82517,8.52559e-18,-1.79366,-0.46264
0.20114,-0.0320456,-1.82575,8.45918e-18,-1.79371,-0.462152
0.202694,-0.0325767,-1.82633,8.39308e-18,-1.79376,-0.461666
0.204241,-0.0331053,-1.82691,8.32727e-18,-1.7938,-0.461182
0.205781,-0.0336314,-1.82748,8.26178e-18,-1.79385,-0.460701
0.207313,-0.0341551,-1.82806,8.19658e-18,-1.7939,-0.460222
0.208839,-0.0346764,-1.82863,8.1317e-18,-1.79395,-0.459746
0.210357,-0.0351952,-1.82919,8.06712e-18,-1.794,-0.459271
0.211868,-0.0357115,-1.82976,8.00284e-18,-1.79405,-0.458799
0.213372,-0.0362254,-1.83032,7.93887e-18,-1.79409,-0.458329
0.214868,-0.0367368,-1.83088,7.87521e-18,-1.79414,-0.457861
0.216358,-0.0372457,-1.83143,7.81186e-18,-1.79419,-0.457396
0.21784,-0.0377522,-1.83199,7.74881e-18,-1.79423,-0.456932
0.219315,-0.0382562,-1.83254,7.68607e-18,-1.79428,-0.456471
0.220782,-0.0387577,-1.83309,7.62364e-18,-1.79433,-0.456013
0.222243,-0.0392568,-1.83363,7.56151e-18,-1.79437,-0.455556
0.223696,-0.0397534,-1.83417,7.49969e-18,-1.79442,-0.455102
0.225142,-0.0402475,-1.83471,7.43819e-18,-1.79447,-0.45465
0.226581,-0.0407391,-1.83525,7.37699e-18,-1.79451,-0.4542
0.228012,-0.0412283,-1.83579,7.3161e-18,-1.79456,-0.453753
0.229436,-0.0417149,-1.83632,7.25551e-18,-1.7946,-0.453308
0.230853,-0.0421991,-1.83685,7.19524e-18,-1.79465,-0.452865
0.232263,-0.0426808,-1.83737,7.13528e-18,-1.79469,-0.452425
0.233665,-0.0431601,-1.8379,7.07562e-18,-1.79474,-0.451986
0.23506,-0.0436368,-1.83842,7.01628e-18,-1.79478,-0.45155
0.236448,-0.044111,-1.83893,6.95724e-18,-1.79482,-0.451117
0.237829,-0.0445828,-1.83945,6.89852e-18,-1.79487,-0.450685
0.239202,-0.0450521,-1.83996,6.8401e-18,-1.79491,-0.450256
0.240568,-0.0455188,-1.84047,6.78199e-18,-1.79495,-0.449829
0.241926,-0.0459831,-1.84098,6.7242e-18,-1.795,-0.449404
0.243278,-0.0464449,-1.84149,6.66671e-18,-1.79504,-0.448982
0.244622,-0.0469043,-1.84199,6.60953e-18,-1.79508,-0.448562
0.245959,-0.0473611,-1.84249,6.55266e-18,-1.79512,-0.448144
0.247288,-0.0478154,-1.84298,6.49611e-18,-1.79517,-0.447728
0.248611,-0.0482673,-1.84348,6.43986e-18,-1.79521,-0.447315
0.249926,-0.0487166,-1.84397,6.38392e-18,-1.79525,-0.446904
0.251233,-0.0491635,-1.84446,6.32829e-18,-1.79529,-0.446495
0.252534,-0.0496079,-1.84494,6.27297e-18,-1.79533,-0.446089
0.253827,-0.0500498,-1.84542,6.21796e-18,-1.79537,-0.445685
0.255113,-0.0504892,-1.8459,6.16326e-18,-1.79541,-0.445283
0.256392,-0.0509262,-1.84638,6.10887e-18,-1.79546,-0.444883
0.257663,-0.0513606,-1.84686,6.05479e-18,-1.7955,-0.444486
0.258927,-0.0517926,-1.84733,6.00102e-18,-1.79554,-0.444091
0.260184,-0.052222,-1.8478,5.94756e-18,-1.79558,-0.443698
0.261433,-0.052649,-1.84826,5.8944e-18,-1.79561,-0.443308
0.262676,-0.0530736,-1.84873,5.84156e-18,-1.79565,-0.442919
0.263911,-0.0534956,-1.84919,5.78902e-18,-1.79569,-0.442533
0.265139,-0.0539151,-1.84965,5.73679e-18,-1.79573,-0.44215
0.266359,-0.0543322,-1.8501,5.68487e-18,-1.79577,-0.441768
0.267572,-0.0547468,-1.85056,5.63326e-18,-1.79581,-0.441389
0.268778,-0.055159,-1.85101,5.58196e-18,-1.79585,-0.441012
0.269977,-0.0555686,-1.85145,5.53096e-18,-1.79589,-0.440637
0.271169,-0.0559758,-1.8519,5.48027e-18,-1.79592,-0.440265
0.272353,-0.0563806,-1.85234,5.42989e-18,-1.79596,-0.439895
0.27353,-0.0567828,-1.85278,5.37981e-18,-1.796,-0.439527
0.2747,-0.0571826,-1.85322,5.33005e-18,-1.79603,-0.439161
0.275863,-0.05758,-1.85365,5.28058e-18,-1.79607,-0.438798
0.277019,-0.0579749,-1.85408,5.23143e-18,-1.79611,-0.438437
0.278167,-0.0583673,-1.85451,5.18257e-18,-1.79614,-0.438078
0.279308,-0.0587573,-1.85494,5.13403e-18,-1.79618,-0.437721
0.280442,-0.0591448,-1.85536,5.08579e-18,-1.79622,-0.437367
0.281569,-0.0595299,-1.85578,5.03785e-18,-1.79625,-0.437014
0.282689,-0.0599125,-1.8562,4.99022e-18,-1.79629,-0.436664
0.283802,-0.0602927,-1.85662,4.94289e-18,-1.79632,-0.436317
0.284907,-0.0606705,-1.85703,4.89586e-18,-1.79636,-0.435971
0.286006,-0.0610458,-1.85744,4.84914e-18,-1.79639,-0.435628
0.287097,-0.0614187,-1.85785,4.80272e-18,-1.79643,-0.435287
0.288181,-0.0617892,-1.85825,4.75661e-18,-1.79646,-0.434948
0.289258,-0.0621572,-1.85865,4.71079e-18,-1.7965,-0.434611
0.290328,-0.0625229,-1.85905,4.66527e-18,-1.79653,-0.434277
0.291391,-0.0628861,-1.85945,4.62006e-18,-1.79656,-0.433945
0.292447,-0.0632469,-1.85984,4.57515e-18,-1.7966,-0.433615
0.293495,-0.0636053,-1.86023,4.53053e-18,-1.79663,-0.433287
0.294537,-0.0639613,-1.86062,4.48622e-18,-1.79666,-0.432961
0.295572,-0.0643149,-1.86101,4.4422e-18,-1.7967,-0.432638
0.2966,-0.0646661,-1.86139,4.39848e-18,-1.79673,-0.432317
0.29762,-0.0650149,-1.86177,4.35506e-18,-1.79676,-0.431998
0.298634,-0.0653613,-1.86215,4.31194e-18,-1.79679,-0.431681
0.299641,-0.0657053,-1.86253,4.26911e-18,-1.79682,-0.431366
0.300641,-0.066047,-1.8629,4.22658e-18,-1.79686,-0.431054
0.301634,-0.0663863,-1.86327,4.18434e-18,-1.79689,-0.430743
0.30262,-0.0667232,-1.86364,4.1424e-18,-1.79692,-0.430435
0.303599,-0.0670578,-1.86401,4.10075e-18,-1.79695,-0.430129
0.304571,-0.06739,-1.86437,4.0594e-18,-1.79698,-0.429825
0.305536,-0.0677198,-1.86473,4.01834e-18,-1.79701,-0.429524
0.306495,-0.0680473,-1.86509,3.97757e-18,-1.79704,-0.429224
0.307446,-0.0683725,-1.86544,3.93709e-18,-1.79707,-0.428927
0.308391,-0.0686953,-1.8658,3.89691e-18,-1.7971,-0.428632
0.309329,-0.0690158,-1.86615,3.85701e-18,-1.79713,-0.428338
0.31026,-0.069334,-1.86649,3.8174e-18,-1.79716,-0.428047
0.311184,-0.0696499,-1.86684,3.77808e-18,-1.79719,-0.427758
0.312102,-0.0699634,-1.86718,3.73905e-18,-1.79722,-0.427472
0.313013,-0.0702747,-1.86752,3.7003e-18,-1.79725,-0.427187
0.313917,-0.0705836,-1.86786,3.66185e-18,-1.79728,-0.426904
0.314814,-0.0708903,-1.86819,3.62367e-18,-1.7973,-0.426624
0.315705,-0.0711946,-1.86853,3.58579e-18,-1.79733,-0.426346
0.316589,-0.0714967,-1.86886,3.54818e-18,-1.79736,-0.426069
0.317466,-0.0717965,-1.86918,3.51086e-18,-1.79739,-0.425795
0.318337,-0.0720941,-1.86951,3.47382e-18,-1.79742,-0.425523
0.319201,-0.0723894,-1.86983,3.43706e-18,-1.79744,-0.425253
0.320058,-0.0726824,-1.87015,3.40059e-18,-1.79747,-0.424985
0.320909,-0.0729732,-1.87047,3.36439e-18,-1.7975,-0.424719
0.321754,-0.0732617,-1.87079,3.32847e-18,-1.79752,-0.424455
0.322592,-0.073548,-1.8711,3.29283e-18,-1.79755,-0.424193
0.323423,-0.0738321,-1.87141,3.25747e-18,-1.79758,-0.423933
0.324248,-0.074114,-1.87172,3.22238e-18,-1.7976,-0.423676
0.325066,-0.0743936,-1.87202,3.18757e-18,-1.79763,-0.42342
0.325878,-0.0746711,-1.87233,3.15303e-18,-1.79765,-0.423166
0.326684,-0.0749463,-1.87263,3.11876e-18,-1.79768,-0.422914
0.327483,-0.0752194,-1.87292,3.08477e-18,-1.7977,-0.422665
0.328275,-0.0754903,-1.87322,3.05105e-18,-1.79773,-0.422417
0.329062,-0.075759,-1.87351,3.0176e-18,-1.79775,-0.422171
0.329842,-0.0760256,-1.87381,2.98442e-18,-1.79778,-0.421927
0.330616,-0.07629,-1.87409,2.9515e-18,-1.7978,-0.421685
0.331383,-0.0765522,-1.87438,2.91885e-18,-1.79783,-0.421446
0.332144,-0.0768123,-1.87466,2.88647e-18,-1.79785,-0.421208
0.332899,-0.0770703,-1.87495,2.85436e-18,-1.79788,-0.420972
0.333648,-0.0773262,-1.87523,2.82251e-18,-1.7979,-0.420738
0.334391,-0.07758,-1.8755,2.79092e-18,-1.79792,-0.420506
0.335127,-0.0778316,-1.87578,2.75959e-18,-1.79795,-0.420275
0.335857,-0.0780812,-1.87605,2.72853e-18,-1.79797,-0.420047
0.336582,-0.0783286,-1.87632,2.69772e-18,-1.79799,-0.419821
0.3373,-0.078574,-1.87659,2.66717e-18,-1.79802,-0.419596
0.338012,-0.0788174,-1.87686,2.63688e-18,-1.79804,-0.419374
0.338718,-0.0790586,-1.87712,2.60685e-18,-1.79806,-0.419153
0.339418,-0.0792979,-1.87738,2.57707e-18,-1.79808,-0.418934
0.340112,-0.079535,-1.87764,2.54754e-18,-1.7981,-0.418717
0.3408,-0.0797702,-1.8779,2.51827e-18,-1.79813,-0.418502
0.341482,-0.0800033,-1.87815,2.48925e-18,-1.79815,-0.418289
0.342159,-0.0802345,-1.8784,2.46048e-18,-1.79817,-0.418078
0.342829,-0.0804636,-1.87865,2.43196e-18,-1.79819,-0.417868
0.343494,-0.0806907,-1.8789,2.40368e-18,-1.79821,-0.41766
0.344153,-0.0809159,-1.87915,2.37565e-18,-1.79823,-0.417454
0.344806,-0.0811391,-1.87939,2.34787e-18,-1.79825,-0.41725
0.345453,-0.0813603,-1.87963,2.32033e-18,-1.79827,-0.417048
0.346095,-0.0815796,-1.87987,2.29303e-18,-1.79829,-0.416847
0.346731,-0.0817969,-1.88011,2.26598e-18,-1.79831,-0.416649
0.347361,-0.0820123,-1.88035,2.23916e-18,-1.79833,-0.416452
0.347986,-0.0822258,-1.88058,2.21258e-18,-1.79835,-0.416256
0.348605,-0.0824374,-1.88081,2.18624e-18,-1.79837,-0.416063
0.349219,-0.0826471,-1.88104,2.16014e-18,-1.79839,-0.415871
0.349827,-0.082855,-1.88127,2.13427e-18,-1.79841,-0.415681
0.35043,-0.0830609,-1.88149,2.10863e-18,-1.79843,-0.415493
0.351027,-0.083265,-1.88172,2.08323e-18,-1.79845,-0.415306
0.351619,-0.0834672,-1.88194,2.05805e-18,-1.79847,-0.415121
0.352205,-0.0836676,-1.88216,2.03311e-18,-1.79849,-0.414938
0.352786,-0.0838662,-1.88237,2.00839e-18,-1.79851,-0.414756
0.353362,-0.0840629,-1.88259,1.9839e-18,-1.79852,-0.414576
0.353933,-0.0842579,-1.8828,1.95963e-18,-1.79854,-0.414398
0.354498,-0.084451,-1.88301,1.93559e-18,-1.79856,-0.414221
0.355058,-0.0846424,-1.88322,1.91176e-18,-1.79858,-0.414046
0.355613,-0.084832,-1.88343,1.88816e-18,-1.7986,-0.413873
0.356162,-0.0850198,-1.88363,1.86478e-18,-1.79861,-0.413701
0.356707,-0.0852059,-1.88384,1.84161e-18,-1.79863,-0.413531
0.357246,-0.0853903,-1.88404,1.81867e-18,-1.79865,-0.413362
0.357781,-0.0855729,-1.88424,1.79593e-18,-1.79866,-0.413195
0.35831,-0.0857538,-1.88443,1.77341e-18,-1.79868,-0.41303
0.358835,-0.085933,-1.88463,1.75111e-18,-1.7987,-0.412866
0.359354,-0.0861105,-1.88482,1.72901e-18,-1.79871,-0.412703
0.359869,-0.0862863,-1.88502,1.70713e-18,-1.79873,-0.412543
0.360378,-0.0864604,-1.88521,1.68545e-18,-1.79875,-0.412383
0.360883,-0.0866329,-1.88539,1.66398e-18,-1.79876,-0.412226
0.361383,-0.0868037,-1.88558,1.64271e-18,-1.79878,-0.412069
0.361878,-0.0869729,-1.88577,1.62165e-18,-1.79879,-0.411915
0.362368,-0.0871405,-1.88595,1.6008e-18,-1.79881,-0.411761
0.362854,-0.0873064,-1.88613,1.58014e-18,-1.79882,-0.41161
0.363335,-0.0874707,-1.88631,1.55969e-18,-1.79884,-0.411459
0.363811,-0.0876334,-1.88649,1.53943e-18,-1.79885,-0.411311
0.364282,-0.0877946,-1.88666,1.51937e-18,-1.79887,-0.411163
0.364749,-0.0879541,-1.88684,1.49951e-18,-1.79888,-0.411017
0.365212,-0.0881121,-1.88701,1.47985e-18,-1.7989,-0.410873
0.365669,-0.0882685,-1.88718,1.46037e-18,-1.79891,-0.41073
0.366122,-0.0884234,-1.88735,1.4411e-18,-1.79893,-0.410588
0.366571,-0.0885767,-1.88752,1.42201e-18,-1.79894,-0.410448
0.367015,-0.0887285,-1.88768,1.40311e-18,-1.79896,-0.410309
0.367455,-0.0888788,-1.88785,1.3844e-18,-1.79897,-0.410172
0.367891,-0.0890276,-1.88801,1.36588e-18,-1.79898,-0.410035
0.368322,-0.0891748,-1.88817,1.34755e-18,-1.799,-0.409901
0.368748,-0.0893206,-1.88833,1.3294e-18,-1.79901,-0.409767
0.369171,-0.089465,-1.88849,1.31144e-18,-1.79902,-0.409635
0.369589,-0.0896078,-1.88865,1.29366e-18,-1.79904,-0.409505
0.370002,-0.0897492,-1.8888,1.27605e-18,-1.79905,-0.409375
0.370412,-0.0898891,-1.88895,1.25863e-18,-1.79906,-0.409247
0.370817,-0.0900276,-1.8891,1.24139e-18,-1.79908,-0.409121
0.371218,-0.0901647,-1.88925,1.22433e-18,-1.79909,-0.408995
0.371615,-0.0903004,-1.8894,1.20744e-18,-1.7991,-0.408871
0.372008,-0.0904346,-1.88955,1.19073e-18,-1.79911,-0.408749
0.372397,-0.0905675,-1.88969,1.17419e-18,-1.79913,-0.408627
0.372782,-0.0906989,-1.88984,1.15783e-18,-1.79914,-0.408507
0.373162,-0.090829,-1.88998,1.14164e-18,-1.79915,-0.408388
0.373539,-0.0909577,-1.89012,1.12561e-18,-1.79916,-0.40827
0.373912,-0.0910851,-1.89026,1.10976e-18,-1.79917,-0.408154
0.37428,-0.0912111,-1.8904,1.09407e-18,-1.79919,-0.408038
0.374645,-0.0913357,-1.89053,1.07856e-18,-1.7992,-0.407924
0.375006,-0.0914591,-1.89067,1.0632e-18,-1.79921,-0.407812
0.375363,-0.0915811,-1.8908,1.04801e-18,-1.79922,-0.4077
0.375716,-0.0917018,-1.89093,1.03299e-18,-1.79923,-0.40759
0.376066,-0.0918212,-1.89106,1.01813e-18,-1.79924,-0.40748
0.376411,-0.0919393,-1.89119,1.00342e-18,-1.79925,-0.407372
0.376753,-0.0920561,-1.89132,9.88882e-19,-1.79926,-0.407266
0.377091,-0.0921717,-1.89145,9.74498e-19,-1.79927,-0.40716
0.377426,-0.0922859,-1.89157,9.60272e-19,-1.79929,-0.407055
0.377757,-0.092399,-1.89169,9.46203e-19,-1.7993,-0.406952
0.378084,-0.0925107,-1.89182,9.32288e-19,-1.79931,-0.40685
0.378407,-0.0926213,-1.89194,9.18528e-19,-1.79932,-0.406749
0.378727,-0.0927306,-1.89206,9.0492e-19,-1.79933,-0.406649
0.379043,-0.0928387,-1.89218,8.91465e-19,-1.79934,-0.40655
0.379356,-0.0929456,-1.89229,8.78159e-19,-1.79935,-0.406452
0.379665,-0.0930512,-1.89241,8.65004e-19,-1.79936,-0.406355
0.379971,-0.0931557,-1.89252,8.51996e-19,-1.79937,-0.40626
0.380273,-0.093259,-1.89263,8.39136e-19,-1.79938,-0.406165
0.380572,-0.0933612,-1.89275,8.26422e-19,-1.79939,-0.406072
0.380868,-0.0934621,-1.89286,8.13854e-19,-1.79939,-0.40598
0.38116,-0.093562,-1.89297,8.01429e-19,-1.7994,-0.405888
0.381449,-0.0936606,-1.89307,7.89146e-19,-1.79941,-0.405798
0.381734,-0.0937581,-1.89318,7.77006e-19,-1.79942,-0.405709
0.382016,-0.0938545,-1.89329,7.65006e-19,-1.79943,-0.405621
0.382295,-0.0939498,-1.89339,7.53146e-19,-1.79944,-0.405534
0.38257,-0.094044,-1.89349,7.41424e-19,-1.79945,-0.405447
0.382843,-0.094137,-1.89359,7.2984e-19,-1.79946,-0.405362
0.383112,-0.094229,-1.89369,7.18392e-19,-1.79947,-0.405278
0.383378,-0.0943199,-1.89379,7.07079e-19,-1.79947,-0.405195
0.383641,-0.0944097,-1.89389,6.959e-19,-1.79948,-0.405113
0.3839,-0.0944984,-1.89399,6.84854e-19,-1.79949,-0.405032
0.384157,-0.0945861,-1.89408,6.7394e-19,-1.7995,-0.404952
0.38441,-0.0946727,-1.89418,6.63158e-19,-1.79951,-0.404872
0.384661,-0.0947583,-1.89427,6.52505e-19,-1.79951,-0.404794
0.384908,-0.0948428,-1.89437,6.41981e-19,-1.79952,-0.404717
0.385153,-0.0949263,-1.89446,6.31585e-19,-1.79953,-0.40464
0.385394,-0.0950088,-1.89455,6.21315e-19,-1.79954,-0.404565
0.385632,-0.0950903,-1.89464,6.11172e-19,-1.79955,-0.40449
0.385868,-0.0951708,-1.89472,6.01153e-19,-1.79955,-0.404417
0.386101,-0.0952503,-1.89481,5.91257e-19,-1.79956,-0.404344
0.38633,-0.0953288,-1.8949,5.81485e-19,-1.79957,-0.404272
0.386557,-0.0954063,-1.89498,5.71834e-19,-1.79957,-0.404201
0.386781,-0.0954829,-1.89506,5.62304e-19,-1.79958,-0.404131
0.387002,-0.0955585,-1.89515,5.52893e-19,-1.79959,-0.404062
0.387221,-0.0956331,-1.89523,5.43601e-19,-1.7996,-0.403994
0.387437,-0.0957068,-1.89531,5.34427e-19,-1.7996,-0.403927
0.38765,-0.0957796,-1.89539,5.25369e-19,-1.79961,-0.40386
0.38786,-0.0958514,-1.89547,5.16427e-19,-1.79962,-0.403794
0.388067,-0.0959223,-1.89554,5.07599e-19,-1.79962,-0.403729
0.388272,-0.0959923,-1.89562,4.98886e-19,-1.79963,-0.403665
0.388474,-0.0960614,-1.8957,4.90284e-19,-1.79964,-0.403602
0.388674,-0.0961296,-1.89577,4.81795e-19,-1.79964,-0.40354
0.388871,-0.0961969,-1.89584,4.73416e-19,-1.79965,-0.403478
0.389065,-0.0962634,-1.89592,4.65147e-19,-1.79965,-0.403418
0.389257,-0.0963289,-1.89599,4.56987e-19,-1.79966,-0.403358
0.389446,-0.0963936,-1.89606,4.48935e-19,-1.79967,-0.403298
0.389633,-0.0964574,-1.89613,4.40989e-19,-1.79967,-0.40324
0.389817,-0.0965204,-1.8962,4.3315e-19,-1.79968,-0.403182
0.389999,-0.0965825,-1.89627,4.25415e-19,-1.79968,-0.403126
0.390179,-0.0966438,-1.89633,4.17785e-19,-1.79969,-0.40307
0.390356,-0.0967043,-1.8964,4.10258e-19,-1.79969,-0.403014
0.39053,-0.096764,-1.89646,4.02832e-19,-1.7997,-0.40296
0.390702,-0.0968228,-1.89653,3.95509e-19,-1.79971,-0.402906
0.390872,-0.0968808,-1.89659,3.88285e-19,-1.79971,-0.402853
0.39104,-0.0969381,-1.89665,3.81161e-19,-1.79972,-0.4028
0.391205,-0.0969945,-1.89672,3.74135e-19,-1.79972,-0.402749
0.391368,-0.0970501,-1.89678,3.67207e-19,-1.79973,-0.402698
0.391528,-0.097105,-1.89684,3.60376e-19,-1.79973,-0.402648
0.391687,-0.0971591,-1.8969,3.5364e-19,-1.79974,-0.402598
0.391843,-0.0972125,-1.89695,3.46999e-19,-1.79974,-0.402549
0.391997,-0.0972651,-1.89701,3.40452e-19,-1.79975,-0.402501
0.392148,-0.0973169,-1.89707,3.33999e-19,-1.79975,-0.402454
0.392298,-0.097368,-1.89712,3.27637e-19,-1.79976,-0.402407
0.392445,-0.0974184,-1.89718,3.21367e-19,-1.79976,-0.402361
0.392591,-0.097468,-1.89723,3.15187e-19,-1.79977,-0.402316
0.392734,-0.097517,-1.89729,3.09097e-19,-1.79977,-0.402271
0.392875,-0.0975652,-1.89734,3.03095e-19,-1.79977,-0.402227
0.393014,-0.0976127,-1.89739,2.97182e-19,-1.79978,-0.402183
0.393151,-0.0976595,-1.89744,2.91355e-19,-1.79978,-0.402141
0.393286,-0.0977056,-1.89749,2.85614e-19,-1.79979,-0.402098
0.393419,-0.097751,-1.89754,2.79959e-19,-1.79979,-0.402057
0.39355,-0.0977958,-1.89759,2.74388e-19,-1.7998,-0.402016
0.393679,-0.0978399,-1.89764,2.68901e-19,-1.7998,-0.401976
0.393806,-0.0978833,-1.89769,2.63496e-19,-1.7998,-0.401936
0.393931,-0.097926,-1.89773,2.58173e-19,-1.79981,-0.401897
0.394054,-0.0979681,-1.89778,2.52932e-19,-1.79981,-0.401858
0.394175,-0.0980096,-1.89783,2.4777e-19,-1.79982,-0.40182
0.394295,-0.0980504,-1.89787,2.42688e-19,-1.79982,-0.401783
0.394412,-0.0980906,-1.89791,2.37684e-19,-1.79982,-0.401746
0.394528,-0.0981302,-1.89796,2.32759e-19,-1.79983,-0.40171
0.394642,-0.0981692,-1.898,2.2791e-19,-1.79983,-0.401675
0.394754,-0.0982075,-1.89804,2.23137e-19,-1.79983,-0.401639
0.394865,-0.0982452,-1.89808,2.1844e-19,-1.79984,-0.401605
0.394974,-0.0982824,-1.89812,2.13817e-19,-1.79984,-0.401571
0.39508,-0.0983189,-1.89816,2.09269e-19,-1.79984,-0.401538
0.395186,-0.0983549,-1.8982,2.04793e-19,-1.79985,-0.401505
0.395289,-0.0983902,-1.89824,2.00389e-19,-1.79985,-0.401472
0.395391,-0.098425,-1.89828,1.96057e-19,-1.79985,-0.40144
0.395491,-0.0984593,-1.89832,1.91795e-19,-1.79986,-0.401409
0.39559,-0.0984929,-1.89835,1.87603e-19,-1.79986,-0.401378
0.395687,-0.0985261,-1.89839,1.8348e-19,-1.79986,-0.401348
0.395782,-0.0985586,-1.89843,1.79426e-19,-1.79987,-0.401318
0.395876,-0.0985907,-1.89846,1.75439e-19,-1.79987,-0.401289
0.395968,-0.0986222,-1.89849,1.71519e-19,-1.79987,-0.40126
0.396059,-0.0986531,-1.89853,1.67665e-19,-1.79988,-0.401232
0.396148,-0.0986835,-1.89856,1.63876e-19,-1.79988,-0.401204
0.396235,-0.0987135,-1.89859,1.60152e-19,-1.79988,-0.401177
0.396321,-0.0987429,-1.89863,1.56492e-19,-1.79988,-0.40115
0.396406,-0.0987718,-1.89866,1.52895e-19,-1.79989,-0.401123
0.396489,-0.0988002,-1.89869,1.4936e-19,-1.79989,-0.401097
0.39657,-0.0988281,-1.89872,1.45887e-19,-1.79989,-0.401072
0.396651,-0.0988555,-1.89875,1.42475e-19,-1.79989,-0.401047
0.396729,-0.0988824,-1.89878,1.39123e-19,-1.7999,-0.401022
0.396807,-0.0989088,-1.89881,1.35831e-19,-1.7999,-0.400998
0.396883,-0.0989348,-1.89884,1.32597e-19,-1.7999,-0.400974
0.396958,-0.0989603,-1.89886,1.29422e-19,-1.7999,-0.400951
0.397031,-0.0989854,-1.89889,1.26304e-19,-1.79991,-0.400928
0.397103,-0.09901,-1.89892,1.23242e-19,-1.79991,-0.400905
0.397173,-0.0990341,-1.89894,1.20237e-19,-1.79991,-0.400883
0.397243,-0.0990578,-1.89897,1.17286e-19,-1.79991,-0.400862
0.397311,-0.0990811,-1.899,1.14391e-19,-1.79991,-0.40084
0.397378,-0.0991039,-1.89902,1.11549e-19,-1.79992,-0.40082
0.397443,-0.0991263,-1.89905,1.08761e-19,-1.79992,-0.400799
0.397508,-0.0991483,-1.89907,1.06025e-19,-1.79992,-0.400779
0.397571,-0.0991698,-1.89909,1.03342e-19,-1.79992,-0.400759
0.397633,-0.099191,-1.89912,1.00709e-19,-1.79993,-0.40074
0.397693,-0.0992117,-1.89914,9.81275e-20,-1.79993,-0.400721
0.397753,-0.0992321,-1.89916,9.55957e-20,-1.79993,-0.400702
0.397811,-0.099252,-1.89918,9.31131e-20,-1.79993,-0.400684
0.397868,-0.0992716,-1.8992,9.06793e-20,-1.79993,-0.400666
0.397924,-0.0992907,-1.89923,8.82935e-20,-1.79993,-0.400649
0.397979,-0.0993095,-1.89925,8.59551e-20,-1.79994,-0.400632
0.398033,-0.0993279,-1.89927,8.36634e-20,-1.79994,-0.400615
0.398086,-0.099346,-1.89929,8.14179e-20,-1.79994,-0.400598
0.398138,-0.0993636,-1.8993,7.92179e-20,-1.79994,-0.400582
0.398188,-0.0993809,-1.89932,7.70629e-20,-1.79994,-0.400566
0.398238,-0.0993979,-1.89934,7.4952e-20,-1.79994,-0.400551
0.398287,-0.0994145,-1.89936,7.28849e-20,-1.79995,-0.400536
0.398334,-0.0994308,-1.89938,7.08608e-20,-1.79995,-0.400521
0.398381,-0.0994467,-1.8994,6.88792e-20,-1.79995,-0.400506
0.398426,-0.0994623,-1.89941,6.69395e-20,-1.79995,-0.400492
0.398471,-0.0994775,-1.89943,6.5041e-20,-1.79995,-0.400478
0.398515,-0.0994924,-1.89945,6.31832e-20,-1.79995,-0.400464
0.398557,-0.099507,-1.89946,6.13656e-20,-1.79995,-0.400451
0.398599,-0.0995213,-1.89948,5.95874e-20,-1.79996,-0.400438
0.39864,-0.0995353,-1.89949,5.78481e-20,-1.79996,-0.400425
0.39868,-0.099549,-1.89951,5.61473e-20,-1.79996,-0.400413
0.398719,-0.0995623,-1.89952,5.44842e-20,-1.79996,-0.4004
0.398757,-0.0995754,-1.89954,5.28584e-20,-1.79996,-0.400388
0.398795,-0.0995881,-1.89955,5.12692e-20,-1.79996,-0.400377
0.398831,-0.0996006,-1.89956,4.97161e-20,-1.79996,-0.400365
0.398867,-0.0996128,-1.89958,4.81986e-20,-1.79996,-0.400354
0.398902,-0.0996247,-1.89959,4.67162e-20,-1.79997,-0.400343
0.398936,-0.0996364,-1.8996,4.52682e-20,-1.79997,-0.400333
0.398969,-0.0996477,-1.89962,4.38541e-20,-1.79997,-0.400322
0.399002,-0.0996588,-1.89963,4.24735e-20,-1.79997,-0.400312
0.399033,-0.0996696,-1.89964,4.11257e-20,-1.79997,-0.400302
0.399064,-0.0996802,-1.89965,3.98103e-20,-1.79997,-0.400292
0.399094,-0.0996905,-1.89966,3.85267e-20,-1.79997,-0.400283
0.399124,-0.0997006,-1.89967,3.72744e-20,-1.79997,-0.400274
0.399152,-0.0997104,-1.89968,3.60529e-20,-1.79997,-0.400265
0.39918,-0.0997199,-1.89969,3.48616e-20,-1.79997,-0.400256
0.399208,-0.0997293,-1.8997,3.37002e-20,-1.79997,-0.400248
0.399234,-0.0997384,-1.89971,3.25681e-20,-1.79998,-0.400239
0.39926,-0.0997472,-1.89972,3.14647e-20,-1.79998,-0.400231
0.399286,-0.0997559,-1.89973,3.03896e-20,-1.79998,-0.400223
0.39931,-0.0997643,-1.89974,2.93423e-20,-1.79998,-0.400216
0.399334,-0.0997725,-1.89975,2.83224e-20,-1.79998,-0.400208
0.399358,-0.0997805,-1.89976,2.73292e-20,-1.79998,-0.400201
0.39938,-0.0997882,-1.89977,2.63625e-20,-1.79998,-0.400194
0.399402,-0.0997958,-1.89978,2.54216e-20,-1.79998,-0.400187
0.399424,-0.0998031,-1.89978,2.45062e-20,-1.79998,-0.40018
0.399445,-0.0998103,-1.89979,2.36157e-20,-1.79998,-0.400174
0.399465,-0.0998172,-1.8998,2.27498e-20,-1.79998,-0.400167
0.399485,-0.099824,-1.89981,2.19079e-20,-1.79998,-0.400161
0.399504,-0.0998306,-1.89981,2.10896e-20,-1.79998,-0.400155
0.399523,-0.099837,-1.89982,2.02944e-20,-1.79998,-0.400149
0.399541,-0.0998432,-1.89983,1.9522e-20,-1.79999,-0.400143
0.399559,-0.0998492,-1.89984,1.87719e-20,-1.79999,-0.400138
0.399576,-0.0998551,-1.89984,1.80436e-20,-1.79999,-0.400133
0.399592,-0.0998607,-1.89985,1.73367e-20,-1.79999,-0.400127
0.399609,-0.0998662,-1.89985,1.66509e-20,-1.79999,-0.400122
0.399624,-0.0998716,-1.89986,1.59856e-20,-1.79999,-0.400117
0.399639,-0.0998768,-1.89987,1.53404e-20,-1.79999,-0.400113
0.399654,-0.0998818,-1.89987,1.47151e-20,-1.79999,-0.400108
0.399668,-0.0998867,-1.89988,1.4109e-20,-1.79999,-0.400104
0.399682,-0.0998914,-1.89988,1.35219e-20,-1.79999,-0.400099
0.399695,-0.0998959,-1.89989,1.29533e-20,-1.79999,-0.400095
0.399708,-0.0999004,-1.89989,1.24029e-20,-1.79999,-0.400091
0.399721,-0.0999046,-1.8999,1.18703e-20,-1.79999,-0.400087
0.399733,-0.0999088,-1.8999,1.1355e-20,-1.79999,-0.400083
0.399745,-0.0999128,-1.8999,1.08567e-20,-1.79999,-0.40008
0.399756,-0.0999167,-1.89991,1.0375e-20,-1.79999,-0.400076
0.399767,-0.0999204,-1.89991,9.9095e-21,-1.79999,-0.400073
0.399778,-0.099924,-1.89992,9.45991e-21,-1.79999,-0.40007
0.399788,-0.0999275,-1.89992,9.02582e-21,-1.79999,-0.400066
0.399798,-0.0999309,-1.89992,8.60687e-21,-1.79999,-0.400063
0.399807,-0.0999341,-1.89993,8.20271e-21,-1.79999,-0.40006
0.399816,-0.0999372,-1.89993,7.81299e-21,-1.79999,-0.400057
0.399825,-0.0999403,-1.89993,7.43735e-21,-1.79999,-0.400055
0.399834,-0.0999432,-1.89994,7.07545e-21,-1.79999,-0.400052
0.399842,-0.099946,-1.89994,6.72696e-21,-1.79999,-0.400049
0.39985,-0.0999487,-1.89994,6.39154e-21,-1.8,-0.400047
0.399857,-0.0999512,-1.89995,6.06885e-21,-1.8,-0.400045
0.399865,-0.0999537,-1.89995,5.75858e-21,-1.8,-0.400042
0.399872,-0.0999561,-1.89995,5.46039e-21,-1.8,-0.40004
0.399878,-0.0999584,-1.89995,5.17397e-21,-1.8,-0.400038
0.399885,-0.0999606,-1.89996,4.89901e-21,-1.8,-0.400036
0.399891,-0.0999628,-1.89996,4.6352e-21,-1.8,-0.400034
0.399897,-0.0999648,-1.89996,4.38223e-21,-1.8,-0.400032
0.399903,-0.0999667,-1.89996,4.1398e-21,-1.8,-0.40003
0.399908,-0.0999686,-1.89997,3.90761e-21,-1.8,-0.400029
0.399913,-0.0999704,-1.89997,3.68538e-21,-1.8,-0.400027
0.399918,-0.0999721,-1.89997,3.4728e-21,-1.8,-0.400026
0.399923,-0.0999737,-1.89997,3.26961e-21,-1.8,-0.400024
0.399928,-0.0999753,-1.89997,3.07551e-21,-1.8,-0.400023
0.399932,-0.0999768,-1.89997,2.89024e-21,-1.8,-0.400021
0.399936,-0.0999782,-1.89998,2.71351e-21,-1.8,-0.40002
0.39994,-0.0999796,-1.89998,2.54507e-21,-1.8,-0.400019
0.399944,-0.0999808,-1.89998,2.38466e-21,-1.8,-0.400018
0.399948,-0.0999821,-1.89998,2.232e-21,-1.8,-0.400016
0.399951,-0.0999832,-1.89998,2.08685e-21,-1.8,-0.400015
0.399954,-0.0999843,-1.89998,1.94896e-21,-1.8,-0.400014
0.399957,-0.0999854,-1.89998,1.81808e-21,-1.8,-0.400013
0.39996,-0.0999864,-1.89999,1.69397e-21,-1.8,-0.400012
0.399963,-0.0999873,-1.89999,1.57639e-21,-1.8,-0.400012
0.399966,-0.0999882,-1.89999,1.46511e-21,-1.8,-0.400011
0.399968,-0.0999891,-1.89999,1.3599e-21,-1.8,-0.40001
0.39997,-0.0999899,-1.89999,1.26054e-21,-1.8,-0.400009
0.399973,-0.0999906,-1.89999,1.1668e-21,-1.8,-0.400009
0.399975,-0.0999913,-1.89999,1.07847e-21,-1.8,-0.400008
0.399977,-0.099992,-1.89999,9.95331e-22,-1.8,-0.400007
0.399978,-0.0999926,-1.89999,9.17183e-22,-1.8,-0.400007
0.39998,-0.0999932,-1.89999,8.4382e-22,-1.8,-0.400006
0.399982,-0.0999938,-1.89999,7.75042e-22,-1.8,-0.400006
0.399983,-0.0999943,-1.89999,7.10654e-22,-1.8,-0.400005
0.399985,-0.0999948,-1.89999,6.50465e-22,-1.8,-0.400005
0.399986,-0.0999952,-1.89999,5.94289e-22,-1.8,-0.400004
0.399987,-0.0999956,-1.9,5.41943e-22,-1.8,-0.400004
0.399988,-0.099996,-1.9,4.93249e-22,-1.8,-0.400004
0.399989,-0.0999964,-1.9,4.48033e-22,-1.8,-0.400003
0.39999,-0.0999967,-1.9,4.06126e-22,-1.8,-0.400003
0.399991,-0.099997,-1.9,3.67362e-22,-1.8,-0.400003
0.399992,-0.0999973,-1.9,3.3158e-22,-1.8,-0.400002
0.399993,-0.0999976,-1.9,2.98622e-22,-1.8,-0.400002
0.399994,-0.0999978,-1.9,2.68337e-22,-1.8,-0.400002
0.399994,-0.0999981,-1.9,2.40575e-22,-1.8,-0.400002
0.399995,-0.0999983,-1.9,2.15193e-22,-1.8,-0.400002
0.399995,-0.0999985,-1.9,1.92051e-22,-1.8,-0.400001
0.399996,-0.0999986,-1.9,1.71013e-22,-1.8,-0.400001
0.399996,-0.0999988,-1.9,1.51947e-22,-1.8,-0.400001
0.399997,-0.0999989,-1.9,1.34725e-22,-1.8,-0.400001
