-0.750931,0.375649,-1.16073,-1.44275e-16,-1.53638,0.750931
-0.750931,0.375649,-1.16073,-1.44275e-16,-1.53638,0.750931
-0.750931,0.375649,-1.16073,-1.44275e-16,-1.53638,0.750931
-0.750931,0.375649,-1.16073,-1.44275e-16,-1.53638,0.750931
-0.750931,0.375649,-1.16073,-1.44275e-16,-1.53638,0.750931
-0.750931,0.375649,-1.16073,-1.44275e-16,-1.53638,0.750931
-0.750931,0.375649,-1.16073,-1.44275e-16,-1.53638,0.750931
-0.750931,0.375649,-1.16073,-1.44275e-16,-1.53638,0.750931
-0.750931,0.375649,-1.16073,-1.44275e-16,-1.53638,0.750931
-0.750931,0.375649,-1.16073,-1.44275e-16,-1.53638,0.750931
-0.750931,0.375649,-1.16073,-1.44275e-16,-1.53638,0.750931
-0.750931,0.375649,-1.16073,-1.44275e-16,-1.53638,0.750931
-0.750931,0.375649,-1.16073,-1.44275e-16,-1.53638,0.750931
-0.750931,0.375649,-1.16073,-1.44275e-16,-1.53638,0.750931
-0.750931,0.375649,-1.16073,-1.44275e-16,-1.53638,0.750931
-0.750931,0.375649,-1.16073,-1.44275e-16,-1.53638,0.750931
-0.750931,0.375649,-1.16073,-1.44275e-16,-1.53638,0.750931
-0.750931,0.375649,-1.16073,-1.44275e-16,-1.53638,0.750931
-0.750931,0.375649,-1.16073,-1.44275e-16,-1.53638,0.750931
-0.750931,0.375649,-1.16073,-1.44275e-16,-1.53638,0.750931
-0.750931,0.375649,-1.16073,-1.44275e-16,-1.53638,0.750931
-0.750931,0.375649,-1.16073,-1.44275e-16,-1.53638,0.750931
-0.750931,0.375649,-1.16073,-1.44275e-16,-1.53638,0.750931
-0.750931,0.375649,-1.16073,-1.44275e-16,-1.53638,0.750931
-0.750931,0.375649,-1.16073,-1.44275e-16,-1.53638,0.750931
-0.750931,0.375649,-1.16073,-1.44275e-16,-1.53638,0.750931
-0.750931,0.375649,-1.16073,-1.44275e-16,-1.53638,0.750931
-0.750931,0.375649,-1.16073,-1.44275e-16,-1.53638,0.750931
-0.750931,0.375649,-1.16073,-1.44275e-16,-1.53638,0.750931
-0.750931,0.375649,-1.16073,-1.44275e-16,-1.53638,0.750931
-0.750931,0.375649,-1.16073,-1.44275e-16,-1.53638,0.750931
-0.750931,0.375649,-1.16073,-1.44275e-16,-1.53638,0.750931
-0.750931,0.375649,-1.16073,-1.44275e-16,-1.53638,0.750931
-0.750931,0.375649,-1.16073,-1.44275e-16,-1.53638,0.750931
-0.750931,0.375649,-1.16073,-1.44275e-16,-1.53638,0.750931
-0.750931,0.375649,-1.16073,-1.44275e-16,-1.53638,0.750931
-0.750931,0.375649,-1.16073,-1.44275e-16,-1.53638,0.750931
-0.750931,0.375649,-1.16073,-1.44275e-16,-1.53638,0.750931
-0.750931,0.375649,-1.16073,-1.44275e-16,-1.53638,0.750931
-0.750931,0.375649,-1.16073,-1.44275e-16,-1.53638,0.750931
-0.750931,0.375649,-1.16073,-1.44275e-16,-1.53638,0.750931
-0.750931,0.375649,-1.16073,-1.44275e-16,-1.53638,0.750931
-0.750931,0.375649,-1.16073,-1.44275e-16,-1.53638,0.750931
-0.750931,0.375649,-1.16073,-1.44275e-16,-1.53638,0.750931
-0.750931,0.375649,-1.16073,-1.44275e-16,-1.53638,0.750931
-0.750931,0.375649,-1.16073,-1.44275e-16,-1.53638,0.750931
-0.750931,0.375649,-1.16073,-1.44275e-16,-1.53638,0.750931
-0.75093,0.375649,-1.16073,-1.44275e-16,-1.53638,0.75093
-0.75093,0.375649,-1.16073,-1.44275e-16,-1.53638,0.75093
-0.75093,0.375649,-1.16073,-1.44275e-16,-1.53638,0.75093
-0.75093,0.375649,-1.16073,-1.44275e-16,-1.53638,0.75093
-0.75093,0.375649,-1.16073,-1.44275e-16,-1.53638,0.75093
-0.75093,0.375649,-1.16073,-1.44275e-16,-1.53638,0.75093
-0.750929,0.375648,-1.16073,-1.44275e-16,-1.53638,0.750929
-0.750929,0.375648,-1.16073,-1.44275e-16,-1.53638,0.750929
-0.750929,0.375648,-1.16073,-1.44275e-16,-1.53638,0.750929
-0.750928,0.375648,-1.16073,-1.44275e-16,-1.53638,0.750928
-0.750928,0.375648,-1.16073,-1.44275e-16,-1.53638,0.750928
-0.750927,0.375648,-1.16073,-1.44275e-16,-1.53638,0.750927
-0.750927,0.375648,-1.16073,-1.44274e-16,-1.53638,0.750927
-0.750926,0.375647,-1.16073,-1.44274e-16,-1.53638,0.750926
-0.750926,0.375647,-1.16073,-1.44274e-16,-1.53638,0.750926
-0.750925,0.375647,-1.16073,-1.44274e-16,-1.53638,0.750925
-0.750924,0.375647,-1.16073,-1.44274e-16,-1.53638,0.750924
-0.750924,0.375647,-1.16073,-1.44274e-16,-1.53638,0.750924
-0.750923,0.375646,-1.16073,-1.44274e-16,-1.53638,0.750923
-0.750922,0.375646,-1.16073,-1.44274e-16,-1.53638,0.750922
-0.750921,0.375646,-1.16073,-1.44274e-16,-1.53638,0.750921
-0.75092,0.375645,-1.16073,-1.44274e-16,-1.53638,0.75092
-0.750918,0.375645,-1.16073,-1.44273e-16,-1.53638,0.750918
-0.750917,0.375644,-1.16074,-1.44273e-16,-1.53638,0.750917
-0.750916,0.375644,-1.16074,-1.44273e-16,-1.53638,0.750916
-0.750914,0.375644,-1.16074,-1.44273e-16,-1.53638,0.750914
-0.750913,0.375643,-1.16074,-1.44273e-16,-1.53638,0.750913
-0.750911,0.375642,-1.16074,-1.44272e-16,-1.53638,0.750911
-0.750909,0.375642,-1.16074,-1.44272e-16,-1.53638,0.750909
-0.750907,0.375641,-1.16074,-1.44272e-16,-1.53638,0.750907
-0.750905,0.375641,-1.16074,-1.44272e-16,-1.53638,0.750905
-0.750903,0.37564,-1.16074,-1.44271e-16,-1.53638,0.750903
-0.750901,0.375639,-1.16074,-1.44271e-16,-1.53638,0.750901
-0.750898,0.375638,-1.16074,-1.44271e-16,-1.53638,0.750898
-0.750895,0.375637,-1.16074,-1.44271e-16,-1.53638,0.750895
-0.750893,0.375636,-1.16074,-1.4427e-16,-1.53638,0.750893
-0.75089,0.375636,-1.16075,-1.4427e-16,-1.53638,0.75089
-0.750887,0.375634,-1.16075,-1.44269e-16,-1.53638,0.750887
-0.750883,0.375633,-1.16075,-1.44269e-16,-1.53638,0.750883
-0.75088,0.375632,-1.16075,-1.44269e-16,-1.53638,0.75088
-0.750876,0.375631,-1.16075,-1.44268e-16,-1.53638,0.750876
-0.750872,0.37563,-1.16075,-1.44268e-16,-1.53638,0.750872
-0.750868,0.375629,-1.16075,-1.44267e-16,-1.53638,0.750868
-0.750864,0.375627,-1.16076,-1.44267e-16,-1.53638,0.750864
-0.750859,0.375626,-1.16076,-1.44266e-16,-1.53638,0.750859
-0.750855,0.375624,-1.16076,-1.44265e-16,-1.53638,0.750855
-0.75085,0.375623,-1.16076,-1.44265e-16,-1.53638,0.75085
-0.750845,0.375621,-1.16076,-1.44264e-16,-1.53638,0.750845
-0.750839,0.375619,-1.16076,-1.44264e-16,-1.53639,0.750839
-0.750834,0.375617,-1.16077,-1.44263e-16,-1.53639,0.750834
-0.750828,0.375615,-1.16077,-1.44262e-16,-1.53639,0.750828
-0.750822,0.375613,-1.16077,-1.44261e-16,-1.53639,0.750822
-0.750815,0.375611,-1.16077,-1.4426e-16,-1.53639,0.750815
-0.750808,0.375609,-1.16078,-1.4426e-16,-1.53639,0.750808
-0.750801,0.375607,-1.16078,-1.44259e-16,-1.53639,0.750801
-0.750794,0.375604,-1.16078,-1.44258e-16,-1.53639,0.750794
-0.750787,0.375602,-1.16079,-1.44257e-16,-1.53639,0.750787
-0.750779,0.375599,-1.16079,-1.44256e-16,-1.53639,0.750779
-0.75077,0.375597,-1.16079,-1.44255e-16,-1.53639,0.75077
-0.750762,0.375594,-1.16079,-1.44254e-16,-1.53639,0.750762
-0.750753,0.375591,-1.1608,-1.44253e-16,-1.53639,0.750753
-0.750744,0.375588,-1.1608,-1.44252e-16,-1.53639,0.750744
-0.750734,0.375585,-1.16081,-1.4425e-16,-1.53639,0.750734
-0.750724,0.375581,-1.16081,-1.44249e-16,-1.53639,0.750724
-0.750714,0.375578,-1.16081,-1.44248e-16,-1.53639,0.750714
-0.750703,0.375575,-1.16082,-1.44246e-16,-1.53639,0.750703
-0.750692,0.375571,-1.16082,-1.44245e-16,-1.53639,0.750692
-0.75068,0.375567,-1.16083,-1.44244e-16,-1.53639,0.75068
-0.750669,0.375563,-1.16083,-1.44242e-16,-1.53639,0.750669
-0.750656,0.375559,-1.16083,-1.44241e-16,-1.5364,0.750656
-0.750643,0.375555,-1.16084,-1.44239e-16,-1.5364,0.750643
-0.75063,0.375551,-1.16084,-1.44237e-16,-1.5364,0.75063
-0.750617,0.375546,-1.16085,-1.44236e-16,-1.5364,0.750617
-0.750602,0.375542,-1.16086,-1.44234e-16,-1.5364,0.750602
-0.750588,0.375537,-1.16086,-1.44232e-16,-1.5364,0.750588
-0.750573,0.375532,-1.16087,-1.4423e-16,-1.5364,0.750573
-0.750557,0.375527,-1.16087,-1.44228e-16,-1.5364,0.750557
-0.750541,0.375522,-1.16088,-1.44226e-16,-1.5364,0.750541
-0.750524,0.375516,-1.16089,-1.44224e-16,-1.5364,0.750524
-0.750507,0.375511,-1.16089,-1.44222e-16,-1.5364,0.750507
-0.75049,0.375505,-1.1609,-1.4422e-16,-1.5364,0.75049
-0.750471,0.375499,-1.16091,-1.44217e-16,-1.53641,0.750471
-0.750453,0.375493,-1.16091,-1.44215e-16,-1.53641,0.750453
-0.750433,0.375487,-1.16092,-1.44213e-16,-1.53641,0.750433
-0.750413,0.37548,-1.16093,-1.4421e-16,-1.53641,0.750413
-0.750393,0.375473,-1.16094,-1.44208e-16,-1.53641,0.750393
-0.750372,0.375467,-1.16094,-1.44205e-16,-1.53641,0.750372
-0.75035,0.375459,-1.16095,-1.44202e-16,-1.53641,0.75035
-0.750328,0.375452,-1.16096,-1.44199e-16,-1.53641,0.750328
-0.750305,0.375445,-1.16097,-1.44197e-16,-1.53641,0.750305
-0.750281,0.375437,-1.16098,-1.44194e-16,-1.53642,0.750281
-0.750257,0.375429,-1.16099,-1.44191e-16,-1.53642,0.750257
-0.750232,0.375421,-1.161,-1.44187e-16,-1.53642,0.750232
-0.750206,0.375412,-1.16101,-1.44184e-16,-1.53642,0.750206
-0.75018,0.375404,-1.16102,-1.44181e-16,-1.53642,0.75018
-0.750153,0.375395,-1.16103,-1.44177e-16,-1.53642,0.750153
-0.750125,0.375386,-1.16104,-1.44174e-16,-1.53642,0.750125
-0.750097,0.375377,-1.16105,-1.4417e-16,-1.53643,0.750097
-0.750067,0.375367,-1.16106,-1.44167e-16,-1.53643,0.750067
-0.750037,0.375357,-1.16107,-1.44163e-16,-1.53643,0.750037
-0.750006,0.375347,-1.16108,-1.44159e-16,-1.53643,0.750006
-0.749975,0.375337,-1.16109,-1.44155e-16,-1.53643,0.749975
-0.749942,0.375326,-1.16111,-1.44151e-16,-1.53643,0.749942
-0.749909,0.375316,-1.16112,-1.44147e-16,-1.53644,0.749909
-0.749875,0.375304,-1.16113,-1.44143e-16,-1.53644,0.749875
-0.74984,0.375293,-1.16115,-1.44138e-16,-1.53644,0.74984
-0.749804,0.375281,-1.16116,-1.44134e-16,-1.53644,0.749804
-0.749768,0.375269,-1.16117,-1.44129e-16,-1.53644,0.749768
-0.74973,0.375257,-1.16119,-1.44124e-16,-1.53645,0.74973
-0.749692,0.375245,-1.1612,-1.4412e-16,-1.53645,0.749692
-0.749653,0.375232,-1.16122,-1.44115e-16,-1.53645,0.749653
-0.749612,0.375219,-1.16123,-1.4411e-16,-1.53645,0.749612
-0.749571,0.375205,-1.16125,-1.44105e-16,-1.53646,0.749571
-0.749529,0.375191,-1.16127,-1.44099e-16,-1.53646,0.749529
-0.749486,0.375177,-1.16128,-1.44094e-16,-1.53646,0.749486
-0.749442,0.375163,-1.1613,-1.44088e-16,-1.53646,0.749442
-0.749397,0.375148,-1.16132,-1.44083e-16,-1.53646,0.749397
-0.74935,0.375133,-1.16133,-1.44077e-16,-1.53647,0.74935
-0.749303,0.375118,-1.16135,-1.44071e-16,-1.53647,0.749303
-0.749255,0.375102,-1.16137,-1.44065e-16,-1.53647,0.749255
-0.749206,0.375086,-1.16139,-1.44059e-16,-1.53648,0.749206
-0.749155,0.375069,-1.16141,-1.44052e-16,-1.53648,0.749155
-0.749104,0.375053,-1.16143,-1.44046e-16,-1.53648,0.749104
-0.749051,0.375035,-1.16145,-1.44039e-16,-1.53648,0.749051
-0.748998,0.375018,-1.16147,-1.44033e-16,-1.53649,0.748998
-0.748943,0.375,-1.16149,-1.44026e-16,-1.53649,0.748943
-0.748887,0.374982,-1.16151,-1.44019e-16,-1.53649,0.748887
-0.748829,0.374963,-1.16153,-1.44012e-16,-1.5365,0.748829
-0.748771,0.374944,-1.16155,-1.44004e-16,-1.5365,0.748771
-0.748712,0.374925,-1.16158,-1.43997e-16,-1.5365,0.748712
-0.748651,0.374905,-1.1616,-1.43989e-16,-1.53651,0.748651
-0.748589,0.374884,-1.16162,-1.43981e-16,-1.53651,0.748589
-0.748525,0.374864,-1.16165,-1.43973e-16,-1.53651,0.748525
-0.748461,0.374843,-1.16167,-1.43965e-16,-1.53652,0.748461
-0.748395,0.374821,-1.1617,-1.43957e-16,-1.53652,0.748395
-0.748328,0.374799,-1.16172,-1.43949e-16,-1.53652,0.748328
-0.748259,0.374777,-1.16175,-1.4394e-16,-1.53653,0.748259
-0.748189,0.374754,-1.16178,-1.43931e-16,-1.53653,0.748189
-0.748118,0.374731,-1.1618,-1.43922e-16,-1.53654,0.748118
-0.748046,0.374707,-1.16183,-1.43913e-16,-1.53654,0.748046
-0.747972,0.374683,-1.16186,-1.43904e-16,-1.53654,0.747972
-0.747896,0.374658,-1.16189,-1.43895e-16,-1.53655,0.747896
-0.747819,0.374633,-1.16192,-1.43885e-16,-1.53655,0.747819
-0.747741,0.374608,-1.16195,-1.43875e-16,-1.53656,0.747741
-0.747661,0.374582,-1.16198,-1.43865e-16,-1.53656,0.747661
-0.74758,0.374555,-1.16201,-1.43855e-16,-1.53657,0.74758
-0.747497,0.374528,-1.16204,-1.43845e-16,-1.53657,0.747497
-0.747413,0.374501,-1.16207,-1.43834e-16,-1.53657,0.747413
-0.747327,0.374473,-1.16211,-1.43823e-16,-1.53658,0.747327
-0.74724,0.374444,-1.16214,-1.43812e-16,-1.53658,0.74724
-0.747151,0.374415,-1.16217,-1.43801e-16,-1.53659,0.747151
-0.74706,0.374386,-1.16221,-1.4379e-16,-1.53659,0.74706
-0.746968,0.374356,-1.16224,-1.43778e-16,-1.5366,0.746968
-0.746875,0.374325,-1.16228,-1.43767e-16,-1.5366,0.746875
-0.746779,0.374294,-1.16231,-1.43755e-16,-1.53661,0.746779
-0.746682,0.374262,-1.16235,-1.43742e-16,-1.53661,0.746682
-0.746583,0.37423,-1.16239,-1.4373e-16,-1.53662,0.746583
-0.746483,0.374197,-1.16243,-1.43717e-16,-1.53663,0.746483
-0.74638,0.374164,-1.16247,-1.43705e-16,-1.53663,0.74638
-0.746276,0.37413,-1.16251,-1.43692e-16,-1.53664,0.746276
-0.746171,0.374095,-1.16255,-1.43678e-16,-1.53664,0.746171
-0.746063,0.37406,-1.16259,-1.43665e-16,-1.53665,0.746063
-0.745954,0.374024,-1.16263,-1.43651e-16,-1.53666,0.745954
-0.745842,0.373988,-1.16267,-1.43637e-16,-1.53666,0.745842
-0.745729,0.373951,-1.16272,-1.43623e-16,-1.53667,0.745729
-0.745614,0.373914,-1.16276,-1.43609e-16,-1.53667,0.745614
-0.745497,0.373876,-1.1628,-1.43594e-16,-1.53668,0.745497
-0.745379,0.373837,-1.16285,-1.43579e-16,-1.53669,0.745379
-0.745258,0.373797,-1.1629,-1.43564e-16,-1.53669,0.745258
-0.745135,0.373757,-1.16294,-1.43548e-16,-1.5367,0.745135
-0.745011,0.373717,-1.16299,-1.43533e-16,-1.53671,0.745011
-0.744884,0.373675,-1.16304,-1.43517e-16,-1.53671,0.744884
-0.744755,0.373633,-1.16309,-1.43501e-16,-1.53672,0.744755
-0.744625,0.373591,-1.16314,-1.43484e-16,-1.53673,0.744625
-0.744492,0.373547,-1.16319,-1.43468e-16,-1.53674,0.744492
-0.744357,0.373503,-1.16324,-1.43451e-16,-1.53674,0.744357
-0.74422,0.373459,-1.16329,-1.43434e-16,-1.53675,0.74422
-0.744081,0.373413,-1.16334,-1.43416e-16,-1.53676,0.744081
-0.74394,0.373367,-1.1634,-1.43399e-16,-1.53677,0.74394
-0.743796,0.37332,-1.16345,-1.43381e-16,-1.53677,0.743796
-0.743651,0.373273,-1.16351,-1.43362e-16,-1.53678,0.743651
-0.743503,0.373225,-1.16357,-1.43344e-16,-1.53679,0.743503
-0.743353,0.373176,-1.16362,-1.43325e-16,-1.5368,0.743353
-0.743201,0.373126,-1.16368,-1.43306e-16,-1.53681,0.743201
-0.743046,0.373075,-1.16374,-1.43287e-16,-1.53682,0.743046
-0.742889,0.373024,-1.1638,-1.43267e-16,-1.53682,0.742889
-0.74273,0.372972,-1.16386,-1.43247e-16,-1.53683,0.74273
-0.742568,0.372919,-1.16392,-1.43227e-16,-1.53684,0.742568
-0.742404,0.372866,-1.16398,-1.43206e-16,-1.53685,0.742404
-0.742238,0.372812,-1.16405,-1.43185e-16,-1.53686,0.742238
-0.742069,0.372757,-1.16411,-1.43164e-16,-1.53687,0.742069
-0.741898,0.372701,-1.16418,-1.43143e-16,-1.53688,0.741898
-0.741724,0.372644,-1.16424,-1.43121e-16,-1.53689,0.741724
-0.741548,0.372586,-1.16431,-1.43099e-16,-1.5369,0.741548
-0.741369,0.372528,-1.16438,-1.43076e-16,-1.53691,0.741369
-0.741188,0.372469,-1.16445,-1.43054e-16,-1.53692,0.741188
-0.741004,0.372409,-1.16452,-1.43031e-16,-1.53693,0.741004
-0.740818,0.372348,-1.16459,-1.43007e-16,-1.53694,0.740818
-0.740629,0.372286,-1.16466,-1.42984e-16,-1.53695,0.740629
-0.740437,0.372224,-1.16474,-1.4296e-16,-1.53696,0.740437
-0.740243,0.37216,-1.16481,-1.42935e-16,-1.53697,0.740243
-0.740046,0.372096,-1.16488,-1.4291e-16,-1.53698,0.740046
-0.739846,0.372031,-1.16496,-1.42885e-16,-1.53699,0.739846
-0.739643,0.371965,-1.16504,-1.4286e-16,-1.537,0.739643
-0.739438,0.371898,-1.16512,-1.42834e-16,-1.53702,0.739438
-0.73923,0.37183,-1.1652,-1.42808e-16,-1.53703,0.73923
-0.739019,0.371761,-1.16528,-1.42782e-16,-1.53704,0.739019
-0.738806,0.371691,-1.16536,-1.42755e-16,-1.53705,0.738806
-0.738589,0.371621,-1.16544,-1.42728e-16,-1.53706,0.738589
-0.73837,0.371549,-1.16552,-1.427e-16,-1.53707,0.73837
-0.738147,0.371477,-1.16561,-1.42673e-16,-1.53709,0.738147
-0.737922,0.371403,-1.1657,-1.42644e-16,-1.5371,0.737922
-0.737694,0.371329,-1.16578,-1.42616e-16,-1.53711,0.737694
-0.737463,0.371253,-1.16587,-1.42587e-16,-1.53712,0.737463
-0.737228,0.371177,-1.16596,-1.42557e-16,-1.53714,0.737228
-0.736991,0.371099,-1.16605,-1.42528e-16,-1.53715,0.736991
-0.736751,0.371021,-1.16614,-1.42497e-16,-1.53716,0.736751
-0.736507,0.370941,-1.16623,-1.42467e-16,-1.53718,0.736507
-0.736261,0.370861,-1.16633,-1.42436e-16,-1.53719,0.736261
-0.736011,0.370779,-1.16642,-1.42405e-16,-1.5372,0.736011
-0.735758,0.370697,-1.16652,-1.42373e-16,-1.53722,0.735758
-0.735502,0.370613,-1.16662,-1.42341e-16,-1.53723,0.735502
-0.735243,0.370529,-1.16672,-1.42308e-16,-1.53725,0.735243
-0.73498,0.370443,-1.16682,-1.42276e-16,-1.53726,0.73498
-0.734714,0.370356,-1.16692,-1.42242e-16,-1.53728,0.734714
-0.734445,0.370268,-1.16702,-1.42208e-16,-1.53729,0.734445
-0.734173,0.370179,-1.16713,-1.42174e-16,-1.53731,0.734173
-0.733897,0.370089,-1.16723,-1.4214e-16,-1.53732,0.733897
-0.733618,0.369998,-1.16734,-1.42105e-16,-1.53734,0.733618
-0.733335,0.369906,-1.16745,-1.42069e-16,-1.53735,0.733335
-0.733049,0.369813,-1.16755,-1.42033e-16,-1.53737,0.733049
-0.732759,0.369718,-1.16767,-1.41997e-16,-1.53738,0.732759
-0.732466,0.369622,-1.16778,-1.4196e-16,-1.5374,0.732466
-0.73217,0.369526,-1.16789,-1.41923e-16,-1.53742,0.73217
-0.731869,0.369428,-1.16801,-1.41886e-16,-1.53743,0.731869
-0.731566,0.369328,-1.16812,-1.41847e-16,-1.53745,0.731566
-0.731258,0.369228,-1.16824,-1.41809e-16,-1.53747,0.731258
-0.730947,0.369127,-1.16836,-1.4177e-16,-1.53748,0.730947
-0.730633,0.369024,-1.16848,-1.4173e-16,-1.5375,0.730633
-0.730314,0.36892,-1.1686,-1.41691e-16,-1.53752,0.730314
-0.729992,0.368815,-1.16872,-1.4165e-16,-1.53754,0.729992
-0.729666,0.368708,-1.16885,-1.41609e-16,-1.53756,0.729666
-0.729336,0.368601,-1.16897,-1.41568e-16,-1.53757,0.729336
-0.729003,0.368492,-1.1691,-1.41526e-16,-1.53759,0.729003
-0.728666,0.368382,-1.16923,-1.41484e-16,-1.53761,0.728666
-0.728324,0.36827,-1.16936,-1.41441e-16,-1.53763,0.728324
-0.727979,0.368158,-1.16949,-1.41398e-16,-1.53765,0.727979
-0.72763,0.368044,-1.16962,-1.41354e-16,-1.53767,0.72763
-0.727277,0.367929,-1.16976,-1.4131e-16,-1.53769,0.727277
-0.72692,0.367812,-1.16989,-1.41265e-16,-1.53771,0.72692
-0.726559,0.367694,-1.17003,-1.4122e-16,-1.53773,0.726559
-0.726194,0.367575,-1.17017,-1.41174e-16,-1.53775,0.726194
-0.725825,0.367455,-1.17031,-1.41128e-16,-1.53777,0.725825
-0.725451,0.367333,-1.17045,-1.41081e-16,-1.53779,0.725451
-0.725074,0.36721,-1.1706,-1.41034e-16,-1.53781,0.725074
-0.724692,0.367085,-1.17074,-1.40986e-16,-1.53783,0.724692
-0.724306,0.366959,-1.17089,-1.40937e-16,-1.53785,0.724306
-0.723916,0.366832,-1.17104,-1.40889e-16,-1.53787,0.723916
-0.723522,0.366703,-1.17119,-1.40839e-16,-1.5379,0.723522
-0.723123,0.366573,-1.17134,-1.40789e-16,-1.53792,0.723123
-0.72272,0.366441,-1.1715,-1.40739e-16,-1.53794,0.72272
-0.722313,0.366308,-1.17165,-1.40688e-16,-1.53796,0.722313
-0.721901,0.366174,-1.17181,-1.40636e-16,-1.53798,0.721901
-0.721485,0.366038,-1.17197,-1.40584e-16,-1.53801,0.721485
-0.721064,0.365901,-1.17213,-1.40531e-16,-1.53803,0.721064
-0.720639,0.365762,-1.17229,-1.40478e-16,-1.53805,0.720639
-0.720209,0.365622,-1.17246,-1.40424e-16,-1.53808,0.720209
-0.719775,0.36548,-1.17262,-1.40369e-16,-1.5381,0.719775
-0.719336,0.365337,-1.17279,-1.40314e-16,-1.53813,0.719336
-0.718893,0.365192,-1.17296,-1.40259e-16,-1.53815,0.718893
-0.718445,0.365046,-1.17313,-1.40203e-16,-1.53818,0.718445
-0.717992,0.364898,-1.1733,-1.40146e-16,-1.5382,0.717992
-0.717534,0.364749,-1.17348,-1.40089e-16,-1.53823,0.717534
-0.717072,0.364598,-1.17365,-1.40031e-16,-1.53825,0.717072
-0.716605,0.364446,-1.17383,-1.39972e-16,-1.53828,0.716605
-0.716133,0.364292,-1.17401,-1.39913e-16,-1.5383,0.716133
-0.715657,0.364136,-1.17419,-1.39853e-16,-1.53833,0.715657
-0.715175,0.363979,-1.17438,-1.39793e-16,-1.53836,0.715175
-0.714689,0.36382,-1.17456,-1.39732e-16,-1.53838,0.714689
-0.714197,0.36366,-1.17475,-1.3967e-16,-1.53841,0.714197
-0.713701,0.363498,-1.17494,-1.39608e-16,-1.53844,0.713701
-0.713199,0.363334,-1.17513,-1.39545e-16,-1.53847,0.713199
-0.712693,0.363169,-1.17532,-1.39482e-16,-1.53849,0.712693
-0.712181,0.363002,-1.17552,-1.39418e-16,-1.53852,0.712181
-0.711665,0.362833,-1.17572,-1.39353e-16,-1.53855,0.711665
-0.711143,0.362663,-1.17592,-1.39287e-16,-1.53858,0.711143
-0.710616,0.362491,-1.17612,-1.39221e-16,-1.53861,0.710616
-0.710084,0.362317,-1.17632,-1.39155e-16,-1.53864,0.710084
-0.709546,0.362142,-1.17653,-1.39087e-16,-1.53867,0.709546
-0.709004,0.361964,-1.17673,-1.39019e-16,-1.5387,0.709004
-0.708455,0.361786,-1.17694,-1.3895e-16,-1.53873,0.708455
-0.707902,0.361605,-1.17715,-1.38881e-16,-1.53876,0.707902
-0.707343,0.361423,-1.17737,-1.38811e-16,-1.53879,0.707343
-0.706779,0.361238,-1.17758,-1.3874e-16,-1.53882,0.706779
-0.706209,0.361052,-1.1778,-1.38669e-16,-1.53885,0.706209
-0.705634,0.360865,-1.17802,-1.38597e-16,-1.53888,0.705634
-0.705053,0.360675,-1.17824,-1.38524e-16,-1.53892,0.705053
-0.704467,0.360484,-1.17846,-1.38451e-16,-1.53895,0.704467
-0.703875,0.360291,-1.17869,-1.38376e-16,-1.53898,0.703875
-0.703278,0.360096,-1.17892,-1.38301e-16,-1.53901,0.703278
-0.702674,0.359899,-1.17915,-1.38226e-16,-1.53905,0.702674
-0.702066,0.3597,-1.17938,-1.38149e-16,-1.53908,0.702066
-0.701451,0.359499,-1.17961,-1.38072e-16,-1.53912,0.701451
-0.70083,0.359297,-1.17985,-1.37995e-16,-1.53915,0.70083
-0.700204,0.359092,-1.18009,-1.37916e-16,-1.53918,0.700204
-0.699572,0.358886,-1.18033,-1.37837e-16,-1.53922,0.699572
-0.698934,0.358678,-1.18058,-1.37757e-16,-1.53925,0.698934
-0.69829,0.358468,-1.18082,-1.37676e-16,-1.53929,0.69829
-0.69764,0.358256,-1.18107,-1.37595e-16,-1.53933,0.69764
-0.696984,0.358042,-1.18132,-1.37513e-16,-1.53936,0.696984
-0.696323,0.357826,-1.18157,-1.3743e-16,-1.5394,0.696323
-0.695655,0.357608,-1.18183,-1.37346e-16,-1.53944,0.695655
-0.694981,0.357388,-1.18208,-1.37261e-16,-1.53947,0.694981
-0.694301,0.357166,-1.18234,-1.37176e-16,-1.53951,0.694301
-0.693614,0.356942,-1.18261,-1.3709e-16,-1.53955,0.693614
-0.692922,0.356716,-1.18287,-1.37003e-16,-1.53959,0.692922
-0.692223,0.356488,-1.18314,-1.36916e-16,-1.53963,0.692223
-0.691519,0.356258,-1.18341,-1.36827e-16,-1.53966,0.691519
-0.690807,0.356025,-1.18368,-1.36738e-16,-1.5397,0.690807
-0.69009,0.355791,-1.18395,-1.36648e-16,-1.53974,0.69009
-0.689366,0.355555,-1.18423,-1.36558e-16,-1.53978,0.689366
-0.688636,0.355317,-1.18451,-1.36466e-16,-1.53982,0.688636
-0.6879,0.355076,-1.18479,-1.36374e-16,-1.53986,0.6879
-0.687157,0.354834,-1.18507,-1.36281e-16,-1.53991,0.687157
-0.686408,0.354589,-1.18536,-1.36187e-16,-1.53995,0.686408
-0.685652,0.354343,-1.18564,-1.36092e-16,-1.53999,0.685652
-0.68489,0.354094,-1.18594,-1.35996e-16,-1.54003,0.68489
-0.684121,0.353843,-1.18623,-1.359e-16,-1.54007,0.684121
-0.683345,0.35359,-1.18653,-1.35803e-16,-1.54012,0.683345
-0.682563,0.353335,-1.18682,-1.35705e-16,-1.54016,0.682563
-0.681775,0.353077,-1.18712,-1.35606e-16,-1.5402,0.681775
-0.68098,0.352818,-1.18743,-1.35506e-16,-1.54025,0.68098
-0.680178,0.352556,-1.18773,-1.35406e-16,-1.54029,0.680178
-0.67937,0.352292,-1.18804,-1.35304e-16,-1.54034,0.67937
-0.678554,0.352026,-1.18835,-1.35202e-16,-1.54038,0.678554
-0.677733,0.351758,-1.18867,-1.35099e-16,-1.54043,0.677733
-0.676904,0.351488,-1.18898,-1.34995e-16,-1.54047,0.676904
-0.676068,0.351215,-1.1893,-1.34891e-16,-1.54052,0.676068
-0.675226,0.35094,-1.18962,-1.34785e-16,-1.54056,0.675226
-0.674377,0.350663,-1.18995,-1.34679e-16,-1.54061,0.674377
-0.673521,0.350384,-1.19027,-1.34571e-16,-1.54066,0.673521
-0.672659,0.350102,-1.1906,-1.34463e-16,-1.54071,0.672659
-0.671789,0.349818,-1.19094,-1.34354e-16,-1.54075,0.671789
-0.670912,0.349532,-1.19127,-1.34244e-16,-1.5408,0.670912
-0.670029,0.349244,-1.19161,-1.34134e-16,-1.54085,0.670029
-0.669139,0.348953,-1.19195,-1.34022e-16,-1.5409,0.669139
-0.668241,0.34866,-1.19229,-1.33909e-16,-1.54095,0.668241
-0.667337,0.348365,-1.19263,-1.33796e-16,-1.541,0.667337
-0.666426,0.348068,-1.19298,-1.33682e-16,-1.54105,0.666426
-0.665507,0.347768,-1.19333,-1.33567e-16,-1.5411,0.665507
-0.664582,0.347466,-1.19369,-1.33451e-16,-1.54115,0.664582
-0.663649,0.347161,-1.19404,-1.33334e-16,-1.5412,0.663649
-0.66271,0.346855,-1.1944,-1.33216e-16,-1.54126,0.66271
-0.661763,0.346546,-1.19476,-1.33097e-16,-1.54131,0.661763
-0.660809,0.346234,-1.19513,-1.32978e-16,-1.54136,0.660809
-0.659848,0.345921,-1.19549,-1.32857e-16,-1.54141,0.659848
-0.65888,0.345605,-1.19586,-1.32736e-16,-1.54147,0.65888
-0.657905,0.345286,-1.19623,-1.32614e-16,-1.54152,0.657905
-0.656922,0.344966,-1.19661,-1.32491e-16,-1.54158,0.656922
-0.655932,0.344643,-1.19699,-1.32366e-16,-1.54163,0.655932
-0.654936,0.344317,-1.19737,-1.32241e-16,-1.54169,0.654936
-0.653931,0.34399,-1.19775,-1.32116e-16,-1.54174,0.653931
-0.65292,0.343659,-1.19814,-1.31989e-16,-1.5418,0.65292
-0.651901,0.343327,-1.19853,-1.31861e-16,-1.54185,0.651901
-0.650875,0.342992,-1.19892,-1.31733e-16,-1.54191,0.650875
-0.649842,0.342655,-1.19931,-1.31603e-16,-1.54197,0.649842
-0.648801,0.342315,-1.19971,-1.31473e-16,-1.54203,0.648801
-0.647754,0.341973,-1.20011,-1.31341e-16,-1.54208,0.647754
-0.646698,0.341629,-1.20051,-1.31209e-16,-1.54214,0.646698
-0.645636,0.341282,-1.20092,-1.31076e-16,-1.5422,0.645636
-0.644566,0.340933,-1.20133,-1.30942e-16,-1.54226,0.644566
-0.643489,0.340581,-1.20174,-1.30807e-16,-1.54232,0.643489
-0.642404,0.340227,-1.20215,-1.30671e-16,-1.54238,0.642404
-0.641312,0.339871,-1.20257,-1.30534e-16,-1.54244,0.641312
-0.640212,0.339512,-1.20299,-1.30396e-16,-1.5425,0.640212
-0.639105,0.339151,-1.20341,-1.30257e-16,-1.54256,0.639105
-0.637991,0.338787,-1.20384,-1.30117e-16,-1.54262,0.637991
-0.636869,0.338421,-1.20426,-1.29977e-16,-1.54268,0.636869
-0.63574,0.338052,-1.20469,-1.29835e-16,-1.54275,0.63574
-0.634603,0.337681,-1.20513,-1.29693e-16,-1.54281,0.634603
-0.633459,0.337308,-1.20556,-1.29549e-16,-1.54287,0.633459
-0.632307,0.336932,-1.206,-1.29405e-16,-1.54294,0.632307
-0.631148,0.336553,-1.20645,-1.2926e-16,-1.543,0.631148
-0.629981,0.336173,-1.20689,-1.29113e-16,-1.54307,0.629981
-0.628807,0.335789,-1.20734,-1.28966e-16,-1.54313,0.628807
-0.627626,0.335404,-1.20779,-1.28818e-16,-1.5432,0.627626
-0.626437,0.335016,-1.20825,-1.28669e-16,-1.54326,0.626437
-0.62524,0.334625,-1.2087,-1.28519e-16,-1.54333,0.62524
-0.624036,0.334232,-1.20916,-1.28368e-16,-1.54339,0.624036
-0.622824,0.333836,-1.20962,-1.28216e-16,-1.54346,0.622824
-0.621605,0.333439,-1.21009,-1.28063e-16,-1.54353,0.621605
-0.620378,0.333038,-1.21056,-1.27909e-16,-1.5436,0.620378
-0.619143,0.332635,-1.21103,-1.27755e-16,-1.54366,0.619143
-0.617901,0.33223,-1.2115,-1.27599e-16,-1.54373,0.617901
-0.616652,0.331822,-1.21198,-1.27442e-16,-1.5438,0.616652
-0.615395,0.331412,-1.21246,-1.27285e-16,-1.54387,0.615395
-0.61413,0.330999,-1.21294,-1.27126e-16,-1.54394,0.61413
-0.612858,0.330584,-1.21343,-1.26967e-16,-1.54401,0.612858
-0.611578,0.330166,-1.21392,-1.26806e-16,-1.54408,0.611578
-0.610291,0.329746,-1.21441,-1.26645e-16,-1.54415,0.610291
-0.608996,0.329323,-1.2149,-1.26483e-16,-1.54423,0.608996
-0.607693,0.328898,-1.2154,-1.26319e-16,-1.5443,0.607693
-0.606383,0.32847,-1.2159,-1.26155e-16,-1.54437,0.606383
-0.605065,0.32804,-1.2164,-1.2599e-16,-1.54444,0.605065
-0.60374,0.327608,-1.21691,-1.25824e-16,-1.54452,0.60374
-0.602407,0.327173,-1.21742,-1.25657e-16,-1.54459,0.602407
-0.601067,0.326735,-1.21793,-1.25489e-16,-1.54466,0.601067
-0.599719,0.326295,-1.21844,-1.2532e-16,-1.54474,0.599719
-0.598363,0.325853,-1.21896,-1.2515e-16,-1.54481,0.598363
-0.597,0.325408,-1.21948,-1.24979e-16,-1.54489,0.597
-0.595629,0.32496,-1.22,-1.24807e-16,-1.54496,0.595629
-0.594251,0.324511,-1.22053,-1.24634e-16,-1.54504,0.594251
-0.592865,0.324058,-1.22106,-1.24461e-16,-1.54512,0.592865
-0.591471,0.323603,-1.22159,-1.24286e-16,-1.54519,0.591471
-0.59007,0.323146,-1.22213,-1.2411e-16,-1.54527,0.59007
-0.588661,0.322686,-1.22266,-1.23934e-16,-1.54535,0.588661
-0.587245,0.322224,-1.2232,-1.23756e-16,-1.54543,0.587245
-0.585821,0.321759,-1.22375,-1.23578e-16,-1.54551,0.585821
-0.584389,0.321292,-1.22429,-1.23398e-16,-1.54559,0.584389
-0.582951,0.320822,-1.22484,-1.23218e-16,-1.54567,0.582951
-0.581504,0.32035,-1.22539,-1.23036e-16,-1.54575,0.581504
-0.58005,0.319876,-1.22595,-1.22854e-16,-1.54583,0.58005
-0.578588,0.319399,-1.22651,-1.22671e-16,-1.54591,0.578588
-0.577119,0.318919,-1.22707,-1.22487e-16,-1.54599,0.577119
-0.575642,0.318437,-1.22763,-1.22302e-16,-1.54607,0.575642
-0.574158,0.317953,-1.2282,-1.22116e-16,-1.54615,0.574158
-0.572666,0.317466,-1.22877,-1.21929e-16,-1.54623,0.572666
-0.571167,0.316976,-1.22934,-1.21741e-16,-1.54632,0.571167
-0.56966,0.316485,-1.22991,-1.21552e-16,-1.5464,0.56966
-0.568146,0.31599,-1.23049,-1.21362e-16,-1.54648,0.568146
-0.566624,0.315494,-1.23107,-1.21171e-16,-1.54657,0.566624
-0.565095,0.314994,-1.23166,-1.2098e-16,-1.54665,0.565095
-0.563558,0.314493,-1.23224,-1.20787e-16,-1.54674,0.563558
-0.562014,0.313989,-1.23283,-1.20593e-16,-1.54682,0.562014
-0.560462,0.313482,-1.23343,-1.20399e-16,-1.54691,0.560462
-0.558903,0.312974,-1.23402,-1.20203e-16,-1.54699,0.558903
-0.557336,0.312462,-1.23462,-1.20007e-16,-1.54708,0.557336
-0.555762,0.311949,-1.23522,-1.1981e-16,-1.54717,0.555762
-0.554181,0.311432,-1.23582,-1.19611e-16,-1.54726,0.554181
-0.552592,0.310914,-1.23643,-1.19412e-16,-1.54734,0.552592
-0.550996,0.310393,-1.23704,-1.19212e-16,-1.54743,0.550996
-0.549392,0.309869,-1.23765,-1.19011e-16,-1.54752,0.549392
-0.547781,0.309344,-1.23827,-1.18809e-16,-1.54761,0.547781
-0.546163,0.308815,-1.23888,-1.18606e-16,-1.5477,0.546163
-0.544537,0.308285,-1.2395,-1.18402e-16,-1.54779,0.544537
-0.542904,0.307752,-1.24013,-1.18198e-16,-1.54788,0.542904
-0.541264,0.307216,-1.24075,-1.17992e-16,-1.54797,0.541264
-0.539616,0.306679,-1.24138,-1.17786e-16,-1.54806,0.539616
-0.537961,0.306138,-1.24201,-1.17578e-16,-1.54815,0.537961
-0.536299,0.305596,-1.24265,-1.1737e-16,-1.54824,0.536299
-0.534629,0.305051,-1.24328,-1.1716e-16,-1.54834,0.534629
-0.532952,0.304504,-1.24392,-1.1695e-16,-1.54843,0.532952
-0.531268,0.303954,-1.24457,-1.16739e-16,-1.54852,0.531268
-0.529577,0.303402,-1.24521,-1.16527e-16,-1.54862,0.529577
-0.527879,0.302848,-1.24586,-1.16314e-16,-1.54871,0.527879
-0.526173,0.302291,-1.24651,-1.161e-16,-1.5488,0.526173
-0.52446,0.301732,-1.24717,-1.15886e-16,-1.5489,0.52446
-0.52274,0.301171,-1.24782,-1.1567e-16,-1.54899,0.52274
-0.521013,0.300607,-1.24848,-1.15454e-16,-1.54909,0.521013
-0.519279,0.300041,-1.24914,-1.15236e-16,-1.54919,0.519279
-0.517538,0.299472,-1.24981,-1.15018e-16,-1.54928,0.517538
-0.515789,0.298902,-1.25048,-1.14799e-16,-1.54938,0.515789
-0.514034,0.298329,-1.25115,-1.14579e-16,-1.54947,0.514034
-0.512271,0.297754,-1.25182,-1.14358e-16,-1.54957,0.512271
-0.510501,0.297176,-1.25249,-1.14136e-16,-1.54967,0.510501
-0.508725,0.296596,-1.25317,-1.13913e-16,-1.54977,0.508725
-0.506941,0.296014,-1.25385,-1.1369e-16,-1.54987,0.506941
-0.505151,0.29543,-1.25454,-1.13465e-16,-1.54997,0.505151
-0.503353,0.294843,-1.25522,-1.1324e-16,-1.55007,0.503353
-0.501549,0.294254,-1.25591,-1.13014e-16,-1.55017,0.501549
-0.499738,0.293663,-1.2566,-1.12787e-16,-1.55027,0.499738
-0.497919,0.293069,-1.2573,-1.12559e-16,-1.55037,0.497919
-0.496094,0.292474,-1.25799,-1.1233e-16,-1.55047,0.496094
-0.494262,0.291876,-1.25869,-1.121e-16,-1.55057,0.494262
-0.492424,0.291276,-1.25939,-1.1187e-16,-1.55067,0.492424
-0.490578,0.290673,-1.2601,-1.11638e-16,-1.55077,0.490578
-0.488726,0.290069,-1.2608,-1.11406e-16,-1.55087,0.488726
-0.486867,0.289462,-1.26151,-1.11173e-16,-1.55098,0.486867
-0.485001,0.288853,-1.26223,-1.10939e-16,-1.55108,0.485001
-0.483128,0.288242,-1.26294,-1.10705e-16,-1.55118,0.483128
-0.481249,0.287628,-1.26366,-1.10469e-16,-1.55129,0.481249
-0.479363,0.287013,-1.26438,-1.10233e-16,-1.55139,0.479363
-0.477471,0.286395,-1.2651,-1.09995e-16,-1.5515,0.477471
-0.475572,0.285775,-1.26582,-1.09757e-16,-1.5516,0.475572
-0.473666,0.285153,-1.26655,-1.09518e-16,-1.55171,0.473666
-0.471754,0.284529,-1.26728,-1.09279e-16,-1.55181,0.471754
-0.469836,0.283903,-1.26801,-1.09038e-16,-1.55192,0.469836
-0.46791,0.283275,-1.26875,-1.08797e-16,-1.55202,0.46791
-0.465979,0.282644,-1.26949,-1.08555e-16,-1.55213,0.465979
-0.464041,0.282012,-1.27023,-1.08312e-16,-1.55224,0.464041
-0.462096,0.281377,-1.27097,-1.08068e-16,-1.55235,0.462096
-0.460145,0.28074,-1.27171,-1.07824e-16,-1.55245,0.460145
-0.458188,0.280102,-1.27246,-1.07578e-16,-1.55256,0.458188
-0.456225,0.279461,-1.27321,-1.07332e-16,-1.55267,0.456225
-0.454255,0.278818,-1.27396,-1.07085e-16,-1.55278,0.454255
-0.452279,0.278173,-1.27472,-1.06837e-16,-1.55289,0.452279
-0.450296,0.277526,-1.27547,-1.06589e-16,-1.553,0.450296
-0.448308,0.276877,-1.27623,-1.0634e-16,-1.55311,0.448308
-0.446313,0.276226,-1.27699,-1.0609e-16,-1.55322,0.446313
-0.444312,0.275573,-1.27776,-1.05839e-16,-1.55333,0.444312
-0.442305,0.274918,-1.27852,-1.05587e-16,-1.55344,0.442305
-0.440292,0.274261,-1.27929,-1.05335e-16,-1.55355,0.440292
-0.438273,0.273602,-1.28006,-1.05082e-16,-1.55366,0.438273
-0.436248,0.272941,-1.28083,-1.04828e-16,-1.55377,0.436248
-0.434217,0.272278,-1.28161,-1.04573e-16,-1.55389,0.434217
-0.43218,0.271613,-1.28239,-1.04318e-16,-1.554,0.43218
-0.430137,0.270946,-1.28317,-1.04062e-16,-1.55411,0.430137
-0.428088,0.270277,-1.28395,-1.03805e-16,-1.55423,0.428088
-0.426033,0.269607,-1.28473,-1.03547e-16,-1.55434,0.426033
-0.423973,0.268934,-1.28552,-1.03289e-16,-1.55445,0.423973
-0.421907,0.26826,-1.28631,-1.0303e-16,-1.55457,0.421907
-0.419834,0.267583,-1.2871,-1.0277e-16,-1.55468,0.419834
-0.417757,0.266905,-1.28789,-1.0251e-16,-1.5548,0.417757
-0.415673,0.266225,-1.28869,-1.02249e-16,-1.55491,0.415673
-0.413584,0.265543,-1.28948,-1.01987e-16,-1.55503,0.413584
-0.41149,0.26486,-1.29028,-1.01724e-16,-1.55514,0.41149
-0.409389,0.264174,-1.29108,-1.01461e-16,-1.55526,0.409389
-0.407284,0.263487,-1.29189,-1.01197e-16,-1.55538,0.407284
-0.405172,0.262798,-1.29269,-1.00932e-16,-1.55549,0.405172
-0.403056,0.262107,-1.2935,-1.00667e-16,-1.55561,0.403056
-0.400934,0.261414,-1.29431,-1.00401e-16,-1.55573,0.400934
-0.398806,0.26072,-1.29512,-1.00134e-16,-1.55584,0.398806
-0.396673,0.260024,-1.29594,-9.9867e-17,-1.55596,0.396673
-0.394535,0.259326,-1.29675,-9.9599e-17,-1.55608,0.394535
-0.392392,0.258627,-1.29757,-9.93303e-17,-1.5562,0.392392
-0.390243,0.257925,-1.29839,-9.9061e-17,-1.55632,0.390243
-0.38809,0.257222,-1.29921,-9.8791e-17,-1.55644,0.38809
-0.385931,0.256518,-1.30004,-9.85204e-17,-1.55656,0.385931
-0.383767,0.255811,-1.30086,-9.82491e-17,-1.55668,0.383767
-0.381598,0.255103,-1.30169,-9.79772e-17,-1.5568,0.381598
-0.379424,0.254394,-1.30252,-9.77047e-17,-1.55692,0.379424
-0.377245,0.253683,-1.30335,-9.74316e-17,-1.55704,0.377245
-0.375061,0.25297,-1.30419,-9.71578e-17,-1.55716,0.375061
-0.372872,0.252255,-1.30502,-9.68834e-17,-1.55728,0.372872
-0.370678,0.251539,-1.30586,-9.66084e-17,-1.5574,0.370678
-0.36848,0.250822,-1.3067,-9.63328e-17,-1.55752,0.36848
-0.366276,0.250103,-1.30754,-9.60566e-17,-1.55764,0.366276
-0.364069,0.249382,-1.30838,-9.57799e-17,-1.55776,0.364069
-0.361856,0.24866,-1.30923,-9.55025e-17,-1.55789,0.361856
-0.359639,0.247936,-1.31007,-9.52246e-17,-1.55801,0.359639
-0.357417,0.247211,-1.31092,-9.4946e-17,-1.55813,0.357417
-0.355191,0.246484,-1.31177,-9.4667e-17,-1.55826,0.355191
-0.35296,0.245756,-1.31262,-9.43873e-17,-1.55838,0.35296
-0.350724,0.245027,-1.31347,-9.41071e-17,-1.5585,0.350724
-0.348485,0.244296,-1.31433,-9.38264e-17,-1.55863,0.348485
-0.346241,0.243563,-1.31519,-9.35451e-17,-1.55875,0.346241
-0.343992,0.24283,-1.31604,-9.32632e-17,-1.55887,0.343992
-0.34174,0.242094,-1.3169,-9.29808e-17,-1.559,0.34174
-0.339483,0.241358,-1.31777,-9.26979e-17,-1.55912,0.339483
-0.337222,0.24062,-1.31863,-9.24145e-17,-1.55925,0.337222
-0.334957,0.239881,-1.31949,-9.21306e-17,-1.55937,0.334957
-0.332688,0.23914,-1.32036,-9.18461e-17,-1.5595,0.332688
-0.330415,0.238398,-1.32123,-9.15612e-17,-1.55962,0.330415
-0.328138,0.237655,-1.3221,-9.12757e-17,-1.55975,0.328138
-0.325857,0.23691,-1.32297,-9.09898e-17,-1.55988,0.325857
-0.323572,0.236165,-1.32384,-9.07034e-17,-1.56,0.323572
-0.321283,0.235418,-1.32471,-9.04165e-17,-1.56013,0.321283
-0.318991,0.234669,-1.32559,-9.01291e-17,-1.56026,0.318991
-0.316694,0.23392,-1.32646,-8.98413e-17,-1.56038,0.316694
-0.314395,0.233169,-1.32734,-8.9553e-17,-1.56051,0.314395
-0.312091,0.232417,-1.32822,-8.92642e-17,-1.56064,0.312091
-0.309784,0.231664,-1.3291,-8.8975e-17,-1.56077,0.309784
-0.307474,0.23091,-1.32998,-8.86854e-17,-1.56089,0.307474
-0.30516,0.230155,-1.33087,-8.83953e-17,-1.56102,0.30516
-0.302842,0.229399,-1.33175,-8.81049e-17,-1.56115,0.302842
-0.300522,0.228641,-1.33264,-8.78139e-17,-1.56128,0.300522
-0.298198,0.227883,-1.33352,-8.75226e-17,-1.56141,0.298198
-0.29587,0.227123,-1.33441,-8.72309e-17,-1.56153,0.29587
-0.29354,0.226363,-1.3353,-8.69388e-17,-1.56166,0.29354
-0.291206,0.225601,-1.33619,-8.66462e-17,-1.56179,0.291206
-0.28887,0.224838,-1.33708,-8.63533e-17,-1.56192,0.28887
-0.28653,0.224075,-1.33798,-8.606e-17,-1.56205,0.28653
-0.284188,0.22331,-1.33887,-8.57664e-17,-1.56218,0.284188
-0.281842,0.222544,-1.33976,-8.54724e-17,-1.56231,0.281842
-0.279494,0.221778,-1.34066,-8.5178e-17,-1.56244,0.279494
-0.277143,0.221011,-1.34156,-8.48833e-17,-1.56257,0.277143
-0.274789,0.220242,-1.34246,-8.45882e-17,-1.5627,0.274789
-0.272432,0.219473,-1.34336,-8.42928e-17,-1.56283,0.272432
-0.270073,0.218703,-1.34426,-8.3997e-17,-1.56296,0.270073
-0.267711,0.217932,-1.34516,-8.3701e-17,-1.56309,0.267711
-0.265347,0.217161,-1.34606,-8.34046e-17,-1.56322,0.265347
-0.26298,0.216388,-1.34696,-8.31079e-17,-1.56335,0.26298
-0.260611,0.215615,-1.34787,-8.28109e-17,-1.56348,0.260611
-0.25824,0.214841,-1.34877,-8.25137e-17,-1.56361,0.25824
-0.255866,0.214066,-1.34968,-8.22161e-17,-1.56375,0.255866
-0.25349,0.213291,-1.35059,-8.19183e-17,-1.56388,0.25349
-0.251112,0.212515,-1.35149,-8.16202e-17,-1.56401,0.251112
-0.248732,0.211738,-1.3524,-8.13218e-17,-1.56414,0.248732
-0.24635,0.21096,-1.35331,-8.10232e-17,-1.56427,0.24635
-0.243965,0.210182,-1.35422,-8.07243e-17,-1.5644,0.243965
-0.241579,0.209403,-1.35513,-8.04252e-17,-1.56454,0.241579
-0.239192,0.208624,-1.35604,-8.01259e-17,-1.56467,0.239192
-0.236802,0.207844,-1.35696,-7.98263e-17,-1.5648,0.236802
-0.23441,0.207063,-1.35787,-7.95266e-17,-1.56493,0.23441
-0.232017,0.206282,-1.35878,-7.92266e-17,-1.56506,0.232017
-0.229623,0.205501,-1.3597,-7.89264e-17,-1.5652,0.229623
-0.227227,0.204719,-1.36061,-7.86261e-17,-1.56533,0.227227
-0.224829,0.203936,-1.36152,-7.83255e-17,-1.56546,0.224829
-0.22243,0.203153,-1.36244,-7.80248e-17,-1.56559,0.22243
-0.22003,0.20237,-1.36336,-7.77239e-17,-1.56573,0.22003
-0.217628,0.201586,-1.36427,-7.74228e-17,-1.56586,0.217628
-0.215225,0.200802,-1.36519,-7.71216e-17,-1.56599,0.215225
-0.212821,0.200017,-1.36611,-7.68203e-17,-1.56613,0.212821
-0.210416,0.199232,-1.36703,-7.65188e-17,-1.56626,0.210416
-0.20801,0.198447,-1.36794,-7.62172e-17,-1.56639,0.20801
-0.205604,0.197661,-1.36886,-7.59155e-17,-1.56652,0.205604
-0.203196,0.196875,-1.36978,-7.56136e-17,-1.56666,0.203196
-0.200787,0.196089,-1.3707,-7.53117e-17,-1.56679,0.200787
-0.198378,0.195303,-1.37162,-7.50097e-17,-1.56692,0.198378
-0.195968,0.194516,-1.37254,-7.47076e-17,-1.56706,0.195968
-0.193557,0.193729,-1.37346,-7.44054e-17,-1.56719,0.193557
-0.191146,0.192942,-1.37438,-7.41032e-17,-1.56732,0.191146
-0.188734,0.192155,-1.3753,-7.38009e-17,-1.56746,0.188734
-0.186322,0.191368,-1.37622,-7.34985e-17,-1.56759,0.186322
-0.18391,0.190581,-1.37714,-7.31961e-17,-1.56772,0.18391
-0.181498,0.189793,-1.37806,-7.28937e-17,-1.56786,0.181498
-0.179085,0.189006,-1.37898,-7.25912e-17,-1.56799,0.179085
-0.176672,0.188218,-1.3799,-7.22888e-17,-1.56812,0.176672
-0.174259,0.187431,-1.38083,-7.19863e-17,-1.56826,0.174259
-0.171846,0.186643,-1.38175,-7.16839e-17,-1.56839,0.171846
-0.169434,0.185856,-1.38267,-7.13814e-17,-1.56852,0.169434
-0.167021,0.185068,-1.38359,-7.1079e-17,-1.56866,0.167021
-0.164609,0.184281,-1.38451,-7.07766e-17,-1.56879,0.164609
-0.162197,0.183494,-1.38543,-7.04742e-17,-1.56892,0.162197
-0.159785,0.182707,-1.38635,-7.01719e-17,-1.56906,0.159785
-0.157374,0.18192,-1.38727,-6.98697e-17,-1.56919,0.157374
-0.154964,0.181133,-1.38819,-6.95675e-17,-1.56932,0.154964
-0.152554,0.180346,-1.38911,-6.92654e-17,-1.56946,0.152554
-0.150144,0.17956,-1.39003,-6.89634e-17,-1.56959,0.150144
-0.147736,0.178774,-1.39095,-6.86614e-17,-1.56972,0.147736
-0.145328,0.177988,-1.39187,-6.83596e-17,-1.56986,0.145328
-0.142921,0.177202,-1.39279,-6.80579e-17,-1.56999,0.142921
-0.140515,0.176417,-1.3937,-6.77563e-17,-1.57012,0.140515
-0.13811,0.175632,-1.39462,-6.74548e-17,-1.57025,0.13811
-0.135706,0.174848,-1.39554,-6.71535e-17,-1.57039,0.135706
-0.133303,0.174063,-1.39646,-6.68523e-17,-1.57052,0.133303
-0.130901,0.173279,-1.39737,-6.65512e-17,-1.57065,0.130901
-0.128501,0.172496,-1.39829,-6.62503e-17,-1.57079,0.128501
-0.126102,0.171713,-1.39921,-6.59496e-17,-1.57092,0.126102
-0.123705,0.17093,-1.40012,-6.5649e-17,-1.57105,0.123705
-0.121308,0.170148,-1.40103,-6.53487e-17,-1.57118,0.121308
-0.118914,0.169367,-1.40195,-6.50485e-17,-1.57132,0.118914
-0.116521,0.168586,-1.40286,-6.47485e-17,-1.57145,0.116521
-0.114129,0.167805,-1.40377,-6.44487e-17,-1.57158,0.114129
-0.11174,0.167025,-1.40469,-6.41492e-17,-1.57171,0.11174
-0.109352,0.166246,-1.4056,-6.38499e-17,-1.57184,0.109352
-0.106966,0.165467,-1.40651,-6.35508e-17,-1.57198,0.106966
-0.104582,0.164689,-1.40742,-6.32519e-17,-1.57211,0.104582
-0.1022,0.163912,-1.40833,-6.29533e-17,-1.57224,0.1022
-0.0998194,0.163135,-1.40924,-6.26549e-17,-1.57237,0.0998194
-0.0974413,0.162359,-1.41014,-6.23568e-17,-1.5725,0.0974413
-0.0950654,0.161583,-1.41105,-6.2059e-17,-1.57263,0.0950654
-0.0926917,0.160808,-1.41196,-6.17614e-17,-1.57277,0.0926917
-0.0903203,0.160034,-1.41286,-6.14642e-17,-1.5729,0.0903203
-0.0879512,0.159261,-1.41377,-6.11672e-17,-1.57303,0.0879512
-0.0855845,0.158489,-1.41467,-6.08705e-17,-1.57316,0.0855845
-0.0832202,0.157717,-1.41557,-6.05741e-17,-1.57329,0.0832202
-0.0808584,0.156946,-1.41647,-6.02781e-17,-1.57342,0.0808584
-0.0784992,0.156176,-1.41737,-5.99823e-17,-1.57355,0.0784992
-0.0761426,0.155407,-1.41827,-5.96869e-17,-1.57368,0.0761426
-0.0737888,0.154639,-1.41917,-5.93918e-17,-1.57381,0.0737888
-0.0714376,0.153871,-1.42007,-5.90971e-17,-1.57394,0.0714376
-0.0690892,0.153105,-1.42097,-5.88027e-17,-1.57407,0.0690892
-0.0667437,0.152339,-1.42186,-5.85087e-17,-1.5742,0.0667437
-0.0644011,0.151575,-1.42275,-5.82151e-17,-1.57433,0.0644011
-0.0620615,0.150811,-1.42365,-5.79218e-17,-1.57446,0.0620615
-0.0597248,0.150048,-1.42454,-5.76289e-17,-1.57459,0.0597248
-0.0573913,0.149287,-1.42543,-5.73363e-17,-1.57472,0.0573913
-0.0550609,0.148526,-1.42632,-5.70442e-17,-1.57485,0.0550609
-0.0527336,0.147766,-1.42721,-5.67525e-17,-1.57497,0.0527336
-0.0504096,0.147008,-1.42809,-5.64612e-17,-1.5751,0.0504096
-0.0480889,0.146251,-1.42898,-5.61702e-17,-1.57523,0.0480889
-0.0457716,0.145494,-1.42986,-5.58797e-17,-1.57536,0.0457716
-0.0434576,0.144739,-1.43075,-5.55897e-17,-1.57549,0.0434576
-0.0411471,0.143985,-1.43163,-5.53e-17,-1.57561,0.0411471
-0.0388401,0.143232,-1.43251,-5.50109e-17,-1.57574,0.0388401
-0.0365367,0.14248,-1.43339,-5.47221e-17,-1.57587,0.0365367
-0.0342368,0.141729,-1.43427,-5.44338e-17,-1.576,0.0342368
-0.0319407,0.14098,-1.43514,-5.4146e-17,-1.57612,0.0319407
-0.0296482,0.140232,-1.43602,-5.38586e-17,-1.57625,0.0296482
-0.0273595,0.139485,-1.43689,-5.35717e-17,-1.57638,0.0273595
-0.0250746,0.138739,-1.43776,-5.32853e-17,-1.5765,0.0250746
-0.0227936,0.137994,-1.43863,-5.29993e-17,-1.57663,0.0227936
-0.0205165,0.137251,-1.4395,-5.27139e-17,-1.57676,0.0205165
-0.0182434,0.136509,-1.44037,-5.2429e-17,-1.57688,0.0182434
-0.0159743,0.135769,-1.44124,-5.21445e-17,-1.57701,0.0159743
-0.0137092,0.135029,-1.4421,-5.18606e-17,-1.57713,0.0137092
-0.0114483,0.134291,-1.44296,-5.15771e-17,-1.57726,0.0114483
-0.00919146,0.133555,-1.44383,-5.12942e-17,-1.57738,0.00919146
-0.00693888,0.13282,-1.44469,-5.10119e-17,-1.57751,0.00693888
-0.00469056,0.132086,-1.44554,-5.073e-17,-1.57763,0.00469056
-0.00244653,0.131353,-1.4464,-5.04487e-17,-1.57775,0.00244653
-0.000206855,0.130622,-1.44726,-5.0168e-17,-1.57788,0.000206855
0.00202842,0.129893,-1.44811,-4.98878e-17,-1.578,-0.00202842
0.00425926,0.129165,-1.44896,-4.96081e-17,-1.57812,-0.00425926
0.00648561,0.128438,-1.44981,-4.9329e-17,-1.57825,-0.00648561
0.00870743,0.127713,-1.45066,-4.90505e-17,-1.57837,-0.00870743
0.0109247,0.126989,-1.4515,-4.87726e-17,-1.57849,-0.0109247
0.0131373,0.126267,-1.45235,-4.84952e-17,-1.57862,-0.0131373
0.0153452,0.125546,-1.45319,-4.82185e-17,-1.57874,-0.0153452
0.0175485,0.124827,-1.45403,-4.79423e-17,-1.57886,-0.0175485
0.0197469,0.12411,-1.45487,-4.76667e-17,-1.57898,-0.0197469
0.0219406,0.123394,-1.45571,-4.73917e-17,-1.5791,-0.0219406
0.0241294,0.122679,-1.45654,-4.71173e-17,-1.57922,-0.0241294
0.0263134,0.121967,-1.45738,-4.68435e-17,-1.57934,-0.0263134
0.0284924,0.121255,-1.45821,-4.65704e-17,-1.57946,-0.0284924
0.0306665,0.120546,-1.45904,-4.62979e-17,-1.57958,-0.0306665
0.0328355,0.119838,-1.45987,-4.6026e-17,-1.5797,-0.0328355
0.0349995,0.119132,-1.46069,-4.57547e-17,-1.57982,-0.0349995
0.0371584,0.118427,-1.46152,-4.54841e-17,-1.57994,-0.0371584
0.0393121,0.117724,-1.46234,-4.52141e-17,-1.58006,-0.0393121
0.0414607,0.117023,-1.46316,-4.49448e-17,-1.58018,-0.0414607
0.043604,0.116323,-1.46398,-4.46761e-17,-1.5803,-0.043604
0.0457421,0.115625,-1.46479,-4.4408e-17,-1.58042,-0.0457421
0.0478749,0.114929,-1.46561,-4.41407e-17,-1.58054,-0.0478749
0.0500024,0.114235,-1.46642,-4.3874e-17,-1.58065,-0.0500024
0.0521245,0.113542,-1.46723,-4.3608e-17,-1.58077,-0.0521245
0.0542412,0.112851,-1.46804,-4.33427e-17,-1.58089,-0.0542412
0.0563524,0.112162,-1.46884,-4.3078e-17,-1.581,-0.0563524
0.0584581,0.111475,-1.46965,-4.2814e-17,-1.58112,-0.0584581
0.0605583,0.110789,-1.47045,-4.25508e-17,-1.58124,-0.0605583
0.062653,0.110106,-1.47125,-4.22882e-17,-1.58135,-0.062653
0.064742,0.109424,-1.47204,-4.20263e-17,-1.58147,-0.064742
0.0668255,0.108744,-1.47284,-4.17651e-17,-1.58158,-0.0668255
0.0689032,0.108066,-1.47363,-4.15047e-17,-1.5817,-0.0689032
0.0709752,0.10739,-1.47442,-4.1245e-17,-1.58181,-0.0709752
0.0730415,0.106715,-1.47521,-4.09859e-17,-1.58193,-0.0730415
0.075102,0.106043,-1.476,-4.07276e-17,-1.58204,-0.075102
0.0771567,0.105372,-1.47678,-4.04701e-17,-1.58215,-0.0771567
0.0792056,0.104703,-1.47756,-4.02132e-17,-1.58227,-0.0792056
0.0812485,0.104036,-1.47834,-3.99571e-17,-1.58238,-0.0812485
0.0832856,0.103372,-1.47912,-3.97018e-17,-1.58249,-0.0832856
0.0853167,0.102709,-1.4799,-3.94472e-17,-1.58261,-0.0853167
0.0873418,0.102048,-1.48067,-3.91933e-17,-1.58272,-0.0873418
0.0893609,0.101389,-1.48144,-3.89402e-17,-1.58283,-0.0893609
0.0913739,0.100732,-1.48221,-3.86879e-17,-1.58294,-0.0913739
0.0933809,0.100077,-1.48297,-3.84363e-17,-1.58305,-0.0933809
0.0953818,0.0994236,-1.48374,-3.81855e-17,-1.58316,-0.0953818
0.0973765,0.0987725,-1.4845,-3.79354e-17,-1.58327,-0.0973765
0.099365,0.0981235,-1.48526,-3.76862e-17,-1.58338,-0.099365
0.101347,0.0974765,-1.48601,-3.74377e-17,-1.58349,-0.101347
0.103323,0.0968315,-1.48677,-3.71899e-17,-1.5836,-0.103323
0.105293,0.0961886,-1.48752,-3.6943e-17,-1.58371,-0.105293
0.107257,0.0955477,-1.48827,-3.66969e-17,-1.58382,-0.107257
0.109214,0.0949089,-1.48902,-3.64515e-17,-1.58393,-0.109214
0.111165,0.0942721,-1.48976,-3.6207e-17,-1.58403,-0.111165
0.113109,0.0936375,-1.4905,-3.59632e-17,-1.58414,-0.113109
0.115047,0.0930049,-1.49124,-3.57203e-17,-1.58425,-0.115047
0.116979,0.0923745,-1.49198,-3.54781e-17,-1.58436,-0.116979
0.118904,0.0917461,-1.49272,-3.52368e-17,-1.58446,-0.118904
0.120823,0.0911199,-1.49345,-3.49963e-17,-1.58457,-0.120823
0.122735,0.0904958,-1.49418,-3.47566e-17,-1.58467,-0.122735
0.124641,0.0898738,-1.49491,-3.45177e-17,-1.58478,-0.124641
0.12654,0.089254,-1.49563,-3.42797e-17,-1.58488,-0.12654
0.128432,0.0886363,-1.49635,-3.40424e-17,-1.58499,-0.128432
0.130318,0.0880208,-1.49707,-3.3806e-17,-1.58509,-0.130318
0.132197,0.0874075,-1.49779,-3.35705e-17,-1.5852,-0.132197
0.13407,0.0867964,-1.4985,-3.33358e-17,-1.5853,-0.13407
0.135935,0.0861874,-1.49922,-3.31019e-17,-1.5854,-0.135935
0.137794,0.0855806,-1.49993,-3.28688e-17,-1.58551,-0.137794
0.139647,0.084976,-1.50063,-3.26366e-17,-1.58561,-0.139647
0.141492,0.0843737,-1.50134,-3.24053e-17,-1.58571,-0.141492
0.143331,0.0837736,-1.50204,-3.21748e-17,-1.58581,-0.143331
0.145163,0.0831756,-1.50274,-3.19452e-17,-1.58591,-0.145163
0.146988,0.08258,-1.50343,-3.17164e-17,-1.58601,-0.146988
0.148806,0.0819865,-1.50413,-3.14884e-17,-1.58611,-0.148806
0.150618,0.0813953,-1.50482,-3.12614e-17,-1.58621,-0.150618
0.152422,0.0808064,-1.50551,-3.10352e-17,-1.58631,-0.152422
0.15422,0.0802197,-1.50619,-3.08099e-17,-1.58641,-0.15422
0.15601,0.0796353,-1.50688,-3.05854e-17,-1.58651,-0.15601
0.157794,0.0790531,-1.50756,-3.03618e-17,-1.58661,-0.157794
0.15957,0.0784733,-1.50824,-3.01391e-17,-1.58671,-0.15957
0.16134,0.0778957,-1.50891,-2.99173e-17,-1.58681,-0.16134
0.163102,0.0773205,-1.50958,-2.96964e-17,-1.58691,-0.163102
0.164858,0.0767475,-1.51025,-2.94763e-17,-1.587,-0.164858
0.166606,0.0761768,-1.51092,-2.92571e-17,-1.5871,-0.166606
0.168348,0.0756085,-1.51159,-2.90388e-17,-1.58719,-0.168348
0.170082,0.0750424,-1.51225,-2.88214e-17,-1.58729,-0.170082
0.171809,0.0744787,-1.51291,-2.86049e-17,-1.58739,-0.171809
0.173529,0.0739173,-1.51356,-2.83893e-17,-1.58748,-0.173529
0.175242,0.0733583,-1.51422,-2.81746e-17,-1.58758,-0.175242
0.176947,0.0728016,-1.51487,-2.79608e-17,-1.58767,-0.176947
0.178646,0.0722472,-1.51552,-2.77479e-17,-1.58776,-0.178646
0.180337,0.0716952,-1.51616,-2.75359e-17,-1.58786,-0.180337
0.182021,0.0711456,-1.51681,-2.73248e-17,-1.58795,-0.182021
0.183698,0.0705983,-1.51745,-2.71146e-17,-1.58804,-0.183698
0.185367,0.0700534,-1.51808,-2.69053e-17,-1.58814,-0.185367
0.18703,0.0695109,-1.51872,-2.66969e-17,-1.58823,-0.18703
0.188685,0.0689707,-1.51935,-2.64895e-17,-1.58832,-0.188685
0.190332,0.0684329,-1.51998,-2.62829e-17,-1.58841,-0.190332
0.191973,0.0678975,-1.5206,-2.60773e-17,-1.5885,-0.191973
0.193606,0.0673645,-1.52123,-2.58726e-17,-1.58859,-0.193606
0.195232,0.0668339,-1.52185,-2.56688e-17,-1.58868,-0.195232
0.19685,0.0663057,-1.52246,-2.54659e-17,-1.58877,-0.19685
0.198461,0.0657799,-1.52308,-2.5264e-17,-1.58886,-0.198461
0.200065,0.0652565,-1.52369,-2.5063e-17,-1.58895,-0.200065
0.201661,0.0647355,-1.5243,-2.48629e-17,-1.58904,-0.201661
0.20325,0.0642169,-1.52491,-2.46637e-17,-1.58912,-0.20325
0.204831,0.0637007,-1.52551,-2.44655e-17,-1.58921,-0.204831
0.206405,0.063187,-1.52611,-2.42681e-17,-1.5893,-0.206405
0.207972,0.0626757,-1.52671,-2.40718e-17,-1.58939,-0.207972
0.209531,0.0621668,-1.5273,-2.38763e-17,-1.58947,-0.209531
0.211083,0.0616603,-1.5279,-2.36818e-17,-1.58956,-0.211083
0.212627,0.0611563,-1.52849,-2.34882e-17,-1.58964,-0.212627
0.214164,0.0606548,-1.52907,-2.32956e-17,-1.58973,-0.214164
0.215693,0.0601556,-1.52966,-2.31039e-17,-1.58981,-0.215693
0.217215,0.0596589,-1.53024,-2.29131e-17,-1.5899,-0.217215
0.218729,0.0591647,-1.53082,-2.27233e-17,-1.58998,-0.218729
0.220236,0.0586729,-1.53139,-2.25344e-17,-1.59006,-0.220236
0.221735,0.0581835,-1.53196,-2.23465e-17,-1.59015,-0.221735
0.223227,0.0576966,-1.53253,-2.21595e-17,-1.59023,-0.223227
0.224711,0.0572122,-1.5331,-2.19734e-17,-1.59031,-0.224711
0.226188,0.0567302,-1.53366,-2.17883e-17,-1.59039,-0.226188
0.227657,0.0562507,-1.53422,-2.16041e-17,-1.59047,-0.227657
0.229119,0.0557736,-1.53478,-2.14209e-17,-1.59055,-0.229119
0.230573,0.055299,-1.53534,-2.12386e-17,-1.59063,-0.230573
0.232019,0.0548269,-1.53589,-2.10573e-17,-1.59071,-0.232019
0.233458,0.0543572,-1.53644,-2.08769e-17,-1.59079,-0.233458
0.23489,0.05389,-1.53698,-2.06975e-17,-1.59087,-0.23489
0.236314,0.0534253,-1.53753,-2.0519e-17,-1.59095,-0.236314
0.23773,0.052963,-1.53807,-2.03414e-17,-1.59103,-0.23773
0.239139,0.0525032,-1.5386,-2.01648e-17,-1.59111,-0.239139
0.24054,0.0520459,-1.53914,-1.99892e-17,-1.59119,-0.24054
0.241933,0.0515911,-1.53967,-1.98145e-17,-1.59126,-0.241933
0.243319,0.0511387,-1.5402,-1.96408e-17,-1.59134,-0.243319
0.244698,0.0506888,-1.54073,-1.9468e-17,-1.59142,-0.244698
0.246068,0.0502414,-1.54125,-1.92961e-17,-1.59149,-0.246068
0.247432,0.0497965,-1.54177,-1.91253e-17,-1.59157,-0.247432
0.248787,0.049354,-1.54229,-1.89553e-17,-1.59164,-0.248787
0.250135,0.048914,-1.5428,-1.87863e-17,-1.59172,-0.250135
0.251476,0.0484765,-1.54331,-1.86183e-17,-1.59179,-0.251476
0.252809,0.0480414,-1.54382,-1.84512e-17,-1.59186,-0.252809
0.254134,0.0476089,-1.54433,-1.82851e-17,-1.59194,-0.254134
0.255452,0.0471788,-1.54483,-1.81199e-17,-1.59201,-0.255452
0.256762,0.0467512,-1.54533,-1.79557e-17,-1.59208,-0.256762
0.258064,0.0463261,-1.54583,-1.77924e-17,-1.59215,-0.258064
0.259359,0.0459034,-1.54632,-1.76301e-17,-1.59223,-0.259359
0.260647,0.0454832,-1.54681,-1.74687e-17,-1.5923,-0.260647
0.261927,0.0450655,-1.5473,-1.73082e-17,-1.59237,-0.261927
0.263199,0.0446503,-1.54779,-1.71488e-17,-1.59244,-0.263199
0.264463,0.0442375,-1.54827,-1.69902e-17,-1.59251,-0.264463
0.265721,0.0438272,-1.54875,-1.68327e-17,-1.59258,-0.265721
0.26697,0.0434194,-1.54923,-1.6676e-17,-1.59265,-0.26697
0.268212,0.043014,-1.5497,-1.65203e-17,-1.59272,-0.268212
0.269446,0.0426111,-1.55017,-1.63656e-17,-1.59278,-0.269446
0.270673,0.0422107,-1.55064,-1.62118e-17,-1.59285,-0.270673
0.271893,0.0418127,-1.55111,-1.6059e-17,-1.59292,-0.271893
0.273104,0.0414172,-1.55157,-1.59071e-17,-1.59299,-0.273104
0.274309,0.0410242,-1.55203,-1.57561e-17,-1.59305,-0.274309
0.275505,0.0406336,-1.55248,-1.56061e-17,-1.59312,-0.275505
0.276694,0.0402455,-1.55294,-1.5457e-17,-1.59318,-0.276694
0.277876,0.0398598,-1.55339,-1.53089e-17,-1.59325,-0.277876
0.27905,0.0394766,-1.55384,-1.51617e-17,-1.59331,-0.27905
0.280217,0.0390958,-1.55428,-1.50155e-17,-1.59338,-0.280217
0.281376,0.0387175,-1.55473,-1.48702e-17,-1.59344,-0.281376
0.282528,0.0383416,-1.55516,-1.47258e-17,-1.59351,-0.282528
0.283672,0.0379681,-1.5556,-1.45824e-17,-1.59357,-0.283672
0.284809,0.0375971,-1.55604,-1.44399e-17,-1.59363,-0.284809
0.285938,0.0372286,-1.55647,-1.42983e-17,-1.59369,-0.285938
0.28706,0.0368624,-1.55689,-1.41577e-17,-1.59376,-0.28706
0.288174,0.0364987,-1.55732,-1.4018e-17,-1.59382,-0.288174
0.289281,0.0361374,-1.55774,-1.38792e-17,-1.59388,-0.289281
0.29038,0.0357785,-1.55816,-1.37414e-17,-1.59394,-0.29038
0.291473,0.0354221,-1.55858,-1.36045e-17,-1.594,-0.291473
0.292557,0.0350681,-1.55899,-1.34685e-17,-1.59406,-0.292557
0.293635,0.0347164,-1.5594,-1.33335e-17,-1.59412,-0.293635
0.294705,0.0343672,-1.55981,-1.31994e-17,-1.59418,-0.294705
0.295767,0.0340204,-1.56022,-1.30662e-17,-1.59424,-0.295767
0.296822,0.033676,-1.56062,-1.29339e-17,-1.5943,-0.296822
0.29787,0.033334,-1.56102,-1.28025e-17,-1.59435,-0.29787
0.298911,0.0329943,-1.56142,-1.26721e-17,-1.59441,-0.298911
0.299944,0.0326571,-1.56181,-1.25426e-17,-1.59447,-0.299944
0.30097,0.0323222,-1.5622,-1.2414e-17,-1.59453,-0.30097
0.301989,0.0319898,-1.56259,-1.22863e-17,-1.59458,-0.301989
0.303,0.0316597,-1.56298,-1.21595e-17,-1.59464,-0.303
0.304004,0.0313319,-1.56336,-1.20336e-17,-1.59469,-0.304004
0.305001,0.0310065,-1.56374,-1.19086e-17,-1.59475,-0.305001
0.305991,0.0306835,-1.56412,-1.17846e-17,-1.5948,-0.305991
0.306973,0.0303628,-1.56449,-1.16614e-17,-1.59486,-0.306973
0.307949,0.0300445,-1.56487,-1.15392e-17,-1.59491,-0.307949
0.308917,0.0297285,-1.56524,-1.14178e-17,-1.59497,-0.308917
0.309878,0.0294149,-1.5656,-1.12973e-17,-1.59502,-0.309878
0.310832,0.0291036,-1.56597,-1.11778e-17,-1.59507,-0.310832
0.311778,0.0287946,-1.56633,-1.10591e-17,-1.59512,-0.311778
0.312718,0.0284879,-1.56669,-1.09413e-17,-1.59518,-0.312718
0.31365,0.0281835,-1.56704,-1.08244e-17,-1.59523,-0.31365
0.314576,0.0278815,-1.5674,-1.07084e-17,-1.59528,-0.314576
0.315494,0.0275817,-1.56775,-1.05933e-17,-1.59533,-0.315494
0.316406,0.0272843,-1.56809,-1.0479e-17,-1.59538,-0.316406
0.31731,0.0269891,-1.56844,-1.03657e-17,-1.59543,-0.31731
0.318207,0.0266962,-1.56878,-1.02532e-17,-1.59548,-0.318207
0.319098,0.0264056,-1.56912,-1.01416e-17,-1.59553,-0.319098
0.319981,0.0261172,-1.56946,-1.00308e-17,-1.59558,-0.319981
0.320858,0.0258312,-1.56979,-9.92093e-18,-1.59563,-0.320858
0.321727,0.0255473,-1.57013,-9.81192e-18,-1.59567,-0.321727
0.32259,0.0252657,-1.57046,-9.70378e-18,-1.59572,-0.32259
0.323446,0.0249864,-1.57078,-9.59649e-18,-1.59577,-0.323446
0.324295,0.0247093,-1.57111,-9.49006e-18,-1.59582,-0.324295
0.325137,0.0244344,-1.57143,-9.38448e-18,-1.59586,-0.325137
0.325973,0.0241617,-1.57175,-9.27976e-18,-1.59591,-0.325973
0.326801,0.0238913,-1.57206,-9.17589e-18,-1.59595,-0.326801
0.327623,0.023623,-1.57238,-9.07286e-18,-1.596,-0.327623
0.328438,0.023357,-1.57269,-8.97067e-18,-1.59604,-0.328438
0.329247,0.0230931,-1.573,-8.86933e-18,-1.59609,-0.329247
0.330049,0.0228314,-1.5733,-8.76882e-18,-1.59613,-0.330049
0.330844,0.0225719,-1.57361,-8.66914e-18,-1.59618,-0.330844
0.331632,0.0223145,-1.57391,-8.5703e-18,-1.59622,-0.331632
0.332414,0.0220593,-1.5742,-8.47228e-18,-1.59626,-0.332414
0.333189,0.0218062,-1.5745,-8.37509e-18,-1.59631,-0.333189
0.333958,0.0215553,-1.57479,-8.27872e-18,-1.59635,-0.333958
0.334721,0.0213065,-1.57509,-8.18316e-18,-1.59639,-0.334721
0.335476,0.0210598,-1.57537,-8.08842e-18,-1.59643,-0.335476
0.336226,0.0208153,-1.57566,-7.99449e-18,-1.59647,-0.336226
0.336969,0.0205728,-1.57594,-7.90137e-18,-1.59652,-0.336969
0.337705,0.0203324,-1.57622,-7.80905e-18,-1.59656,-0.337705
0.338435,0.0200941,-1.5765,-7.71753e-18,-1.5966,-0.338435
0.339159,0.0198579,-1.57678,-7.62681e-18,-1.59664,-0.339159
0.339876,0.0196238,-1.57705,-7.53688e-18,-1.59668,-0.339876
0.340587,0.0193917,-1.57732,-7.44773e-18,-1.59672,-0.340587
0.341292,0.0191616,-1.57759,-7.35938e-18,-1.59675,-0.341292
0.341991,0.0189336,-1.57786,-7.2718e-18,-1.59679,-0.341991
0.342683,0.0187076,-1.57812,-7.18501e-18,-1.59683,-0.342683
0.343369,0.0184836,-1.57839,-7.09898e-18,-1.59687,-0.343369
0.34405,0.0182617,-1.57865,-7.01373e-18,-1.59691,-0.34405
0.344723,0.0180417,-1.5789,-6.92925e-18,-1.59694,-0.344723
0.345391,0.0178237,-1.57916,-6.84552e-18,-1.59698,-0.345391
0.346053,0.0176077,-1.57941,-6.76256e-18,-1.59702,-0.346053
0.346709,0.0173936,-1.57966,-6.68034e-18,-1.59705,-0.346709
0.347359,0.0171815,-1.57991,-6.59888e-18,-1.59709,-0.347359
0.348003,0.0169714,-1.58015,-6.51817e-18,-1.59713,-0.348003
0.348641,0.0167631,-1.5804,-6.43819e-18,-1.59716,-0.348641
0.349273,0.0165568,-1.58064,-6.35896e-18,-1.5972,-0.349273
0.349899,0.0163524,-1.58088,-6.28045e-18,-1.59723,-0.349899
0.35052,0.0161499,-1.58112,-6.20268e-18,-1.59726,-0.35052
0.351134,0.0159493,-1.58135,-6.12563e-18,-1.5973,-0.351134
0.351743,0.0157506,-1.58158,-6.04929e-18,-1.59733,-0.351743
0.352346,0.0155537,-1.58181,-5.97368e-18,-1.59737,-0.352346
0.352944,0.0153586,-1.58204,-5.89878e-18,-1.5974,-0.352944
0.353536,0.0151655,-1.58227,-5.82458e-18,-1.59743,-0.353536
0.354122,0.0149741,-1.58249,-5.75108e-18,-1.59746,-0.354122
0.354703,0.0147846,-1.58271,-5.67829e-18,-1.5975,-0.354703
0.355278,0.0145968,-1.58293,-5.60618e-18,-1.59753,-0.355278
0.355848,0.0144109,-1.58315,-5.53477e-18,-1.59756,-0.355848
0.356412,0.0142267,-1.58336,-5.46404e-18,-1.59759,-0.356412
0.356971,0.0140443,-1.58358,-5.39399e-18,-1.59762,-0.356971
0.357524,0.0138637,-1.58379,-5.32461e-18,-1.59765,-0.357524
0.358072,0.0136848,-1.584,-5.25591e-18,-1.59768,-0.358072
0.358615,0.0135077,-1.5842,-5.18787e-18,-1.59771,-0.358615
0.359152,0.0133322,-1.58441,-5.1205e-18,-1.59774,-0.359152
0.359685,0.0131585,-1.58461,-5.05378e-18,-1.59777,-0.359685
0.360212,0.0129865,-1.58481,-4.98772e-18,-1.5978,-0.360212
0.360734,0.0128162,-1.58501,-4.92231e-18,-1.59783,-0.360734
0.36125,0.0126476,-1.58521,-4.85754e-18,-1.59786,-0.36125
0.361762,0.0124806,-1.58541,-4.79342e-18,-1.59789,-0.361762
0.362268,0.0123153,-1.5856,-4.72993e-18,-1.59791,-0.362268
0.36277,0.0121517,-1.58579,-4.66708e-18,-1.59794,-0.36277
0.363266,0.0119897,-1.58598,-4.60485e-18,-1.59797,-0.363266
0.363757,0.0118293,-1.58617,-4.54325e-18,-1.598,-0.363757
0.364244,0.0116705,-1.58635,-4.48226e-18,-1.59802,-0.364244
0.364725,0.0115133,-1.58654,-4.4219e-18,-1.59805,-0.364725
0.365202,0.0113577,-1.58672,-4.36214e-18,-1.59808,-0.365202
0.365674,0.0112037,-1.5869,-4.303e-18,-1.5981,-0.365674
0.366141,0.0110513,-1.58708,-4.24446e-18,-1.59813,-0.366141
0.366603,0.0109004,-1.58725,-4.18651e-18,-1.59815,-0.366603
0.367061,0.0107511,-1.58743,-4.12916e-18,-1.59818,-0.367061
0.367513,0.0106033,-1.5876,-4.07241e-18,-1.5982,-0.367513
0.367962,0.0104571,-1.58777,-4.01624e-18,-1.59823,-0.367962
0.368405,0.0103123,-1.58794,-3.96065e-18,-1.59825,-0.368405
0.368844,0.0101691,-1.58811,-3.90564e-18,-1.59828,-0.368844
0.369278,0.0100274,-1.58827,-3.85121e-18,-1.5983,-0.369278
0.369708,0.00988716,-1.58844,-3.79735e-18,-1.59833,-0.369708
0.370133,0.0097484,-1.5886,-3.74405e-18,-1.59835,-0.370133
0.370554,0.0096111,-1.58876,-3.69132e-18,-1.59837,-0.370554
0.37097,0.00947525,-1.58892,-3.63915e-18,-1.5984,-0.37097
0.371381,0.00934086,-1.58908,-3.58753e-18,-1.59842,-0.371381
0.371789,0.00920789,-1.58923,-3.53646e-18,-1.59844,-0.371789
0.372192,0.00907636,-1.58939,-3.48594e-18,-1.59846,-0.372192
0.372591,0.00894623,-1.58954,-3.43597e-18,-1.59848,-0.372591
0.372985,0.00881751,-1.58969,-3.38653e-18,-1.59851,-0.372985
0.373375,0.00869019,-1.58984,-3.33763e-18,-1.59853,-0.373375
0.373761,0.00856425,-1.58999,-3.28926e-18,-1.59855,-0.373761
0.374143,0.00843968,-1.59013,-3.24142e-18,-1.59857,-0.374143
0.37452,0.00831648,-1.59028,-3.1941e-18,-1.59859,-0.37452
0.374893,0.00819463,-1.59042,-3.1473e-18,-1.59861,-0.374893
0.375263,0.00807412,-1.59056,-3.10102e-18,-1.59863,-0.375263
0.375628,0.00795495,-1.5907,-3.05525e-18,-1.59865,-0.375628
0.375989,0.0078371,-1.59084,-3.00999e-18,-1.59867,-0.375989
0.376346,0.00772057,-1.59097,-2.96523e-18,-1.59869,-0.376346
0.376699,0.00760534,-1.59111,-2.92097e-18,-1.59871,-0.376699
0.377048,0.00749141,-1.59124,-2.87721e-18,-1.59873,-0.377048
0.377393,0.00737876,-1.59137,-2.83395e-18,-1.59875,-0.377393
0.377734,0.00726738,-1.5915,-2.79117e-18,-1.59877,-0.377734
0.378072,0.00715727,-1.59163,-2.74888e-18,-1.59879,-0.378072
0.378405,0.00704842,-1.59176,-2.70708e-18,-1.59881,-0.378405
0.378735,0.00694082,-1.59188,-2.66575e-18,-1.59882,-0.378735
0.379061,0.00683445,-1.59201,-2.6249e-18,-1.59884,-0.379061
0.379383,0.00672931,-1.59213,-2.58452e-18,-1.59886,-0.379383
0.379701,0.00662538,-1.59225,-2.5446e-18,-1.59888,-0.379701
0.380016,0.00652267,-1.59237,-2.50515e-18,-1.5989,-0.380016
0.380327,0.00642115,-1.59249,-2.46616e-18,-1.59891,-0.380327
0.380634,0.00632082,-1.59261,-2.42763e-18,-1.59893,-0.380634
0.380938,0.00622168,-1.59272,-2.38955e-18,-1.59895,-0.380938
0.381238,0.0061237,-1.59284,-2.35192e-18,-1.59896,-0.381238
0.381535,0.00602689,-1.59295,-2.31474e-18,-1.59898,-0.381535
0.381828,0.00593123,-1.59306,-2.278e-18,-1.599,-0.381828
0.382118,0.00583671,-1.59317,-2.2417e-18,-1.59901,-0.382118
0.382404,0.00574333,-1.59328,-2.20583e-18,-1.59903,-0.382404
0.382686,0.00565107,-1.59339,-2.1704e-18,-1.59904,-0.382686
0.382966,0.00555993,-1.5935,-2.13539e-18,-1.59906,-0.382966
0.383242,0.00546989,-1.5936,-2.10081e-18,-1.59907,-0.383242
0.383514,0.00538095,-1.59371,-2.06666e-18,-1.59909,-0.383514
0.383783,0.0052931,-1.59381,-2.03292e-18,-1.5991,-0.383783
0.384049,0.00520634,-1.59391,-1.99959e-18,-1.59912,-0.384049
0.384312,0.00512064,-1.59401,-1.96668e-18,-1.59913,-0.384312
0.384571,0.005036,-1.59411,-1.93417e-18,-1.59915,-0.384571
0.384827,0.00495242,-1.59421,-1.90207e-18,-1.59916,-0.384827
0.38508,0.00486989,-1.59431,-1.87037e-18,-1.59918,-0.38508
0.38533,0.00478839,-1.5944,-1.83907e-18,-1.59919,-0.38533
0.385576,0.00470791,-1.59449,-1.80816e-18,-1.5992,-0.385576
0.38582,0.00462846,-1.59459,-1.77765e-18,-1.59922,-0.38582
0.38606,0.00455001,-1.59468,-1.74752e-18,-1.59923,-0.38606
0.386297,0.00447257,-1.59477,-1.71777e-18,-1.59924,-0.386297
0.386531,0.00439612,-1.59486,-1.68841e-18,-1.59926,-0.386531
0.386763,0.00432066,-1.59495,-1.65943e-18,-1.59927,-0.386763
0.386991,0.00424617,-1.59503,-1.63082e-18,-1.59928,-0.386991
0.387216,0.00417264,-1.59512,-1.60258e-18,-1.59929,-0.387216
0.387438,0.00410008,-1.59521,-1.57471e-18,-1.59931,-0.387438
0.387658,0.00402847,-1.59529,-1.54721e-18,-1.59932,-0.387658
0.387874,0.0039578,-1.59537,-1.52007e-18,-1.59933,-0.387874
0.388088,0.00388806,-1.59545,-1.49328e-18,-1.59934,-0.388088
0.388299,0.00381925,-1.59553,-1.46685e-18,-1.59935,-0.388299
0.388507,0.00375135,-1.59561,-1.44078e-18,-1.59936,-0.388507
0.388712,0.00368437,-1.59569,-1.41505e-18,-1.59938,-0.388712
0.388915,0.00361829,-1.59577,-1.38967e-18,-1.59939,-0.388915
0.389114,0.0035531,-1.59585,-1.36463e-18,-1.5994,-0.389114
0.389311,0.00348879,-1.59592,-1.33994e-18,-1.59941,-0.389311
0.389506,0.00342536,-1.59599,-1.31557e-18,-1.59942,-0.389506
0.389697,0.0033628,-1.59607,-1.29155e-18,-1.59943,-0.389697
0.389886,0.00330111,-1.59614,-1.26785e-18,-1.59944,-0.389886
0.390073,0.00324026,-1.59621,-1.24448e-18,-1.59945,-0.390073
0.390257,0.00318026,-1.59628,-1.22144e-18,-1.59946,-0.390257
0.390438,0.0031211,-1.59635,-1.19872e-18,-1.59947,-0.390438
0.390617,0.00306276,-1.59642,-1.17631e-18,-1.59948,-0.390617
0.390793,0.00300525,-1.59649,-1.15422e-18,-1.59949,-0.390793
0.390967,0.00294855,-1.59655,-1.13245e-18,-1.5995,-0.390967
0.391138,0.00289266,-1.59662,-1.11098e-18,-1.59951,-0.391138
0.391307,0.00283757,-1.59668,-1.08982e-18,-1.59952,-0.391307
0.391473,0.00278326,-1.59675,-1.06896e-18,-1.59953,-0.391473
0.391637,0.00272974,-1.59681,-1.04841e-18,-1.59954,-0.391637
0.391799,0.002677,-1.59687,-1.02815e-18,-1.59955,-0.391799
0.391958,0.00262502,-1.59693,-1.00819e-18,-1.59956,-0.391958
0.392115,0.00257381,-1.59699,-9.88519e-19,-1.59956,-0.392115
0.392269,0.00252335,-1.59705,-9.69138e-19,-1.59957,-0.392269
0.392422,0.00247363,-1.59711,-9.50044e-19,-1.59958,-0.392422
0.392572,0.00242465,-1.59716,-9.31233e-19,-1.59959,-0.392572
0.39272,0.00237641,-1.59722,-9.12703e-19,-1.5996,-0.39272
0.392865,0.00232888,-1.59728,-8.94451e-19,-1.59961,-0.392865
0.393009,0.00228208,-1.59733,-8.76474e-19,-1.59961,-0.393009
0.39315,0.00223598,-1.59739,-8.58769e-19,-1.59962,-0.39315
0.393289,0.00219058,-1.59744,-8.41334e-19,-1.59963,-0.393289
0.393426,0.00214588,-1.59749,-8.24166e-19,-1.59964,-0.393426
0.393561,0.00210187,-1.59754,-8.07262e-19,-1.59964,-0.393561
0.393693,0.00205854,-1.59759,-7.90619e-19,-1.59965,-0.393693
0.393824,0.00201588,-1.59764,-7.74235e-19,-1.59966,-0.393824
0.393953,0.00197388,-1.59769,-7.58107e-19,-1.59967,-0.393953
0.394079,0.00193255,-1.59774,-7.42232e-19,-1.59967,-0.394079
0.394204,0.00189187,-1.59779,-7.26608e-19,-1.59968,-0.394204
0.394327,0.00185184,-1.59783,-7.11232e-19,-1.59969,-0.394327
0.394447,0.00181244,-1.59788,-6.96102e-19,-1.59969,-0.394447
0.394566,0.00177368,-1.59793,-6.81214e-19,-1.5997,-0.394566
0.394683,0.00173554,-1.59797,-6.66566e-19,-1.59971,-0.394683
0.394798,0.00169802,-1.59801,-6.52156e-19,-1.59971,-0.394798
0.394911,0.00166111,-1.59806,-6.3798e-19,-1.59972,-0.394911
0.395022,0.00162481,-1.5981,-6.24038e-19,-1.59972,-0.395022
0.395132,0.0015891,-1.59814,-6.10324e-19,-1.59973,-0.395132
0.395239,0.00155399,-1.59818,-5.96839e-19,-1.59974,-0.395239
0.395345,0.00151946,-1.59822,-5.83578e-19,-1.59974,-0.395345
0.395449,0.00148551,-1.59826,-5.70539e-19,-1.59975,-0.395449
0.395551,0.00145214,-1.5983,-5.5772e-19,-1.59975,-0.395551
0.395652,0.00141932,-1.59834,-5.45118e-19,-1.59976,-0.395652
0.395751,0.00138707,-1.59838,-5.32731e-19,-1.59977,-0.395751
0.395848,0.00135537,-1.59842,-5.20556e-19,-1.59977,-0.395848
0.395943,0.00132422,-1.59845,-5.08592e-19,-1.59978,-0.395943
0.396037,0.00129361,-1.59849,-4.96835e-19,-1.59978,-0.396037
0.396129,0.00126353,-1.59852,-4.85282e-19,-1.59979,-0.396129
0.39622,0.00123398,-1.59856,-4.73933e-19,-1.59979,-0.39622
0.396309,0.00120495,-1.59859,-4.62784e-19,-1.5998,-0.396309
0.396396,0.00117644,-1.59862,-4.51832e-19,-1.5998,-0.396396
0.396482,0.00114843,-1.59866,-4.41077e-19,-1.59981,-0.396482
0.396566,0.00112093,-1.59869,-4.30514e-19,-1.59981,-0.396566
0.396649,0.00109393,-1.59872,-4.20143e-19,-1.59981,-0.396649
0.39673,0.00106741,-1.59875,-4.0996e-19,-1.59982,-0.39673
0.39681,0.00104138,-1.59878,-3.99963e-19,-1.59982,-0.39681
0.396888,0.00101583,-1.59881,-3.9015e-19,-1.59983,-0.396888
0.396965,0.000990758,-1.59884,-3.80519e-19,-1.59983,-0.396965
0.39704,0.000966149,-1.59887,-3.71067e-19,-1.59984,-0.39704
0.397114,0.000942001,-1.5989,-3.61793e-19,-1.59984,-0.397114
0.397187,0.000918309,-1.59893,-3.52694e-19,-1.59984,-0.397187
0.397258,0.000895066,-1.59895,-3.43767e-19,-1.59985,-0.397258
0.397328,0.000872268,-1.59898,-3.35011e-19,-1.59985,-0.397328
0.397396,0.000849909,-1.59901,-3.26423e-19,-1.59986,-0.397396
0.397464,0.000827982,-1.59903,-3.18002e-19,-1.59986,-0.397464
0.39753,0.000806482,-1.59906,-3.09744e-19,-1.59986,-0.39753
0.397594,0.000785404,-1.59908,-3.01649e-19,-1.59987,-0.397594
0.397657,0.000764741,-1.59911,-2.93713e-19,-1.59987,-0.397657
0.397719,0.00074449,-1.59913,-2.85935e-19,-1.59987,-0.397719
0.39778,0.000724643,-1.59915,-2.78313e-19,-1.59988,-0.39778
0.39784,0.000705196,-1.59918,-2.70844e-19,-1.59988,-0.39784
0.397898,0.000686143,-1.5992,-2.63526e-19,-1.59988,-0.397898
0.397955,0.000667479,-1.59922,-2.56358e-19,-1.59989,-0.397955
0.398011,0.000649199,-1.59924,-2.49337e-19,-1.59989,-0.398011
0.398066,0.000631296,-1.59926,-2.42461e-19,-1.59989,-0.398066
0.39812,0.000613767,-1.59928,-2.35729e-19,-1.5999,-0.39812
0.398173,0.000596605,-1.5993,-2.29137e-19,-1.5999,-0.398173
0.398224,0.000579806,-1.59932,-2.22685e-19,-1.5999,-0.398224
0.398274,0.000563365,-1.59934,-2.16371e-19,-1.5999,-0.398274
0.398324,0.000547275,-1.59936,-2.10191e-19,-1.59991,-0.398324
0.398372,0.000531533,-1.59938,-2.04145e-19,-1.59991,-0.398372
0.398419,0.000516134,-1.5994,-1.98231e-19,-1.59991,-0.398419
0.398465,0.000501071,-1.59941,-1.92446e-19,-1.59992,-0.398465
0.39851,0.000486341,-1.59943,-1.86788e-19,-1.59992,-0.39851
0.398555,0.000471938,-1.59945,-1.81256e-19,-1.59992,-0.398555
0.398598,0.000457857,-1.59946,-1.75849e-19,-1.59992,-0.398598
0.39864,0.000444094,-1.59948,-1.70563e-19,-1.59992,-0.39864
0.398681,0.000430644,-1.5995,-1.65397e-19,-1.59993,-0.398681
0.398721,0.000417502,-1.59951,-1.60349e-19,-1.59993,-0.398721
0.398761,0.000404663,-1.59953,-1.55418e-19,-1.59993,-0.398761
0.398799,0.000392123,-1.59954,-1.50602e-19,-1.59993,-0.398799
0.398837,0.000379877,-1.59956,-1.45899e-19,-1.59994,-0.398837
0.398873,0.000367919,-1.59957,-1.41306e-19,-1.59994,-0.398873
0.398909,0.000356247,-1.59958,-1.36823e-19,-1.59994,-0.398909
0.398944,0.000344855,-1.5996,-1.32448e-19,-1.59994,-0.398944
0.398978,0.000333738,-1.59961,-1.28178e-19,-1.59994,-0.398978
0.399011,0.000322893,-1.59962,-1.24013e-19,-1.59995,-0.399011
0.399044,0.000312314,-1.59963,-1.1995e-19,-1.59995,-0.399044
0.399075,0.000301997,-1.59965,-1.15988e-19,-1.59995,-0.399075
0.399106,0.000291939,-1.59966,-1.12125e-19,-1.59995,-0.399106
0.399136,0.000282134,-1.59967,-1.08359e-19,-1.59995,-0.399136
0.399165,0.000272578,-1.59968,-1.04689e-19,-1.59995,-0.399165
0.399194,0.000263267,-1.59969,-1.01113e-19,-1.59996,-0.399194
0.399222,0.000254198,-1.5997,-9.76293e-20,-1.59996,-0.399222
0.399249,0.000245364,-1.59971,-9.42367e-20,-1.59996,-0.399249
0.399275,0.000236763,-1.59972,-9.09334e-20,-1.59996,-0.399275
0.399301,0.000228391,-1.59973,-8.77178e-20,-1.59996,-0.399301
0.399326,0.000220243,-1.59974,-8.45883e-20,-1.59996,-0.399326
0.39935,0.000212315,-1.59975,-8.15434e-20,-1.59996,-0.39935
0.399374,0.000204603,-1.59976,-7.85815e-20,-1.59997,-0.399374
0.399397,0.000197103,-1.59977,-7.57012e-20,-1.59997,-0.399397
0.399419,0.000189812,-1.59978,-7.29008e-20,-1.59997,-0.399419
0.399441,0.000182725,-1.59979,-7.0179e-20,-1.59997,-0.399441
0.399462,0.000175839,-1.59979,-6.75342e-20,-1.59997,-0.399462
0.399482,0.000169149,-1.5998,-6.4965e-20,-1.59997,-0.399482
0.399502,0.000162653,-1.59981,-6.24699e-20,-1.59997,-0.399502
0.399521,0.000156346,-1.59982,-6.00474e-20,-1.59997,-0.399521
0.39954,0.000150224,-1.59982,-5.76963e-20,-1.59997,-0.39954
0.399558,0.000144284,-1.59983,-5.54149e-20,-1.59998,-0.399558
0.399576,0.000138522,-1.59984,-5.3202e-20,-1.59998,-0.399576
0.399593,0.000132935,-1.59984,-5.10561e-20,-1.59998,-0.399593
0.39961,0.000127519,-1.59985,-4.8976e-20,-1.59998,-0.39961
0.399626,0.00012227,-1.59986,-4.69601e-20,-1.59998,-0.399626
0.399641,0.000117186,-1.59986,-4.50073e-20,-1.59998,-0.399641
0.399657,0.000112262,-1.59987,-4.31161e-20,-1.59998,-0.399657
0.399671,0.000107495,-1.59987,-4.12853e-20,-1.59998,-0.399671
0.399685,0.000102882,-1.59988,-3.95136e-20,-1.59998,-0.399685
0.399699,9.84189e-05,-1.59989,-3.77996e-20,-1.59998,-0.399699
0.399712,9.41033e-05,-1.59989,-3.61421e-20,-1.59998,-0.399712
0.399725,8.99316e-05,-1.5999,-3.45399e-20,-1.59998,-0.399725
0.399737,8.59005e-05,-1.5999,-3.29917e-20,-1.59999,-0.399737
0.399749,8.20068e-05,-1.5999,-3.14963e-20,-1.59999,-0.399749
0.399761,7.82474e-05,-1.59991,-3.00524e-20,-1.59999,-0.399761
0.399772,7.46192e-05,-1.59991,-2.86589e-20,-1.59999,-0.399772
0.399783,7.1119e-05,-1.59992,-2.73146e-20,-1.59999,-0.399783
0.399793,6.77438e-05,-1.59992,-2.60183e-20,-1.59999,-0.399793
0.399803,6.44906e-05,-1.59992,-2.47688e-20,-1.59999,-0.399803
0.399812,6.13564e-05,-1.59993,-2.35651e-20,-1.59999,-0.399812
0.399822,5.83383e-05,-1.59993,-2.24059e-20,-1.59999,-0.399822
0.399831,5.54334e-05,-1.59994,-2.12902e-20,-1.59999,-0.399831
0.399839,5.26388e-05,-1.59994,-2.02169e-20,-1.59999,-0.399839
0.399847,4.99516e-05,-1.59994,-1.91849e-20,-1.59999,-0.399847
0.399855,4.73692e-05,-1.59994,-1.8193e-20,-1.59999,-0.399855
0.399863,4.48887e-05,-1.59995,-1.72403e-20,-1.59999,-0.399863
0.39987,4.25074e-05,-1.59995,-1.63258e-20,-1.59999,-0.39987
0.399877,4.02227e-05,-1.59995,-1.54483e-20,-1.59999,-0.399877
0.399884,3.80319e-05,-1.59996,-1.46068e-20,-1.59999,-0.399884
0.39989,3.59323e-05,-1.59996,-1.38005e-20,-1.59999,-0.39989
0.399897,3.39215e-05,-1.59996,-1.30282e-20,-1.59999,-0.399897
0.399902,3.19968e-05,-1.59996,-1.2289e-20,-1.59999,-0.399902
0.399908,3.01558e-05,-1.59996,-1.15819e-20,-1.59999,-0.399908
0.399913,2.8396e-05,-1.59997,-1.0906e-20,-1.6,-0.399913
0.399919,2.67151e-05,-1.59997,-1.02604e-20,-1.6,-0.399919
0.399924,2.51105e-05,-1.59997,-9.64416e-21,-1.6,-0.399924
0.399928,2.358e-05,-1.59997,-9.05634e-21,-1.6,-0.399928
0.399933,2.21212e-05,-1.59997,-8.49608e-21,-1.6,-0.399933
0.399937,2.0732e-05,-1.59998,-7.96249e-21,-1.6,-0.399937
0.399941,1.94099e-05,-1.59998,-7.45473e-21,-1.6,-0.399941
0.399945,1.81528e-05,-1.59998,-6.97193e-21,-1.6,-0.399945
0.399949,1.69586e-05,-1.59998,-6.51328e-21,-1.6,-0.399949
0.399952,1.58251e-05,-1.59998,-6.07794e-21,-1.6,-0.399952
0.399955,1.47503e-05,-1.59998,-5.66513e-21,-1.6,-0.399955
0.399958,1.3732e-05,-1.59998,-5.27404e-21,-1.6,-0.399958
0.399961,1.27683e-05,-1.59999,-4.9039e-21,-1.6,-0.399961
0.399964,1.18571e-05,-1.59999,-4.55395e-21,-1.6,-0.399964
0.399967,1.09966e-05,-1.59999,-4.22344e-21,-1.6,-0.399967
0.399969,1.01848e-05,-1.59999,-3.91165e-21,-1.6,-0.399969
0.399972,9.41976e-06,-1.59999,-3.61783e-21,-1.6,-0.399972
0.399974,8.69977e-06,-1.59999,-3.34131e-21,-1.6,-0.399974
0.399976,8.02297e-06,-1.59999,-3.08137e-21,-1.6,-0.399976
0.399978,7.38761e-06,-1.59999,-2.83735e-21,-1.6,-0.399978
0.39998,6.79196e-06,-1.59999,-2.60858e-21,-1.6,-0.39998
0.399981,6.23433e-06,-1.59999,-2.39441e-21,-1.6,-0.399981
0.399983,5.71307e-06,-1.59999,-2.19421e-21,-1.6,-0.399983
0.399984,5.22656e-06,-1.59999,-2.00736e-21,-1.6,-0.399984
0.399986,4.77322e-06,-1.59999,-1.83324e-21,-1.6,-0.399986
0.399987,4.35151e-06,-1.6,-1.67128e-21,-1.6,-0.399987
0.399988,3.95992e-06,-1.6,-1.52088e-21,-1.6,-0.399988
0.399989,3.59698e-06,-1.6,-1.38149e-21,-1.6,-0.399989
0.39999,3.26127e-06,-1.6,-1.25255e-21,-1.6,-0.39999
0.399991,2.95138e-06,-1.6,-1.13353e-21,-1.6,-0.399991
0.399992,2.66595e-06,-1.6,-1.02391e-21,-1.6,-0.399992
0.399993,2.40367e-06,-1.6,-9.23173e-22,-1.6,-0.399993
0.399994,2.16324e-06,-1.6,-8.30832e-22,-1.6,-0.399994
0.399995,1.94342e-06,-1.6,-7.46407e-22,-1.6,-0.399995
0.399995,1.743e-06,-1.6,-6.69431e-22,-1.6,-0.399995
0.399996,1.56079e-06,-1.6,-5.99452e-22,-1.6,-0.399996
0.399996,1.39567e-06,-1.6,-5.36034e-22,-1.6,-0.399996
0.399997,1.24653e-06,-1.6,-4.78753e-22,-1.6,-0.399997
0.399997,1.1123e-06,-1.6,-4.27201e-22,-1.6,-0.399997
